SearchIndex;TargetTitle;SplayTimeNS;AvlTimeNS;RBTimeNS
1;Minha Sombria Vanessa;19535;56181;103522
2;Não se humilha, não;2335;1963;2698
3;O Testamento de São João;1260;2034;2334
4;A Guerra Pela Uber;1137;1457;2109
5;M, o Filho do Século;969;1578;2097
6;Os Sete Últimos Meses de Anne Frank;989;1557;2066
7;A Guerra Pela Uber;847;1213;1968
8;M, o Filho do Século;770;1271;2213
9;Não se humilha, não;741;1202;2016
10;Baby Shark!;956;1240;2326
11;Minha Sombria Vanessa;742;1175;2108
12;A Guerra Pela Uber;757;1123;2011
13;M, o Filho do Século;786;1194;2032
14;Os segredos que guardamos;767;1166;2085
15;Recursão;830;1251;2176
16;Os segredos que guardamos;795;1194;1978
17;Manhã de Núpcias;815;1736;2118
18;Orçamento sem falhas;949;1606;2026
19;Os segredos que guardamos;730;1580;1998
20;Oblivion Song: Entre Dois Mundos;738;1415;1998
21;Minha Sombria Vanessa;742;1436;1955
22;Os segredos que guardamos;741;1506;1945
23;M, o Filho do Século;734;1477;2026
24;Oblivion Song: Entre Dois Mundos;763;1472;2051
25;M, o Filho do Século;754;1405;2066
26;M, o Filho do Século;773;1259;2023
27;Minha Sombria Vanessa;750;1202;2029
28;Não se humilha, não;776;1142;4236
29;Orçamento sem falhas;778;1106;1981
30;Baby Shark!;802;1396;2041
31;A Guerra Pela Uber;731;1235;2222
32;Não se humilha, não;723;1681;3435
33;Recursão;789;1660;2258
34;Os segredos que guardamos;734;1553;2065
35;Os segredos que guardamos;751;1582;2214
36;Não se humilha, não;738;1414;2167
37;A Guerra Pela Uber;750;1568;2036
38;Cidade nas Trevas;722;1460;2050
39;Consiga o que você quer;753;1481;2089
40;Oblivion Song: Entre Dois Mundos;734;1386;1992
41;M, o Filho do Século;729;1346;1963
42;A Viagem de Cilka;735;1515;2205
43;M, o Filho do Século;763;1421;4891
44;A Guerra Pela Uber;721;1389;2441
45;Oblivion Song: Entre Dois Mundos;747;1481;2216
46;Baby Shark!;741;1492;2310
47;Minha Sombria Vanessa;750;1423;2218
48;Não se humilha, não;723;1489;2240
49;Não se humilha, não;737;1450;2100
50;Orçamento sem falhas;710;1452;2201
51;Recursão;775;1544;2156
52;O Laço cor-de-rosa;746;1865;2310
53;Oblivion Song: Entre Dois Mundos;752;1447;2172
54;Cidade nas Trevas;778;1620;2255
55;M, o Filho do Século;745;3644;2011
56;Orçamento sem falhas;725;1561;2038
57;Orçamento sem falhas;743;1424;2060
58;M, o Filho do Século;725;1457;2116
59;Oblivion Song: Entre Dois Mundos;741;1451;1973
60;Oblivion Song: Entre Dois Mundos;759;1334;2025
61;Cidade nas Trevas;743;3192;1974
62;Não se humilha, não;1494538;1532;2037
63;Mudança de Planos;4340;1484;2184
64;Os segredos que guardamos;802;3730;1978
65;Orçamento sem falhas;719;1491;2045
66;Os segredos que guardamos;385;1450;2041
67;Cidade nas Trevas;489;1370;2038
68;Não se humilha, não;455;1598;2004
69;Não se humilha, não;548;1335;1994
70;Os segredos que guardamos;505;1313;1938
71;Cidade nas Trevas;410;1360;2816
72;Não se humilha, não;467;1632;2079
73;Orçamento sem falhas;478;1444;2134
74;Minha Sombria Vanessa;418;1325;1946
75;Baby Shark!;725;1365;2968
76;Box Coleção Ditadura;615;1554;2095
77;Apenas Um Garoto;643;1482;2096
78;M, o Filho do Século;611;1373;2109
79;Dunkirk;761;1746;2291
80;Não se humilha, não;494;1491;2006
81;M, o Filho do Século;513;1452;2080
82;Baby Shark!;686;1467;2142
83;A Guerra Pela Uber;570;1457;1989
84;Eu, Safya;529;1550;2115
85;Coleção Dona de Casa do Século XXI - volume 3;444;1679;2195
86;Cidade nas Trevas;513;1424;2840
87;Oblivion Song: Entre Dois Mundos;406;1616;2008
88;Dono do Próprio Nariz;362;1700;2113
89;Como Fazer Alguém Se Apaixonar por Você em Até 90 Minutos. Pocket;555;1746;2280
90;Recursão;395;1477;2020
91;616: Tudo é Inferno;102716;8319;8502
92;Lições de Estratégia;1469;1656;2120
93;M, o Filho do Século;632;1473;1899
94;Não se humilha, não;572;1454;1950
95;A Guerra Pela Uber;505;1694;2079
96;Assassin's Creed: Submundo;666;1553;2209
97;Recursão;619;1456;2072
98;Orçamento sem falhas;589;1494;2027
99;M, o Filho do Século;556;1393;1938
100;M, o Filho do Século;607;1479;2057
101;Não se humilha, não;547;1471;2078
102;A Guerra Pela Uber;613;1354;1995
103;Recursão;628;1408;2036
104;Um Corpo na Biblioteca;636;1388;2119
105;Cidade nas Trevas;546;1386;2136
106;A Balada de Lucy Whipple;681;1413;2080
107;Orçamento sem falhas;612;1354;2056
108;Os segredos que guardamos;554;1396;2307
109;Um novo jeito de trabalhar;682;1457;2338
110;Oblivion Song: Entre Dois Mundos;578;1307;2107
111;Onde os sonhos acontecem;638;1566;2185
112;Com Amor, Simon;679;1459;2285
113;Interligados;663;1683;2478
114;Oblivion Song: Entre Dois Mundos;647;1425;3063
115;Cidade nas Trevas;538;1452;2575
116;Amanhã Eu Paro!;828;1555;2377
117;Tô Frito;681;1489;2310
118;M, o Filho do Século;603;1343;3067
119;Recursão;572;1480;2271
120;Minha Sombria Vanessa;670;2054;2218
121;M, o Filho do Século;492;1386;2118
122;Cidade nas Trevas;583;1398;2002
123;A Ditadura Acabada;605;1806;2093
124;Minha Sombria Vanessa;569;1526;2065
125;Baby Shark!;631;1413;2077
126;M, o Filho do Século;550;2373;2051
127;Baby Shark!;568;1528;2066
128;Baby Shark!;4139;59472;69936
129;Muitas Vidas, Muitos Mestres;733;3439;3925
130;M, o Filho do Século;629;1731;2281
131;Os segredos que guardamos;596;1651;2075
132;O Gosto do pecado;662;1961;2230
133;Orçamento sem falhas;549;1614;2058
134;Não se humilha, não;558;1665;1987
135;Recursão;477;1470;2107
136;A Guerra Pela Uber;626;1583;2027
137;Os segredos que guardamos;610;1488;2028
138;Oblivion Song: Entre Dois Mundos;526;1536;1971
139;Minha Sombria Vanessa;545;1572;2217
140;Recursão;709;1577;2248
141;Cidade nas Trevas;497;1373;2162
142;Baby Shark!;544;1431;2422
143;A Guerra Pela Uber;547;1426;2311
144;Os Gângsteres Mais Perversos da História;620;1464;2521
145;Grande Fala do Índio Guarani e Catedral de Colônia;676;1616;2491
146;Não se humilha, não;543;1648;2155
147;Orçamento sem falhas;581;1620;2027
148;Os segredos que guardamos;575;1692;2237
149;Anne da Ilha;624;1735;2568
150;Amanhã Eu Paro!;559;1722;2275
151;Recursão;503;1549;2128
152;Cidade nas Trevas;565;1498;2046
153;Os segredos que guardamos;564;1503;2242
154;Um milagre em equilíbrio;660;1671;2161
155;Oblivion Song: Entre Dois Mundos;543;1381;2248
156;Essencialismo;769;1634;3923
157;M, o Filho do Século;530;1419;2160
158;Baby Shark!;569;1441;2156
159;A Guerra Pela Uber;531;1266;1840
160;M, o Filho do Século;576;1384;2934
161;Recursão;607;1485;2201
162;Os segredos que guardamos;632;1565;2005
163;Baby Shark!;629;1436;2309
164;Não se humilha, não;623;1484;2232
165;A Guerra Pela Uber;607;1442;2163
166;Sociedades Secretas;692;1609;2354
167;Recursão;557;1598;2267
168;Baby Shark!;566;1552;2241
169;Baby Shark!;551;1462;2204
170;Oblivion Song: Entre Dois Mundos;599;1528;2128
171;Oblivion Song: Entre Dois Mundos;539;1405;3104
172;Orçamento sem falhas;587;1502;2137
173;Os segredos que guardamos;491;1470;2115
174;Cidade nas Trevas;539;1430;2042
175;Baby Shark!;451;1582;2193
176;Minha Sombria Vanessa;614;1606;2094
177;Os 27 Desafios Que Todo Chefe Deve Enfrentar;602;1528;2458
178;Recursão;619;1528;2215
179;Oblivion Song: Entre Dois Mundos;537;1492;2193
180;Os segredos que guardamos;526;1383;2189
181;Minha Sombria Vanessa;519;1534;2193
182;M, o Filho do Século;1654;1482;2186
183;Recursão;622;1493;2864
184;Não se humilha, não;563;2564;3660
185;Recursão;561;1529;2691
186;As Mulheres do Castelo;647;1555;2414
187;Queria ver você feliz;669;1509;2532
188;Os segredos que guardamos;585;1377;2041
189;Minha Sombria Vanessa;465;1308;2212
190;A Guerra Pela Uber;491;2559;2861
191;Os segredos que guardamos;566;1423;2478
192;Recursão;732;1511;2593
193;Orçamento sem falhas;500;2363;2233
194;Não se humilha, não;624;1492;2400
195;Baby Shark!;581;1418;2408
196;Os segredos que guardamos;662;1450;2353
197;Belgravia;694;1735;2494
198;Ainda somos uma família;775;1426;2510
199;A Guerra Pela Uber;527;1589;3234
200;A Eternidade Numa Hora;823;1533;2388
201;Baby Shark!;1755;1501;2287
202;Os segredos que guardamos;616;1325;2282
203;Os segredos que guardamos;595;1391;3052
204;A Guerra Pela Uber;596;1495;2162
205;M, o Filho do Século;476;1379;2367
206;O Invisível aos Olhos;689;1609;2530
207;Tutor;622;2064;2489
208;Os segredos que guardamos;573;1551;2321
209;Não se humilha, não;522;1465;2187
210;A Guerra Pela Uber;615;1490;2159
211;M, o Filho do Século;571;1742;2130
212;Inferno;818;1571;2383
213;Oblivion Song: Entre Dois Mundos;568;1535;2380
214;Gravity Falls: Lendas Perdidas;847;1678;2652
215;Não se humilha, não;499;1619;2212
216;Não se humilha, não;618;1509;2472
217;Não se humilha, não;519;1521;2370
218;Minha Sombria Vanessa;632;1519;2424
219;M, o Filho do Século;556;1644;2140
220;Não se humilha, não;596;1516;2175
221;Os segredos que guardamos;564;1569;2091
222;M, o Filho do Século;629;1470;2122
223;As marcas da alma;882;1693;2256
224;Não se humilha, não;625;1387;2247
225;Cidade nas Trevas;610;1629;2357
226;Recursão;669;1541;4995
227;Inocência;602;2003;2527
228;Cidade nas Trevas;662;2429;2330
229;Orçamento sem falhas;623;1598;2228
230;Não se humilha, não;538;2450;2208
231;Minha Sombria Vanessa;630;1905;2255
232;Vou Te Contar;664;2317;2384
233;Minha Sombria Vanessa;543;1567;2391
234;Orçamento sem falhas;620;1605;2384
235;Baby Shark!;790;1521;2307
236;M, o Filho do Século;674;1606;2269
237;A Guerra Pela Uber;484;1444;2361
238;M, o Filho do Século;590;1537;2393
239;M, o Filho do Século;634;1452;2148
240;Cidade nas Trevas;561;1527;2156
241;Baby Shark!;499;1529;2256
242;Orçamento sem falhas;600;1639;3037
243;A Guerra Pela Uber;573;1441;2428
244;Oblivion Song: Entre Dois Mundos;540;1634;2256
245;A Guerra Pela Uber;600;1581;2389
246;Os segredos que guardamos;568;1660;3193
247;Oblivion Song: Entre Dois Mundos;563;1601;2140
248;M, o Filho do Século;536;2192;2126
249;Orçamento sem falhas;543;1608;2158
250;M, o Filho do Século;534;1530;2195
251;A Guerra Pela Uber;528;1474;2183
252;Não se humilha, não;615;1459;4310
253;Os segredos que guardamos;571;1496;2393
254;Minha Sombria Vanessa;567;2659;2696
255;Oblivion Song: Entre Dois Mundos;540;1405;2412
256;Os segredos que guardamos;75185;1400;2241
257;Minha Sombria Vanessa;1859;1390;2343
258;Minha Sombria Vanessa;1093;1390;2115
259;Recursão;1076;1682;2626
260;A Guerra Pela Uber;754;1469;2520
261;Cidade nas Trevas;836;1380;2347
262;M, o Filho do Século;596;1533;2124
263;Recursão;739;1680;2380
264;Cidade nas Trevas;648;1410;2259
265;Não se humilha, não;601;1444;2148
266;Os segredos que guardamos;557;1482;2440
267;Cidade nas Trevas;570;1573;2168
268;A Dama da Fé;906;1653;4642
269;Não se humilha, não;547;1568;2088
270;M, o Filho do Século;569;1521;2142
271;Baby Shark!;757;1478;2309
272;Não se humilha, não;545;1441;2209
273;Baby Shark!;667;1520;2224
274;Oblivion Song: Entre Dois Mundos;602;1436;2158
275;Orçamento sem falhas;657;1449;2215
276;Os segredos que guardamos;629;1506;2259
277;A Guerra Pela Uber;592;1563;2158
278;De lagarta a borboleta;744;1648;2524
279;Oblivion Song: Entre Dois Mundos;501;1498;2229
280;O dia da morte de Denton Little;627;1600;2471
281;Minha Sombria Vanessa;616;1712;2240
282;Minha Sombria Vanessa;567;1732;2241
283;Orçamento sem falhas;533;1594;2204
284;Não se humilha, não;590;1747;3892
285;Baby Shark!;477;1607;2422
286;Orçamento sem falhas;578;1985;2352
287;A Guerra Pela Uber;543;1762;2417
288;A Guerra Pela Uber;568;1503;3546
289;A História do Século 20 Para Quem Tem Pressa;1876;1640;2543
290;Oblivion Song: Entre Dois Mundos;612;1443;2180
291;Diário de Uma Garota Nada Popular - Vol. 6,5;636;3875;2246
292;Orçamento sem falhas;581;1531;2469
293;Minha Sombria Vanessa;567;1698;2237
294;Jogo Perigoso;737;1717;2496
295;Os segredos que guardamos;630;1608;2282
296;Minha Sombria Vanessa;586;1236;2309
297;Os segredos que guardamos;510;1684;2671
298;M, o Filho do Século;591;1524;30724
299;M, o Filho do Século;460;1799;1445
300;Cidade nas Trevas;610;1656;1213
301;A Guerra Pela Uber;609;1661;1183
302;Recursão;653;1397;1398
303;Minha Sombria Vanessa;459;1325;1261
304;Orçamento sem falhas;571;1434;1236
305;M, o Filho do Século;545;1652;1250
306;Os segredos que guardamos;593;1373;1297
307;Recursão;567;1636;1344
308;Orçamento sem falhas;566;1467;1212
309;Recursão;516;1545;1355
310;Minha Sombria Vanessa;512;1427;1319
311;Oblivion Song: Entre Dois Mundos;541;1518;1160
312;M, o Filho do Século;601;2605;1224
313;Orçamento sem falhas;513;1396;1190
314;Se Você Me Visse Agora;754;1587;1282
315;Oblivion Song: Entre Dois Mundos;703;1499;1168
316;Os segredos que guardamos;3467;1453;1202
317;Os segredos que guardamos;624;1585;1220
318;A Guerra Pela Uber;613;2260;1444
319;Minha Sombria Vanessa;616;1532;1171
320;Oblivion Song: Entre Dois Mundos;717;1613;1192
321;Os segredos que guardamos;489;1586;1309
322;Perdas e Danos;582;1472;1253
323;Oblivion Song: Entre Dois Mundos;502;1729;1216
324;Não se humilha, não;532;1403;1229
325;Oblivion Song: Entre Dois Mundos;421;1461;1162
326;Obrigado por Existir (de Bolso);711;1923;1257
327;Os segredos que guardamos;453;1589;2021
328;Recursão;413;1606;1197
329;Minha Sombria Vanessa;456;1485;1355
330;A Guerra Pela Uber;467;1526;1122
331;A Guerra Pela Uber;400;1709;2134
332;Minha Sombria Vanessa;440;1473;1251
333;M, o Filho do Século;382;1455;1238
334;Achados da Geração Perdida;740;1565;1225
335;O Primeiro Mandamento;814;1861;1389
336;Não se humilha, não;543;1488;1040
337;Não se humilha, não;462;1563;977
338;Baby Shark!;474;1584;1146
339;Minha Sombria Vanessa;511;1513;1169
340;Baby Shark!;399;1587;1279
341;Recursão;429;1437;1284
342;Recursão;430;1691;1266
343;A Guerra Pela Uber;628;1258;1234
344;M, o Filho do Século;528;1599;1222
345;A Guerra Pela Uber;441;1455;1223
346;Minha Sombria Vanessa;479;1495;1377
347;Orçamento sem falhas;427;1448;1197
348;Baby Shark!;357;1599;1168
349;Oblivion Song: Entre Dois Mundos;333;1488;1175
350;Orçamento sem falhas;366;1495;1284
351;Não se humilha, não;380;1497;1116
352;Oblivion Song: Entre Dois Mundos;443;1527;1110
353;As mulheres primeiro;461;1702;1206
354;Um Romance Inesquecível;511;1505;1171
355;Baby Shark!;409;3751;1187
356;O Bebê Comprado do Bilionario;564;1979;1241
357;Tempo de Regresso;593;1662;1367
358;Minha Sombria Vanessa;491;1491;1258
359;Oblivion Song: Entre Dois Mundos;370;1610;1280
360;Oblivion Song: Entre Dois Mundos;448;1454;1208
361;Baby Shark!;545;1608;1223
362;Não se humilha, não;576;1588;1202
363;Os segredos que guardamos;426;1590;1245
364;Recursão;524;1483;1189
365;A Guerra Pela Uber;558;1668;1206
366;Orçamento sem falhas;528;1605;1151
367;Uma breve história do tempo;614;1732;1295
368;Orçamento sem falhas;529;1634;1197
369;Não se humilha, não;458;1608;1160
370;Amante Revelado;605;1697;2287
371;Orçamento sem falhas;540;1583;1154
372;Oblivion Song: Entre Dois Mundos;536;1653;1221
373;A Mulher Que Matou os Peixes;541;1586;1313
374;Recursão;486;1541;2216
375;Um Peregrino Apaixonado e outras histórias;593;1538;1311
376;Cidade nas Trevas;451;2131;1182
377;Recursão;411;1637;1296
378;Orçamento sem falhas;468;1589;1142
379;As Regras da Vida;827;1901;1343
380;M, o Filho do Século;513;1501;1257
381;Amantes Modernos;496;1637;1028
382;Orçamento sem falhas;519;2511;1195
383;Minha Sombria Vanessa;412;1485;1136
384;Minha Sombria Vanessa;1600;1711;1035
385;Cidade nas Trevas;527;1641;1135
386;Emília Ventania em a Sereiazinha e o Monstro do Mar;570;1933;1324
387;Recursão;2331;1755;1196
388;Baby Shark!;623;1578;1186
389;Cidade nas Trevas;466;1473;1223
390;Não se humilha, não;392;1409;1386
391;Não se humilha, não;451;1471;1152
392;Baby Shark!;377;1532;1191
393;O Feminino e O Sagrado;558;1660;1115
394;As Letras dos Beatles;501;1532;1236
395;Minha Sombria Vanessa;522;1491;1111
396;A Essência dos Ensinamentos de Buda;798;1770;1453
397;Não se humilha, não;549;1537;1205
398;Minha Sombria Vanessa;565;1702;1144
399;Oblivion Song: Entre Dois Mundos;447;1527;1037
400;O livro das mentiras;764;1608;1266
401;Minha Sombria Vanessa;418;1690;1094
402;O Pesadelo;556;1731;1265
403;M, o Filho do Século;448;1501;1217
404;Oblivion Song: Entre Dois Mundos;533;1408;2892
405;Minha Sombria Vanessa;571;1492;1454
406;Ricos Indecentes de Amor;2296;1674;1366
407;Não se humilha, não;627;1507;1165
408;M, o Filho do Século;576;1498;1192
409;Cidade nas Trevas;551;1339;1254
410;O Portador;661;1892;1424
411;Recursão;411;1692;1214
412;Não se humilha, não;431;1639;2436
413;O ÚLTIMO MEROVÍNGIO;556;1766;1151
414;Não se humilha, não;547;1483;952
415;Não se humilha, não;2516;1512;680
416;Orçamento sem falhas;1231;1483;2035
417;Os segredos que guardamos;1076;1778;919
418;Minha Sombria Vanessa;942;1969;1113
419;Oblivion Song: Entre Dois Mundos;726;2433;1085
420;DO YOU SPEAK ENGLISH?;719;1977;835
421;Recursão;716;1627;800
422;A Guerra Pela Uber;664;1644;775
423;Minha Sombria Vanessa;632;1449;723
424;M, o Filho do Século;573;1540;900
425;Cabelos arrepiados;530;1640;1059
426;Recursão;630;1568;790
427;The Walking Dead;656;1648;850
428;Strawberry Fields Forever;683;2086;960
429;Cidade nas Trevas;621;1558;997
430;Recursão;566;1500;980
431;Oblivion Song: Entre Dois Mundos;403;1922;737
432;Recursão;578;1535;1135
433;Cidade nas Trevas;532;1568;848
434;Os segredos que guardamos;514;1402;864
435;Não se humilha, não;595;1478;930
436;M, o Filho do Século;677;1459;884
437;A Guerra Pela Uber;605;1441;1193
438;Cidade nas Trevas;554;1534;1154
439;Orçamento sem falhas;536;1689;1405
440;Baby Shark!;572;2341;1222
441;Orçamento sem falhas;633;1426;1275
442;Oblivion Song: Entre Dois Mundos;609;1585;1177
443;Não se humilha, não;589;1545;1035
444;Minha Metade Silenciosa;647;1607;1279
445;M, o Filho do Século;551;1051;1245
446;Orçamento sem falhas;560;2183;957
447;M, o Filho do Século;601;1181;1275
448;Baby Shark!;802;1175;1213
449;Baby Shark!;578;1146;1307
450;Os segredos que guardamos;600;1216;1187
451;M, o Filho do Século;604;1138;1433
452;A Bola de Neve;501;1501;1237
453;Orçamento sem falhas;554;1559;1161
454;M, o Filho do Século;567;1488;1128
455;A Guerra Pela Uber;473;1551;1697
456;Orçamento sem falhas;665;1478;1279
457;O Chão da Palavra;667;1569;1271
458;Cidade nas Trevas;546;1428;1111
459;Os segredos que guardamos;629;1456;2139
460;Orçamento sem falhas;525;1547;1229
461;Recursão;535;1583;1250
462;Cidade nas Trevas;617;1544;1171
463;Cidade nas Trevas;580;1476;1277
464;Não se humilha, não;580;1501;1254
465;Uma manhã em Tidewater;641;1657;1476
466;Escola de Contos Eróticos para Viúvas;664;1595;1308
467;Quatro Estações;716;1565;1317
468;A Luz Que Perdemos;722;1643;1637
469;Oblivion Song: Entre Dois Mundos;593;1489;1151
470;Tardes Sensuais;728;1823;1262
471;Orçamento sem falhas;593;1488;1253
472;Minha Sombria Vanessa;576;1417;1218
473;Minha Sombria Vanessa;578;1443;1241
474;Oblivion Song: Entre Dois Mundos;593;1478;1295
475;M, o Filho do Século;581;1484;1162
476;Orçamento sem falhas;594;1471;1248
477;Oblivion Song: Entre Dois Mundos;625;1533;1296
478;Baby Shark!;638;1673;1336
479;Minha Sombria Vanessa;555;1525;1142
480;Orçamento sem falhas;511;1717;1260
481;A Guerra Pela Uber;574;28900;1211
482;Oblivion Song: Entre Dois Mundos;637;1070;1137
483;Os segredos que guardamos;763;756;1313
484;Recursão;586;904;1301
485;Não se humilha, não;569;814;1284
486;Baby Shark!;596;983;1126
487;Cidade nas Trevas;611;765;1134
488;Os Sapatinhos Vermelhos;698;857;1192
489;Oblivion Song: Entre Dois Mundos;719;752;1117
490;Minha Sombria Vanessa;594;776;1197
491;Recursão;622;867;1229
492;Recursão;615;893;1240
493;Baby Shark!;592;880;1334
494;Oblivion Song: Entre Dois Mundos;651;827;1222
495;Não se humilha, não;523;835;1136
496;Carrossel;741;994;1212
497;Os segredos que guardamos;546;868;974
498;Cidade nas Trevas;596;823;1854
499;M, o Filho do Século;565;763;1211
500;A Era do Gelo;686;1032;1315
501;Loney;850;1079;1434
502;Sherlock Holmes: Volume 4: Os últimos casos de Sherlock Holmes | Histórias de Sherlock Holmes;786;988;2361
503;A Guerra Pela Uber;562;716;1304
504;Meditando com os anjos;779;1821;1380
505;Orçamento sem falhas;545;866;1374
506;Minha Sombria Vanessa;563;673;1164
507;A Chegada do Terceiro Reich;691;837;1261
508;A Guerra Pela Uber;604;755;1163
509;Cidade nas Trevas;596;835;1050
510;Minha Sombria Vanessa;526;1793;1027
511;Baby Shark!;602;841;1195
512;M, o Filho do Século;588;843;1147
513;Oblivion Song: Entre Dois Mundos;522;734;1276
514;M, o Filho do Século;512;814;1021
515;M, o Filho do Século;623;841;1057
516;Não se humilha, não;644;766;1205
517;Simone Weil: A Força e a Fraqueza do Amor;660;883;1226
518;Orçamento sem falhas;602;804;1160
519;Oblivion Song: Entre Dois Mundos;490;760;1154
520;Os segredos que guardamos;641;944;1178
521;Cidade nas Trevas;559;741;1223
522;Oblivion Song: Entre Dois Mundos;542;798;1106
523;Recursão;574;826;1221
524;O Livro e a Espada;634;880;1032
525;Recursão;602;835;1152
526;Os segredos que guardamos;564;753;1167
527;Os segredos que guardamos;582;811;1101
528;Minha Sombria Vanessa;570;834;1152
529;Cidade nas Trevas;594;890;1146
530;M, o Filho do Século;529;898;1132
531;Clarice na cabeceira;762;1065;1343
532;Pó de Lua nas noites em claro;579;900;1280
533;Recursão;641;798;1166
534;Os segredos que guardamos;603;851;1117
535;A Guerra Pela Uber;584;832;1044
536;As Horas Vermelhas;741;893;1215
537;J.R.R. Tolkien e C.S. Lewis;692;922;1204
538;Minha Sombria Vanessa;549;805;1035
539;Uma Certa Crueldade;629;971;1425
540;Orçamento sem falhas;512;835;1687
541;Minha Sombria Vanessa;552;756;1223
542;Os segredos que guardamos;2372;906;1204
543;Mari Maria: Por Trás da Máscara;676;829;1275
544;Recursão;615;856;1927
545;Os segredos que guardamos;543;851;1207
546;Ressurreição;753;883;1302
547;A Guerra Pela Uber;513;688;1222
548;Não se humilha, não;549;972;1114
549;Orçamento sem falhas;529;907;1125
550;Recursão;545;796;1139
551;Orçamento sem falhas;503;860;1140
552;Não se humilha, não;554;811;1138
553;Todas as famílias felizes;702;966;1266
554;Os segredos que guardamos;581;804;1197
555;M, o Filho do Século;570;815;1176
556;Cidade nas Trevas;556;771;1198
557;Lá em cima na árvore;795;790;1301
558;A Guerra Pela Uber;514;736;1250
559;Não se humilha, não;543;675;1090
560;Oblivion Song: Entre Dois Mundos;537;817;1118
561;As Suplicantes, Os Persas, Os Sete Contra Tebas;671;869;1243
562;M, o Filho do Século;573;733;1094
563;A Vida Íntima de Laura;691;884;1186
564;Recursão;593;894;1205
565;Como se livrar de um escândalo;654;1059;1160
566;O Colecionador de Desejos;591;897;1155
567;M, o Filho do Século;577;798;1148
568;Cidade nas Trevas;692;1418;1167
569;A Maldição do Titã;584;1000;1201
570;Minha Sombria Vanessa;610;557;1208
571;Baby Shark!;638;881;1158
572;Oblivion Song: Entre Dois Mundos;566;847;1144
573;Minha Sombria Vanessa;511;830;1135
574;Com Amor, Creekwood;651;1742;1207
575;Recursão;549;852;1135
576;Baby Shark!;653;837;1199
577;Os segredos que guardamos;570;834;1121
578;Minha Sombria Vanessa;583;941;1518
579;Não se humilha, não;605;811;1196
580;Cidade nas Trevas;553;895;1175
581;Recursão;1362;835;1081
582;M, o Filho do Século;850;810;1203
583;Orçamento sem falhas;619;796;1722
584;Minha Sombria Vanessa;742;857;1177
585;Era uma vez uma empresa;984;1004;1371
586;M, o Filho do Século;600;851;1155
587;Minha Sombria Vanessa;555;793;2003
588;Baby Shark!;594;653;1174
589;Oblivion Song: Entre Dois Mundos;562;804;1137
590;Os segredos que guardamos;665;776;1220
591;Orçamento sem falhas;492;816;1114
592;O Complexo de Atlântida;1378;949;1273
593;A Guerra Pela Uber;627;818;1112
594;Oblivion Song: Entre Dois Mundos;580;779;1113
595;A Guerra Pela Uber;694;781;1142
596;A Sorte do Agora;660;848;1339
597;Minha Sombria Vanessa;590;772;1072
598;Cidade nas Trevas;572;816;1110
599;A Guerra Pela Uber;496;776;1162
600;Aprenda a falar em público;640;1012;1241
601;M, o Filho do Século;540;794;1409
602;Reciclagem Emocional;749;872;1291
603;Inglês para o dia a dia;749;868;1222
604;Baby Shark!;584;762;1189
605;Orçamento sem falhas;554;854;1188
606;Timão 100 Anos;630;752;1275
607;Os segredos que guardamos;540;636;1129
608;Recursão;581;801;1108
609;Recursão;605;816;1205
610;Oblivion Song: Entre Dois Mundos;557;713;1068
611;Marketing para negócios de sucesso;1728;982;1272
612;Não se humilha, não;607;815;1177
613;Orçamento sem falhas;602;778;1112
614;M, o Filho do Século;573;804;1108
615;Orçamento sem falhas;572;811;1138
616;Minha Sombria Vanessa;541;928;1140
617;Bruxaria;882;1034;1361
618;Minha Sombria Vanessa;544;706;1083
619;M, o Filho do Século;583;782;1341
620;Oblivion Song: Entre Dois Mundos;602;741;1089
621;M, o Filho do Século;652;739;1127
622;Escola 7 - O Melhor Amigo do Cão;683;988;1280
623;Não se humilha, não;571;791;1139
624;Minha Sombria Vanessa;555;823;1172
625;39+1;1674;9510;8949
626;Recursão;1143;942;2047
627;Recursão;622;799;1285
628;Orçamento sem falhas;598;780;1182
629;Minha Sombria Vanessa;558;765;1407
630;Os segredos que guardamos;547;786;1964
631;A Guerra Pela Uber;598;796;1429
632;A Guerra Pela Uber;482;1631;1302
633;Os Pilares da Terra;636;874;1458
634;Orçamento sem falhas;566;763;1172
635;Não se humilha, não;550;798;1124
636;M, o Filho do Século;596;661;1165
637;Os segredos que guardamos;580;751;1158
638;Não se humilha, não;561;1700;1144
639;Sr. Ardiloso Cortês;634;872;1174
640;Os segredos que guardamos;621;766;1248
641;Amor e Amizade;681;893;1430
642;Onde Não Existir Reciprocidade, Não Se Demore;689;962;1356
643;Oblivion Song: Entre Dois Mundos;594;886;1247
644;Cidade nas Trevas;657;790;1247
645;Pandora;767;1155;1473
646;Recursão;600;785;1370
647;A Guerra Pela Uber;681;819;1164
648;M, o Filho do Século;522;805;1290
649;Orçamento sem falhas;571;780;1218
650;Recursão;575;797;1259
651;Recursão;526;799;1282
652;Não se humilha, não;588;860;1160
653;Baby Shark!;589;877;1244
654;Cupcake;664;959;1465
655;Dez bons conselhos de meu pai;711;1068;1301
656;Minha Sombria Vanessa;618;849;1219
657;Oblivion Song: Entre Dois Mundos;577;711;1240
658;Baby Shark!;581;852;1125
659;Coração de Mãe;661;942;1389
660;Leis da Paixão;672;971;1278
661;M, o Filho do Século;540;801;1225
662;Orçamento sem falhas;608;776;1212
663;Oblivion Song: Entre Dois Mundos;599;842;1236
664;Oblivion Song: Entre Dois Mundos;609;760;1150
665;M, o Filho do Século;599;760;1223
666;Orçamento sem falhas;625;592;1194
667;Cidade nas Trevas;554;792;1101
668;Recursão;625;829;1186
669;Cidade nas Trevas;553;838;2157
670;Alice;1303;1198;1544
671;Passarinha;666;902;1330
672;A Guerra Pela Uber;516;816;1172
673;Mentes extraordinárias;563;949;2335
674;A Maleta de Criaturas;596;899;1337
675;Cidade nas Trevas;498;772;1122
676;O Violoncelista de Sarajevo;746;983;1371
677;Não se humilha, não;604;776;1287
678;Baby Shark!;675;797;1301
679;Minha Sombria Vanessa;636;911;1464
680;Orçamento sem falhas;724;703;1166
681;Não se humilha, não;858;806;1290
682;O Caminho do Mago;662;1028;1405
683;A Pirâmide Vermelha;635;836;1372
684;Cidade nas Trevas;587;795;1220
685;Minha Sombria Vanessa;557;738;1197
686;Orçamento sem falhas;623;787;1271
687;Minha Sombria Vanessa;638;911;1126
688;Uma ética para o novo milênio;721;994;1262
689;Oblivion Song: Entre Dois Mundos;604;843;1176
690;Cidade nas Trevas;546;794;1152
691;9º Julgamento;1107;1337;2073
692;Baby Shark!;651;902;1267
693;Recursão;614;831;1183
694;Cidade nas Trevas;597;849;1205
695;Primatas da Park Avenue;723;945;1316
696;Nocte;694;1678;1332
697;M, o Filho do Século;581;841;1142
698;Baby Shark!;620;810;1198
699;A Guerra Pela Uber;528;805;1173
700;M, o Filho do Século;580;901;1183
701;Minha Sombria Vanessa;580;845;1132
702;A Guerra Pela Uber;600;1707;1120
703;Orçamento sem falhas;638;789;1135
704;Os segredos que guardamos;723;829;1159
705;Baby Shark!;584;840;1256
706;Os segredos que guardamos;630;821;1169
707;Oblivion Song: Entre Dois Mundos;564;759;1182
708;Como Treinar O Seu Dragão;667;892;1293
709;M, o Filho do Século;526;737;1157
710;Não se humilha, não;537;580;1170
711;Não se humilha, não;579;530;2194
712;Meditation: Now or Never;683;760;1223
713;Recursão;575;622;1205
714;Não se humilha, não;556;638;1232
715;Não se humilha, não;546;625;2166
716;Minha Sombria Vanessa;569;685;1256
717;Não se humilha, não;644;679;1027
718;Orçamento sem falhas;596;640;1287
719;Minha Sombria Vanessa;579;675;1229
720;Recursão;626;826;1285
721;Oblivion Song: Entre Dois Mundos;581;782;1138
722;Não se humilha, não;588;862;1115
723;Não se humilha, não;570;781;1118
724;Os segredos que guardamos;596;600;1157
725;Os segredos que guardamos;619;834;1122
726;Orçamento sem falhas;597;796;1158
727;Noites escuras da alma;659;878;1212
728;Minha Sombria Vanessa;593;803;1147
729;Não se humilha, não;588;810;1113
730;Orçamento sem falhas;539;985;1140
731;Não se humilha, não;531;893;1142
732;Os segredos que guardamos;600;764;1153
733;Cidade nas Trevas;595;762;1156
734;M, o Filho do Século;577;782;1138
735;Baby Shark!;607;827;1206
736;A Força;686;991;1349
737;Os Maias;699;963;1244
738;O Pálido Olho Azul;760;961;1216
739;A Guerra Pela Uber;601;849;1134
740;O Nome da Estrela (The Name of the Star);788;846;1226
741;A Guerra Pela Uber;581;923;1154
742;Recursão;583;901;1190
743;Os segredos que guardamos;549;803;1153
744;A Guerra Pela Uber;627;799;1404
745;Orçamento sem falhas;595;832;1256
746;Não se humilha, não;553;761;1229
747;Orçamento sem falhas;585;758;1161
748;A Escolhida;646;1042;1309
749;A Viúva Negra;704;909;1361
750;Minha Sombria Vanessa;670;855;1135
751;A Guerra Pela Uber;576;797;1058
752;Minha Sombria Vanessa;563;790;1232
753;Não se humilha, não;572;797;1072
754;Oblivion Song: Entre Dois Mundos;547;805;1829
755;Ortografia;636;885;1342
756;Os segredos que guardamos;597;784;1229
757;Cidade nas Trevas;545;815;1403
758;Não se humilha, não;587;803;2047
759;M, o Filho do Século;572;814;1159
760;Minha Sombria Vanessa;595;1774;1118
761;Inscrito no corpo;611;832;1207
762;Acabem com a Ivy Pocket;661;971;1370
763;A Luz Azul;764;978;1357
764;Não se humilha, não;563;828;1426
765;A Guerra Pela Uber;567;816;1112
766;O velho que acordou menino;652;1802;1113
767;Oblivion Song: Entre Dois Mundos;571;809;1112
768;Mister Jesus;665;999;1356
769;Orçamento sem falhas;581;807;1422
770;M, o Filho do Século;644;881;1508
771;Baby Shark!;679;909;1304
772;Os segredos que guardamos;578;878;1270
773;Baby Shark!;646;857;1258
774;A Guerra Pela Uber;612;794;1274
775;A Guerra Pela Uber;707;820;1207
776;Orçamento sem falhas;583;829;1075
777;Orçamento sem falhas;615;1106;1191
778;M, o Filho do Século;629;802;1288
779;M, o Filho do Século;609;738;1272
780;Homens São de Marte, Mulheres São de Vênus;596;923;1290
781;Kiki Strike e a Cidade das Sombras;693;825;1371
782;M, o Filho do Século;532;844;1239
783;Baby Shark!;635;826;1102
784;A Guerra Pela Uber;595;790;1193
785;M, o Filho do Século;651;922;1261
786;Oblivion Song: Entre Dois Mundos;610;751;1545
787;Minha Sombria Vanessa;493;849;1285
788;Eterna Vigilância;730;928;1338
789;Sacher-Masoch: 1836 - 1895;637;968;1377
790;Prodigy;736;1004;1357
791;Recursão;576;682;1205
792;Orçamento sem falhas;610;781;1188
793;Harry Potter e a Ordem da Fênix;752;897;1423
794;Minha Sombria Vanessa;554;785;1188
795;A Guerra Pela Uber;623;791;1232
796;Oblivion Song: Entre Dois Mundos;1634;790;1333
797;Minha Sombria Vanessa;551;796;2206
798;O Último Távora;1378;873;54634
799;M, o Filho do Século;616;853;2291
800;Dexter - A mão esquerda de Deus;670;970;1498
801;O Segredo da Libélula;682;935;2962
802;Baby Shark!;584;885;1397
803;Os segredos que guardamos;570;853;1314
804;M, o Filho do Século;547;832;1241
805;Orçamento sem falhas;658;819;1229
806;Oblivion Song: Entre Dois Mundos;582;831;1194
807;Baby Shark!;586;751;1224
808;Recursão;586;899;1452
809;A Guerra Pela Uber;602;788;1365
810;Minha Sombria Vanessa;564;978;1184
811;A Guerra Pela Uber;584;729;1779
812;A Guerra Pela Uber;555;809;2424
813;Baby Shark!;627;835;1471
814;Aaahhh!;871;1096;1594
815;Minha Sombria Vanessa;1648;823;1341
816;Os segredos que guardamos;636;832;1192
817;Orçamento sem falhas;674;855;1168
818;Baby Shark!;607;829;1199
819;Oblivion Song: Entre Dois Mundos;537;909;1196
820;Auto estima chave para a felicidade;683;852;1350
821;Recursão;699;913;1392
822;Retorno de Ulisses;632;894;1278
823;Minha Sombria Vanessa;541;740;1299
824;A Guerra Pela Uber;729;1850;1270
825;Minha Mãe, Meu Mundo;675;934;1284
826;Baby Shark!;585;851;1292
827;Quem você quer ser?;638;877;1381
828;M, o Filho do Século;562;803;1216
829;A Guerra Pela Uber;596;791;1241
830;Cidade nas Trevas;593;1869;1221
831;Oblivion Song: Entre Dois Mundos;592;800;1227
832;Minha Sombria Vanessa;591;817;1234
833;Os segredos que guardamos;1790;850;1207
834;O regresso;1474;996;1399
835;Cidade nas Trevas;658;829;1178
836;Não se humilha, não;597;756;1241
837;Uma Pálida Visão dos Montes;681;861;1304
838;Cidade nas Trevas;564;811;1294
839;Minha Sombria Vanessa;559;782;2009
840;Os segredos que guardamos;618;807;1249
841;Minha Sombria Vanessa;599;809;1480
842;Armadilho;688;921;1460
843;Os segredos que guardamos;602;781;2255
844;Os segredos que guardamos;579;745;1265
845;Oblivion Song: Entre Dois Mundos;599;724;1226
846;NO LO LLAMES AMOR;607;816;1436
847;O Último Adeus;811;847;1276
848;Não se humilha, não;562;950;1151
849;M, o Filho do Século;559;856;1155
850;Orçamento sem falhas;556;823;1163
851;Cidade nas Trevas;609;833;1226
852;A Guerra Pela Uber;576;758;1348
853;Recursão;621;810;1281
854;Cidade nas Trevas;588;783;1293
855;40 ideias do pensamento positivo (e-Book);991;2331;6339
856;O Melhor de Mim;1021;1018;1481
857;Orçamento sem falhas;527;773;1348
858;Segurança Tem Saída;654;1061;1275
859;Não se humilha, não;557;749;1264
860;Minha Sombria Vanessa;655;760;1223
861;A Guerra Pela Uber;616;806;1240
862;M, o Filho do Século;562;844;1226
863;Minha Sombria Vanessa;598;1061;1250
864;O Principio 80/20;669;985;1271
865;Orçamento sem falhas;589;805;1279
866;Não se humilha, não;602;790;1262
867;Os segredos que guardamos;545;788;1273
868;Minha Sombria Vanessa;568;814;1155
869;Recursão;641;956;1181
870;Recursão;575;841;1222
871;Cidade nas Trevas;553;759;1212
872;Boa garota;636;977;1334
873;Uma Lição Inesquecível;806;891;1282
874;Oblivion Song: Entre Dois Mundos;547;808;1136
875;Baby Shark!;598;839;1239
876;A Guerra Pela Uber;563;730;1306
877;Orçamento sem falhas;549;516;1231
878;Orçamento sem falhas;625;654;1201
879;A Guerra Pela Uber;583;672;1169
880;Cidade nas Trevas;561;607;1177
881;A Moderna Ciência do Yoga;640;726;1278
882;Recursão;561;696;1950
883;Os segredos que guardamos;628;604;1230
884;Oblivion Song: Entre Dois Mundos;594;532;1245
885;Minha Sombria Vanessa;567;572;1244
886;Cidade nas Trevas;579;530;2119
887;Os segredos que guardamos;553;481;1230
888;Romarias da paixão;662;1675;1486
889;A Guerra Pela Uber;543;681;1220
890;Cidade nas Trevas;585;625;1201
891;Cidade nas Trevas;594;814;1229
892;Os segredos que guardamos;568;861;1333
893;Oblivion Song: Entre Dois Mundos;544;841;1227
894;M, o Filho do Século;557;1676;1250
895;Liberdade e destino;654;996;1284
896;Orçamento sem falhas;620;650;1222
897;Recursão;614;828;1293
898;Cidade nas Trevas;569;731;1272
899;Os segredos que guardamos;583;850;1170
900;Baby Shark!;603;930;1328
901;Não se humilha, não;601;764;1180
902;Baby Shark!;537;820;1260
903;Baby Shark!;576;774;1217
904;Os segredos que guardamos;595;707;1141
905;M, o Filho do Século;586;872;1201
906;Rush Sem Limites;675;1197;1242
907;Os segredos que guardamos;590;786;1175
908;Não se humilha, não;553;801;1152
909;As Regras da Vida;655;924;1385
910;A Guerra Pela Uber;607;746;1187
911;Recursão;583;777;1228
912;Ao Vivo do Calvário;629;824;1311
913;Não se humilha, não;610;781;1246
914;Baby Shark!;609;766;1219
915;Os segredos que guardamos;654;718;1254
916;Cidade nas Trevas;578;815;1274
917;A Guerra Pela Uber;590;731;1231
918;Moda Intuitiva;650;888;1361
919;A Guerra Pela Uber;595;762;1117
920;Oblivion Song: Entre Dois Mundos;604;829;1105
921;Briga de Cachorro Grande;654;827;1372
922;Baby Shark!;601;854;1190
923;Orçamento sem falhas;572;790;1205
924;Oblivion Song: Entre Dois Mundos;2928;828;1105
925;Orçamento sem falhas;655;791;1890
926;Cidade nas Trevas;1315;816;1206
927;Box Jane Austen;922;1105;1379
928;Baby Shark!;607;808;1198
929;Recursão;603;786;1997
930;Oblivion Song: Entre Dois Mundos;595;753;1150
931;Oblivion Song: Entre Dois Mundos;589;723;1196
932;O Que Restou de Mim;671;907;1233
933;Cidade nas Trevas;577;779;1179
934;Os segredos que guardamos;571;782;1186
935;Baby Shark!;626;830;1225
936;Recursão;678;817;1217
937;Não se humilha, não;561;790;1119
938;A Guerra Pela Uber;553;746;1194
939;Cidade nas Trevas;534;783;1180
940;Oblivion Song: Entre Dois Mundos;657;763;1173
941;Recursão;566;763;1199
942;M, o Filho do Século;542;759;1231
943;CAVALO DE TROIA 8;749;888;1242
944;Imperatriz Orquídea;703;860;1278
945;Recursão;564;838;1228
946;Cidade nas Trevas;590;787;1168
947;O Escudo de Talos;666;819;1451
948;A Guerra Pela Uber;543;768;1208
949;Baby Shark!;603;816;1222
950;The Phantom Tollbooth;653;1094;1239
951;Os bichos;803;913;1303
952;Um coração sem medo;585;2008;1176
953;Orçamento sem falhas;579;817;888
954;A Guerra Pela Uber;562;765;850
955;Os segredos que guardamos;575;753;820
956;Os segredos que guardamos;548;774;822
957;Recursão;583;773;807
958;Nate é um estouro;643;1690;969
959;Não se humilha, não;605;1016;745
960;Não se humilha, não;442;770;797
961;Oblivion Song: Entre Dois Mundos;386;774;815
962;Baby Shark!;401;747;872
963;O Futuro de Nós Dois;569;766;1466
964;Orçamento sem falhas;566;711;1176
965;Amarga Fama: Uma Biografia de Sylvia Plath;622;843;1205
966;Oblivion Song: Entre Dois Mundos;607;760;1245
967;Não se humilha, não;515;740;2025
968;Orçamento sem falhas;583;747;1222
969;O Reencontro;652;898;1174
970;Cidade nas Trevas;535;761;1189
971;Cidade nas Trevas;588;777;1980
972;Os segredos que guardamos;590;832;1145
973;Recursão;585;785;1276
974;Não se humilha, não;565;749;1273
975;A Guerra Pela Uber;560;760;1204
976;M, o Filho do Século;553;760;1221
977;Oblivion Song: Entre Dois Mundos;593;756;1013
978;O Gosto do pecado;641;830;1238
979;Por que as Mulheres Amam os Homens Fortes?;667;844;1102
980;O Moço Loiro;639;1050;1401
981;Pela Luz dos Olhos Seus;853;1034;1228
982;Recursão;613;758;1231
983;Oblivion Song: Entre Dois Mundos;584;703;1253
984;Jane Eyre;731;815;1235
985;Baby Shark!;572;797;1120
986;Projeto felizes para sempre;630;871;1247
987;Baby Shark!;590;789;1164
988;Cidade nas Trevas;611;773;1144
989;Recursão;583;775;1111
990;Culture Smart! Alemanha;634;1149;1161
991;Baby Shark!;610;755;1063
992;Oblivion Song: Entre Dois Mundos;567;718;1072
993;Oblivion Song: Entre Dois Mundos;587;750;1164
994;Recursão;582;742;1123
995;O Dilema;842;861;1292
996;A Guerra Pela Uber;581;800;1056
997;M, o Filho do Século;487;807;1247
998;A Guerra Pela Uber;383;756;1243
999;Cidade nas Trevas;391;733;1347
1000;Oblivion Song: Entre Dois Mundos;847;766;1237
1001;Cidade nas Trevas;444;759;1182
1002;Oblivion Song: Entre Dois Mundos;489;771;1144
1003;M, o Filho do Século;462;790;1195
1004;A Guerra Pela Uber;514;721;1161
1005;Minha Sombria Vanessa;451;781;1238
1006;Orçamento sem falhas;545;799;1171
1007;Recursão;449;769;1141
1008;Baby Shark!;568;776;1175
1009;Três amigas, todos os domingos;687;833;1394
1010;Cidade nas Trevas;570;806;1930
1011;Oblivion Song: Entre Dois Mundos;594;815;1177
1012;Cidade nas Trevas;586;784;1155
1013;Os Fantasmas;669;904;1279
1014;Os segredos que guardamos;586;787;2060
1015;Cidade nas Trevas;542;809;1183
1016;Os segredos que guardamos;592;1613;1360
1017;Razão e Sensibilidade;582;863;1324
1018;Recursão;569;801;1399
1019;O Segredo do Anel;1518;837;1314
1020;Recursão;572;794;1306
1021;Oblivion Song: Entre Dois Mundos;564;804;1178
1022;Baby Shark!;576;1835;1301
1023;Baby Shark!;552;834;1220
1024;Recursão;674;974;1470
1025;4 horas para o corpo;815;1623;2698
1026;Minha Sombria Vanessa;986;804;1357
1027;Os segredos que guardamos;549;784;1205
1028;Cidade nas Trevas;582;749;1141
1029;M, o Filho do Século;561;734;1320
1030;Orçamento sem falhas;574;740;1305
1031;Orçamento sem falhas;637;875;1201
1032;Viver em paz para morrer em paz: Se você não existisse, que falta faria?;818;844;1335
1033;Oblivion Song: Entre Dois Mundos;557;750;1180
1034;Oblivion Song: Entre Dois Mundos;585;817;1065
1035;Minha Sombria Vanessa;546;768;1241
1036;Cidade nas Trevas;588;787;1340
1037;Cidade nas Trevas;616;773;1151
1038;O Doador;660;885;1276
1039;Não se humilha, não;605;746;1231
1040;Oblivion Song: Entre Dois Mundos;564;760;1183
1041;Minha Sombria Vanessa;584;794;1190
1042;Não se humilha, não;561;773;1300
1043;Antes da Forca;618;834;1286
1044;Os segredos que guardamos;609;816;1202
1045;Luca;735;885;1598
1046;Baby Shark!;583;749;1199
1047;Cidade nas Trevas;701;1101;1221
1048;Orçamento sem falhas;551;789;1553
1049;Minha Sombria Vanessa;541;737;1822
1050;Minha Sombria Vanessa;758;809;1162
1051;Cidade nas Trevas;585;824;1181
1052;Luxo;851;985;1439
1053;Não se humilha, não;504;797;2030
1054;Cidade nas Trevas;1466;761;1309
1055;A Guerra Pela Uber;645;747;1263
1056;O Regresso;659;884;1006
1057;Não se humilha, não;539;789;1607
1058;Baby Shark!;535;851;1009
1059;A Guerra Pela Uber;543;781;847
1060;O Mestre dos Mestres;610;1134;911
1061;Minha Sombria Vanessa;554;730;700
1062;A Guerra Pela Uber;538;784;823
1063;Negociando com os mortos;640;870;988
1064;M, o Filho do Século;550;831;842
1065;A menor menina de todos os tempos;659;827;1425
1066;Oblivion Song: Entre Dois Mundos;577;769;1240
1067;Transforme Sua Vida com a Cabala;624;860;1269
1068;A Guerra Pela Uber;588;742;1193
1069;Emocionalmente Esquisito;697;882;1401
1070;A Guerra Pela Uber;595;807;1262
1071;Minha Sombria Vanessa;571;716;1260
1072;Uma carta de amor;611;838;1384
1073;Cidade nas Trevas;525;764;1289
1074;Orçamento sem falhas;582;753;1368
1075;Minha Sombria Vanessa;540;785;1300
1076;Como se relacionar melhor com as pessoas;667;888;1281
1077;Apaixonada Por Você;645;863;1322
1078;Oblivion Song: Entre Dois Mundos;573;908;1137
1079;Oblivion Song: Entre Dois Mundos;610;880;1338
1080;Cidade nas Trevas;581;1641;1204
1081;Não Brinque Com Fogo;627;814;1331
1082;Não se humilha, não;566;806;1260
1083;Recursão;694;845;1395
1084;Minha Sombria Vanessa;645;781;1506
1085;Baby Shark!;637;741;1145
1086;A Mulher do Oficial Nazista;649;1770;1257
1087;Orçamento sem falhas;577;779;1405
1088;Assoa o Nariz, Cleópatra!;741;941;1504
1089;Oblivion Song: Entre Dois Mundos;604;766;1151
1090;Orçamento sem falhas;601;739;1182
1091;Orçamento sem falhas;586;856;1153
1092;Os segredos que guardamos;569;834;1279
1093;Não se humilha, não;589;834;1177
1094;M, o Filho do Século;549;745;1246
1095;A Cura e a Mente;656;845;1344
1096;Minha Sombria Vanessa;548;829;1953
1097;A Guerra Pela Uber;967;825;1191
1098;Orçamento sem falhas;588;818;1157
1099;Orçamento sem falhas;598;838;1172
1100;A Guerra Pela Uber;530;770;2085
1101;Os segredos que guardamos;544;754;1185
1102;O Gabinete do Dr. Caligari;770;832;1254
1103;Cidade nas Trevas;557;807;1170
1104;A Senhora do Império;618;907;1252
1105;Desterrado;768;886;1249
1106;Os segredos que guardamos;48471;785;1115
1107;Orçamento sem falhas;649;786;1143
1108;Recursão;542;761;1145
1109;Não se humilha, não;442;769;1097
1110;Oblivion Song: Entre Dois Mundos;382;751;1269
1111;Os segredos que guardamos;347;725;1339
1112;A Guerra Pela Uber;350;783;1171
1113;Não se humilha, não;328;803;1234
1114;Baby Shark!;415;799;1139
1115;A Sala das Borboletas;450;825;1338
1116;Baby Shark!;352;796;1164
1117;Minha Sombria Vanessa;504;757;1130
1118;Os segredos que guardamos;378;803;1152
1119;Recursão;404;786;1106
1120;Os segredos que guardamos;343;732;1089
1121;M, o Filho do Século;358;744;1144
1122;A Guerra Pela Uber;356;754;1102
1123;Minha Sombria Vanessa;339;826;1171
1124;Cidade nas Trevas;332;762;1201
1125;A Guerra Pela Uber;334;697;1308
1126;Orçamento sem falhas;315;753;1201
1127;M, o Filho do Século;312;776;1332
1128;prova material;8535;6585;8902
1129;Oblivion Song: Entre Dois Mundos;526;823;1230
1130;Baby Shark!;407;835;1202
1131;Não se humilha, não;348;713;1149
1132;Os segredos que guardamos;402;774;1369
1133;Jamais peço desculpas por me derramar;392;880;1411
1134;A Guerra Pela Uber;332;828;1193
1135;Ainda dá;441;875;1260
1136;Não se humilha, não;337;903;1344
1137;A Guerra Pela Uber;336;732;1182
1138;Orçamento sem falhas;322;811;1867
1139;Letal;525;974;1375
1140;A Guerra Pela Uber;346;768;1242
1141;Recursão;390;788;1218
1142;Baby Shark!;344;784;2051
1143;Princesa Mia;456;839;1301
1144;Minha Sombria Vanessa;348;1682;1134
1145;M, o Filho do Século;339;792;1265
1146;Não se humilha, não;326;741;1223
1147;Dentiana: Rainha do Exército das Fadas dos Dentes;410;888;1311
1148;Os segredos que guardamos;328;835;1226
1149;M, o Filho do Século;353;771;1229
1150;A Guerra Pela Uber;345;1643;1268
1151;Os segredos que guardamos;315;727;1262
1152;Cidade nas Trevas;332;809;1299
1153;Minha Sombria Vanessa;330;786;1264
1154;Orçamento sem falhas;325;765;1173
1155;Baby Shark!;336;808;1204
1156;M, o Filho do Século;309;769;1170
1157;Os segredos que guardamos;364;787;1219
1158;M, o Filho do Século;326;803;1218
1159;Os segredos que guardamos;297;788;2235
1160;A Guerra Pela Uber;325;800;1646
1161;A Guerra Pela Uber;311;763;1196
1162;Minha Sombria Vanessa;362;786;1160
1163;Os segredos que guardamos;314;788;1126
1164;Não se humilha, não;336;798;1175
1165;Recursão;365;826;1183
1166;Recursão;342;777;1170
1167;Oblivion Song: Entre Dois Mundos;335;800;1154
1168;Oblivion Song: Entre Dois Mundos;322;780;1125
1169;Orçamento sem falhas;347;752;1301
1170;Recursão;361;850;1421
1171;Oblivion Song: Entre Dois Mundos;330;811;1151
1172;Cidade nas Trevas;341;776;1146
1173;Oblivion Song: Entre Dois Mundos;334;764;1116
1174;Os segredos que guardamos;361;758;1165
1175;Cidade nas Trevas;330;753;1156
1176;Minha Sombria Vanessa;337;740;1206
1177;Os segredos que guardamos;351;878;1254
1178;Cidade nas Trevas;335;802;1139
1179;Cidade nas Trevas;362;802;1167
1180;Recursão;360;814;1235
1181;Cidade nas Trevas;337;760;1734
1182;Minha Sombria Vanessa;325;1119;1215
1183;Orçamento sem falhas;329;792;1194
1184;Orçamento sem falhas;345;791;1203
1185;A Guerra Pela Uber;344;745;2123
1186;Cidade nas Trevas;339;788;1254
1187;Cidade nas Trevas;357;761;1231
1188;Minha Sombria Vanessa;316;803;1148
1189;Não se humilha, não;343;762;1232
1190;Minha Sombria Vanessa;351;769;1256
1191;A Guerra Pela Uber;330;787;1218
1192;A Guerra Pela Uber;355;809;1236
1193;Recursão;1386;813;1243
1194;Oblivion Song: Entre Dois Mundos;406;788;1272
1195;Recursão;364;911;1288
1196;Oblivion Song: Entre Dois Mundos;361;829;1255
1197;A Guerra Pela Uber;343;862;1199
1198;Cidade nas Trevas;345;805;1264
1199;Baby Shark!;343;764;1087
1200;Recursão;347;919;1133
1201;Baby Shark!;374;848;1202
1202;Oblivion Song: Entre Dois Mundos;325;943;1227
1203;Baby Shark!;249;799;1337
1204;Recursão;236;905;1293
1205;Orçamento sem falhas;229;750;1367
1206;O Cinema Pensa;316;854;1461
1207;Não se humilha, não;229;901;1251
1208;Recursão;245;1930;1283
1209;Cidade nas Trevas;230;848;1338
1210;Todas as cidades, a cidade;332;980;1317
1211;Cidade nas Trevas;227;662;1619
1212;Não se humilha, não;836;804;1572
1213;Star Wars - Figuras de Chumbo - 08;337;945;1252
1214;Não se humilha, não;238;1868;1176
1215;Cidade nas Trevas;289;834;1150
1216;Recursão;244;797;1181
1217;Cidade nas Trevas;231;832;1208
1218;Minha Sombria Vanessa;229;801;1203
1219;Oblivion Song: Entre Dois Mundos;228;831;1173
1220;Cidade nas Trevas;231;746;1236
1221;Os segredos que guardamos;233;766;1117
1222;Cidade nas Trevas;225;838;1230
1223;Recursão;246;791;1319
1224;Oblivion Song: Entre Dois Mundos;240;802;2123
1225;Baby Shark!;230;794;1221
1226;Não se humilha, não;230;830;1147
1227;M, o Filho do Século;233;812;1288
1228;Baby Shark!;234;901;2133
1229;Cidade nas Trevas;225;1113;1139
1230;Cidade nas Trevas;230;894;1274
1231;Recursão;242;928;1274
1232;Orçamento sem falhas;229;852;1242
1233;Oblivion Song: Entre Dois Mundos;234;728;1250
1234;Cidade nas Trevas;231;946;1227
1235;O Bosque Subterrâneo;378;1028;1499
1236;Mick Jagger;322;1060;1392
1237;Baby Shark!;235;907;1101
1238;Curso Pratico de Montagem e Manutenção de Redes;436;870;1287
1239;M, o Filho do Século;317;772;1074
1240;Baby Shark!;326;1007;1215
1241;Baby Shark!;326;842;1214
1242;Oblivion Song: Entre Dois Mundos;337;772;1168
1243;Os segredos que guardamos;326;787;1319
1244;A Guerra Pela Uber;311;837;1369
1245;Orçamento sem falhas;357;805;1237
1246;Recursão;338;852;1253
1247;Trainspotting;426;925;1504
1248;Cidade nas Trevas;305;797;1180
1249;M, o Filho do Século;311;791;1214
1250;Orçamento sem falhas;316;787;1182
1251;A marca da vitória;443;979;1356
1252;Minha Sombria Vanessa;362;800;1247
1253;Não se humilha, não;326;848;1088
1254;Cidade nas Trevas;328;790;1061
1255;Orçamento sem falhas;316;1044;1106
1256;Minha Sombria Vanessa;320;775;1098
1257;Os segredos que guardamos;332;845;1091
1258;Oblivion Song: Entre Dois Mundos;315;815;1115
1259;Oblivion Song: Entre Dois Mundos;311;841;1131
1260;Baby Shark!;335;874;1142
1261;O rei branco;397;940;1122
1262;Não se humilha, não;333;823;1299
1263;Não se humilha, não;315;785;1244
1264;Um Desastre Maravilhoso;446;885;1385
1265;Cidade nas Trevas;346;795;1130
1266;Recursão;340;835;2019
1267;Não se humilha, não;290;795;1244
1268;Oblivion Song: Entre Dois Mundos;328;756;1258
1269;Cidade nas Trevas;325;981;1087
1270;Recursão;357;718;1897
1271;Recursão;337;801;1147
1272;Recursão;334;1376;1153
1273;Paraíso Perdido;435;758;1201
1274;Recursão;350;664;1148
1275;Orçamento sem falhas;332;583;1105
1276;A Guerra Pela Uber;330;650;1104
1277;M, o Filho do Século;327;623;1134
1278;A Arte de Inventar o Amor;395;86342;1268
1279;Não se humilha, não;323;2346;1224
1280;A Guerra Pela Uber;331;674;1160
1281;Cidade nas Trevas;322;773;1142
1282;Baby Shark!;340;926;1183
1283;Piadas Nerds;482;997;1340
1284;Oblivion Song: Entre Dois Mundos;319;1011;1352
1285;Baby Shark!;317;563;1538
1286;M, o Filho do Século;333;652;1312
1287;A Guerra Pela Uber;343;619;1333
1288;A história secreta dos piratas;416;889;1375
1289;A Guerra Pela Uber;325;596;1279
1290;Fala Sério, Amor!;572;617;1310
1291;Sonhos partidos;393;757;1415
1292;Orçamento sem falhas;313;483;1192
1293;O Nome do Vento;419;771;1498
1294;O Símbolo Perdido;400;768;1301
1295;Recursão;334;705;1260
1296;Assuntos Pendentes - Coleção Auto Estima;394;866;1369
1297;Os segredos que guardamos;297;770;1198
1298;Não se humilha, não;317;536;1195
1299;Orçamento sem falhas;318;592;1311
1300;A Trama;619;696;1520
1301;Orçamento sem falhas;310;527;1323
1302;Orçamento sem falhas;337;492;1297
1303;Baby Shark!;311;787;1285
1304;Não se humilha, não;320;612;1240
1305;Afrodite;365;608;1296
1306;Oblivion Song: Entre Dois Mundos;287;540;1225
1307;Minha Sombria Vanessa;357;552;1349
1308;Oblivion Song: Entre Dois Mundos;310;635;1255
1309;Não se humilha, não;341;552;2115
1310;Cidade nas Trevas;321;567;1156
1311;Sangue nas veias;308;722;1265
1312;Star Wars - Figuras de Chumbo - 55;388;708;1244
1313;Os segredos que guardamos;289;746;1874
1314;Recursão;370;748;1256
1315;Minha Sombria Vanessa;340;717;1107
1316;Recursão;369;685;1212
1317;Orçamento sem falhas;310;566;1061
1318;Orçamento sem falhas;334;739;1204
1319;Salvando meu filho;453;1019;1267
1320;M, o Filho do Século;331;666;1254
1321;A Guerra Pela Uber;351;678;1235
1322;Não se humilha, não;337;759;1251
1323;Recursão;370;798;1268
1324;Minha Sombria Vanessa;335;773;1226
1325;Recursão;321;915;1270
1326;Os segredos que guardamos;322;749;1186
1327;Minha Sombria Vanessa;359;746;902
1328;Serpentário;433;846;1230
1329;Dossiê Fidel Castro;408;825;1092
1330;Os segredos que guardamos;350;576;1016
1331;Buick 8;560;940;1425
1332;Oblivion Song: Entre Dois Mundos;331;687;1005
1333;Minha Sombria Vanessa;335;505;1284
1334;Baby Shark!;346;767;1341
1335;Duas Verdades e Uma Mentira;421;671;1312
1336;Orçamento sem falhas;256;2368;1192
1337;Johnny Depp;450;880;1161
1338;Minha Sombria Vanessa;317;776;1174
1339;Os segredos que guardamos;377;761;1169
1340;M, o Filho do Século;350;676;1168
1341;Encontre Deus na Cabana;481;862;1177
1342;Oblivion Song: Entre Dois Mundos;333;1946;1209
1343;Não se humilha, não;315;803;1305
1344;M, o Filho do Século;343;816;1331
1345;Oblivion Song: Entre Dois Mundos;366;792;1312
1346;Baby Shark!;335;792;1286
1347;M, o Filho do Século;308;785;1325
1348;Oblivion Song: Entre Dois Mundos;341;782;1323
1349;A Vingança Veste Prada;413;849;1465
1350;Minha Sombria Vanessa;409;743;1334
1351;Orçamento sem falhas;330;771;1291
1352;Recursão;363;786;2279
1353;A Irmandade Perdida;417;686;1401
1354;Cidade nas Trevas;338;643;1304
1355;Não se humilha, não;335;706;1218
1356;Os segredos que guardamos;348;776;2201
1357;Orçamento sem falhas;358;696;1261
1358;Baby Shark!;344;720;1212
1359;Os segredos que guardamos;333;691;1174
1360;Eu sei, mas não devia;417;682;1328
1361;Orçamento sem falhas;327;776;1348
1362;Os segredos que guardamos;341;616;1124
1363;A vida mentirosa dos adultos;461;726;1199
1364;Recursão;343;667;1144
1365;Star Wars - Figuras de Chumbo - 50;463;669;1183
1366;gravidez & parto;425;748;1233
1367;Oblivion Song: Entre Dois Mundos;313;741;1188
1368;Baby Shark!;354;535;1225
1369;A idade perfeita;410;554;1357
1370;Os segredos que guardamos;349;605;1257
1371;Baby Shark!;345;680;1299
1372;A Guerra Pela Uber;321;572;1202
1373;Cidade nas Trevas;349;537;1278
1374;Baby Shark!;402;16358;1237
1375;A Criação da Juventude;452;934;1271
1376;M, o Filho do Século;348;652;1188
1377;Recursão;373;712;1207
1378;Corajosa sim, perfeita não;413;793;1370
1379;Box - Mario Sergio Cortella - 2 Volumes;477;721;1296
1380;Recursão;356;654;1243
1381;Não se humilha, não;355;662;1164
1382;Os segredos que guardamos;355;486;1194
1383;Precisamos falar sobre o Kevin;421;610;1460
1384;O CÍRCULO MÁGICO;417;751;1320
1385;Gregor e a Segunda Profecia;394;646;1305
1386;Baby Shark!;350;476;1217
1387;A Guerra Pela Uber;375;665;1133
1388;Oblivion Song: Entre Dois Mundos;329;777;1236
1389;Minha Sombria Vanessa;337;597;1093
1390;Entrevistas Sobre o Fim dos Tempos;393;847;1179
1391;Não se humilha, não;327;639;1086
1392;Minha Sombria Vanessa;343;522;1061
1393;Recursão;324;728;1253
1394;Oblivion Song: Entre Dois Mundos;330;621;1875
1395;Não se humilha, não;344;624;1355
1396;Os segredos que guardamos;346;598;1235
1397;Os segredos que guardamos;320;447;1028
1398;Orçamento sem falhas;1293;549;2006
1399;Oblivion Song: Entre Dois Mundos;293;628;1230
1400;Recursão;278;1634;1106
1401;M, o Filho do Século;303;666;1114
1402;Oblivion Song: Entre Dois Mundos;322;623;1096
1403;M, o Filho do Século;345;821;1111
1404;Oblivion Song: Entre Dois Mundos;336;625;1149
1405;M, o Filho do Século;322;626;1189
1406;Minha Sombria Vanessa;343;1350;1168
1407;Recursão;349;763;1161
1408;Minha Sombria Vanessa;316;681;1174
1409;Oblivion Song: Entre Dois Mundos;337;624;1152
1410;M, o Filho do Século;330;492;1188
1411;Bird Box: Caixa de Pássaros;434;821;1343
1412;Recursão;360;500;1166
1413;Baby Shark!;346;542;1499
1414;Os segredos que guardamos;341;508;1228
1415;Não se humilha, não;344;547;1181
1416;Baby Shark!;373;697;1175
1417;Minha Sombria Vanessa;1146;713;1169
1418;Não se humilha, não;372;729;1151
1419;M, o Filho do Século;385;556;1121
1420;Amigas (im)perfeitas;430;647;1220
1421;Os segredos que guardamos;365;586;1119
1422;Orçamento sem falhas;329;512;1091
1423;Baby Shark!;350;691;1202
1424;Minha Sombria Vanessa;326;529;1131
1425;Não se humilha, não;332;520;1106
1426;Está na Hora de se Ligar;487;649;1381
1427;Cidade nas Trevas;336;719;1326
1428;Perto do coração selvagem;397;787;1331
1429;Não se humilha, não;343;683;1301
1430;Minha Sombria Vanessa;331;795;1235
1431;M, o Filho do Século;344;796;1407
1432;Minha Sombria Vanessa;350;824;1187
1433;Buda;441;913;1459
1434;Oblivion Song: Entre Dois Mundos;290;909;1245
1435;M, o Filho do Século;314;846;1090
1436;Cidade nas Trevas;332;860;1181
1437;O Conhecimento da Dor;452;893;1787
1438;Oblivion Song: Entre Dois Mundos;349;808;1114
1439;Não se humilha, não;364;631;1596
1440;Pare de Ganhar Mal;426;783;1277
1441;M, o Filho do Século;322;808;2225
1442;Os segredos que guardamos;349;816;1261
1443;A Guerra Pela Uber;269;831;1191
1444;M, o Filho do Século;355;715;1206
1445;Baby Shark!;343;818;1214
1446;Recursão;356;833;1176
1447;Os amantes iluminados;443;910;1232
1448;Oblivion Song: Entre Dois Mundos;334;805;1035
1449;Oblivion Song: Entre Dois Mundos;322;811;1102
1450;Os segredos que guardamos;321;826;1098
1451;M, o Filho do Século;309;832;1143
1452;Star Wars - Figuras de Chumbo - 02;435;881;1365
1453;M, o Filho do Século;335;810;1292
1454;M, o Filho do Século;329;811;1358
1455;Os segredos que guardamos;301;799;1442
1456;M, o Filho do Século;321;814;1193
1457;Minha Sombria Vanessa;325;799;1397
1458;Recursão;351;839;1402
1459;Só para gigantes;401;911;1414
1460;O Guia de Campo;387;707;1262
1461;Não se humilha, não;341;730;1232
1462;Minha Sombria Vanessa;326;575;1387
1463;Minha Sombria Vanessa;320;581;1127
1464;A Misteriosa Sociedade Benedict;425;1222;1447
1465;Recursão;340;756;1319
1466;Orçamento sem falhas;511;706;1345
1467;A Verdade Sobre a Comida;372;729;1240
1468;Baby Shark!;353;688;1301
1469;Oblivion Song: Entre Dois Mundos;316;522;1699
1470;Orçamento sem falhas;317;1241;1274
1471;Oblivion Song: Entre Dois Mundos;313;583;1358
1472;Baby Shark!;340;627;1309
1473;Os segredos que guardamos;302;570;1332
1474;Minha Sombria Vanessa;347;769;1154
1475;Cidade nas Trevas;334;755;1169
1476;A Essencial Arte de Parar;438;782;25419
1477;Os jogadores;427;892;2085
1478;O Garoto da Loteria;418;838;1682
1479;Timão 100 Anos;420;830;1495
1480;Os segredos que guardamos;323;537;3081
1481;Recursão;284;652;79085
1482;M, o Filho do Século;310;695;3170
1483;Baby Shark!;387;747;1411
1484;M, o Filho do Século;333;747;2805
1485;M, o Filho do Século;337;756;1329
1486;Os segredos que guardamos;321;601;1431
1487;City;475;708;1500
1488;Cidade nas Trevas;337;612;1264
1489;Herdeiros de Drácula;483;722;1468
1490;Mundos apocalípticos;412;645;1325
1491;Baby Shark!;345;666;1300
1492;Cidade nas Trevas;336;573;1445
1493;Não se humilha, não;357;547;1309
1494;Estrada para lugar nenhum;432;791;1465
1495;A Guerra Pela Uber;310;710;1345
1496;Baby Shark!;352;687;1401
1497;Não se humilha, não;334;617;1368
1498;Oblivion Song: Entre Dois Mundos;354;778;1446
1499;Oblivion Song: Entre Dois Mundos;326;542;1244
1500;Cidade nas Trevas;343;599;1465
1501;Não se humilha, não;359;661;1308
1502;Os segredos que guardamos;330;694;1183
1503;Baby Shark!;366;550;1265
1504;O nariz do morto;415;605;1306
1505;Cidade nas Trevas;345;448;1205
1506;Recursão;378;543;1272
1507;Por que os Homens Amam as Mulheres Poderosas?;417;608;1334
1508;A Rede da Flor;439;799;1372
1509;Oblivion Song: Entre Dois Mundos;349;525;1203
1510;Grite, time!;473;623;1367
1511;Oblivion Song: Entre Dois Mundos;342;506;1249
1512;Baby Shark!;326;543;1385
1513;Recursão;324;517;1285
1514;Recursão;365;573;1269
1515;Os segredos que guardamos;350;528;1269
1516;Sorrisos Quebrados;462;625;1356
1517;M, o Filho do Século;350;541;1214
1518;Jack: O Desenhista Solidário;484;643;1375
1519;Minha Sombria Vanessa;340;535;1223
1520;Cidade nas Trevas;333;529;1229
1521;A Guerra Pela Uber;361;540;1139
1522;M, o Filho do Século;319;531;2397
1523;Os segredos que guardamos;331;533;1285
1524;Minha Sombria Vanessa;355;537;1141
1525;M, o Filho do Século;369;537;1119
1526;Cidade nas Trevas;384;531;2186
1527;Recursão;381;555;1257
1528;Os segredos que guardamos;344;964;1358
1529;Cidade nas Trevas;348;533;1251
1530;M, o Filho do Século;360;533;1136
1531;Meu corpo daria um romance;437;658;1325
1532;M, o Filho do Século;353;554;1185
1533;Os segredos que guardamos;384;638;1399
1534;Não se humilha, não;353;1417;1218
1535;Os segredos que guardamos;407;659;1120
1536;O Círculo Matarese;408;762;1542
1537;Minha Sombria Vanessa;320;595;1105
1538;Minha Sombria Vanessa;382;531;1112
1539;A Guerra Pela Uber;336;664;1133
1540;Cidade nas Trevas;324;640;1157
1541;Não se humilha, não;317;644;1287
1542;Os cinco Desejos;426;679;1286
1543;Orçamento sem falhas;339;554;1255
1544;Restaura-me (e-book);384;566;1295
1545;Os segredos que guardamos;242;514;997
1546;Cidade nas Trevas;382;461;779
1547;Box Saga Crepúsculo;417;686;1152
1548;Cidade nas Trevas;354;672;1133
1549;Minha Sombria Vanessa;347;796;1127
1550;Box As Peças Infernais 3 volumes;433;1335;1340
1551;Não se humilha, não;347;876;1182
1552;Não se humilha, não;347;739;1199
1553;Recursão;345;930;1232
1554;A Guerra Pela Uber;342;869;1237
1555;M, o Filho do Século;334;1030;1200
1556;Oblivion Song: Entre Dois Mundos;338;834;1277
1557;Cidade nas Trevas;336;912;1184
1558;Baby Shark!;340;769;1246
1559;Cidade nas Trevas;335;645;1193
1560;Oblivion Song: Entre Dois Mundos;299;714;1236
1561;Recursão;331;777;1208
1562;Oblivion Song: Entre Dois Mundos;340;771;1116
1563;Não se humilha, não;325;783;1173
1564;Os segredos que guardamos;351;827;1247
1565;M, o Filho do Século;348;755;2137
1566;1001 Discos Para Ouvir Antes de Morrer;533;6451;8023
1567;A Guerra Pela Uber;697;896;1314
1568;Cidade nas Trevas;395;745;1245
1569;A Noiva é Tamanho 42;470;926;2265
1570;A Compacta História da Segunda Guerra;567;920;1367
1571;M, o Filho do Século;458;627;1225
1572;Não se humilha, não;361;793;1293
1573;Baby Shark!;380;927;1308
1574;A Guerra Pela Uber;320;813;1201
1575;Cidade nas Trevas;359;852;1352
1576;Os segredos que guardamos;346;806;1229
1577;Oblivion Song: Entre Dois Mundos;299;849;1165
1578;Recursão;326;886;1147
1579;Orçamento sem falhas;335;782;1171
1580;Baby Shark!;375;847;1137
1581;M, o Filho do Século;296;788;1169
1582;Não se humilha, não;376;888;1229
1583;Minha Sombria Vanessa;324;810;1098
1584;Transforme sua vida com o Tarô;439;903;1290
1585;Recursão;375;857;1260
1586;M, o Filho do Século;348;781;1236
1587;Não se humilha, não;346;781;1310
1588;A Guerra Pela Uber;357;865;1486
1589;Cidade nas Trevas;330;866;1404
1590;Lira dos Vinte Anos;460;783;1418
1591;A Guerra Pela Uber;391;826;1172
1592;M, o Filho do Século;398;1545;1081
1593;Cidade nas Trevas;371;792;1128
1594;Baby Shark!;385;904;1169
1595;Baby Shark!;361;819;1210
1596;Orçamento sem falhas;341;785;1107
1597;Orçamento sem falhas;347;817;1195
1598;501 Grandes Escritores;640;1758;1301
1599;Minha Sombria Vanessa;573;801;1156
1600;Baby Shark!;337;935;1238
1601;A Punição de Bourne;1081;850;1279
1602;Confusões de Um Ano Desastroso;453;897;1342
1603;Cidade nas Trevas;383;808;1173
1604;Oblivion Song: Entre Dois Mundos;333;806;1098
1605;Orçamento sem falhas;431;801;1176
1606;CONTRATOS SAGRADOS;453;896;1245
1607;Orçamento sem falhas;338;849;1379
1608;Minha Sombria Vanessa;348;892;2013
1609;Trumbo;588;1060;1492
1610;Os segredos que guardamos;309;844;1154
1611;Orçamento sem falhas;350;846;1316
1612;Entrevista com o Vampiro;456;1022;2282
1613;Os segredos que guardamos;321;849;1191
1614;Baby Shark!;314;840;1272
1615;Minha Sombria Vanessa;360;840;1270
1616;Voltar a Palermo;393;773;1291
1617;Minha Sombria Vanessa;319;656;1338
1618;Conquistando A Liberdade Interior;427;769;1406
1619;Como Aumentar Sua Auto-Estima;431;688;1430
1620;A Guerra Pela Uber;1125;925;1309
1621;A Guerra Pela Uber;355;651;1326
1622;M, o Filho do Século;372;590;1232
1623;Não se humilha, não;333;548;1281
1624;A Guerra Pela Uber;601;680;1197
1625;Baby Shark!;326;710;1284
1626;Oblivion Song: Entre Dois Mundos;320;809;1203
1627;Oblivion Song: Entre Dois Mundos;324;586;1159
1628;Jogo da Velha;458;638;1333
1629;As lembranças;481;579;1348
1630;Vertigens;485;593;1332
1631;Oblivion Song: Entre Dois Mundos;362;506;1218
1632;As Lições de Chico Xavier;528;581;1212
1633;Recursão;375;661;1117
1634;M, o Filho do Século;350;647;1084
1635;Recursão;368;499;1275
1636;Orçamento sem falhas;361;576;1357
1637;Cidade nas Trevas;352;607;1169
1638;M, o Filho do Século;357;516;1286
1639;Cidade nas Trevas;351;657;1191
1640;A Guerra Pela Uber;343;498;1124
1641;Cidade nas Trevas;364;664;1166
1642;2012;714;1089;1438
1643;Os segredos que guardamos;527;585;1360
1644;Não é Coisa da Sua Cabeça;494;889;1277
1645;Recursão;386;831;1276
1646;Oblivion Song: Entre Dois Mundos;326;624;1230
1647;Não se humilha, não;339;721;1233
1648;Alfa e Ômega;471;640;1425
1649;Oblivion Song: Entre Dois Mundos;293;655;1107
1650;Stepsister;454;796;1078
1651;Não se humilha, não;322;684;1969
1652;Não se humilha, não;331;680;927
1653;Recursão;365;532;919
1654;Recursão;331;524;813
1655;A Rede da Flor;354;873;1767
1656;Baby Shark!;350;1253;1094
1657;Box Crepúsculo;436;715;1344
1658;M, o Filho do Século;306;499;1293
1659;A Mulher do Deus da Cozinha;411;966;1183
1660;Os segredos que guardamos;304;704;1260
1661;Minha Sombria Vanessa;345;623;1300
1662;Os segredos que guardamos;336;1354;1297
1663;Segredos de Nova York;403;692;1354
1664;M, o Filho do Século;347;663;1335
1665;Os segredos que guardamos;326;761;1144
1666;Tigre, Tigre;410;946;1548
1667;M, o Filho do Século;280;698;1034
1668;Orçamento sem falhas;311;632;1153
1669;Os segredos que guardamos;336;509;1250
1670;Réquiem por um Sonho;352;622;1372
1671;Recursão;330;669;1151
1672;Os segredos que guardamos;347;597;1119
1673;Recursão;331;490;1122
1674;Recursão;351;480;1122
1675;M, o Filho do Século;328;607;1164
1676;Orçamento sem falhas;350;565;1108
1677;Cidade nas Trevas;335;726;1149
1678;A Guerra Pela Uber;334;756;1070
1679;Cidade nas Trevas;338;634;1197
1680;Minha Sombria Vanessa;312;759;1062
1681;Minha Sombria Vanessa;332;718;1164
1682;Depois que tudo acabou;418;715;1211
1683;Meu Pequeno Taurino;429;762;1233
1684;A Guerra Pela Uber;336;688;1017
1685;Não se humilha, não;360;682;1415
1686;Escola 2: O Rebelde Está de Volta!;455;904;1442
1687;A Guerra Pela Uber;335;699;1259
1688;Pequeno Segredo;396;723;1394
1689;Baby Shark!;332;772;1197
1690;A Linguagem Corporal no Trabalho;457;836;1456
1691;Os segredos que guardamos;362;775;1292
1692;M, o Filho do Século;341;765;1259
1693;M, o Filho do Século;345;775;1307
1694;Terceira Voz;426;898;2172
1695;Os segredos que guardamos;313;779;1483
1696;M, o Filho do Século;315;660;1501
1697;M, o Filho do Século;358;576;1157
1698;Recursão;364;557;2462
1699;Cidade nas Trevas;338;634;1289
1700;Oblivion Song: Entre Dois Mundos;389;489;1197
1701;Os segredos que guardamos;410;477;1173
1702;Cidade nas Trevas;328;561;1073
1703;Músicas & Musas;438;597;1236
1704;Não se humilha, não;373;520;1130
1705;O Tempo Não Pode Parar;397;628;1315
1706;Os segredos que guardamos;328;708;1237
1707;Hitler e os Segredos do Nazismo Volume 2;544;1012;1276
1708;M, o Filho do Século;327;772;1248
1709;Baby Shark!;364;815;1208
1710;Recursão;336;774;1215
1711;Não se humilha, não;327;716;1284
1712;Orçamento sem falhas;329;775;1303
1713;O Filho de Sobek;420;883;1257
1714;M, o Filho do Século;334;749;1256
1715;A Guerra Pela Uber;339;796;1217
1716;Cidade nas Trevas;336;732;1473
1717;Oblivion Song: Entre Dois Mundos;382;643;6014
1718;Baby Shark!;359;660;26908
1719;Vingança da Maré;411;792;1675
1720;Os segredos que guardamos;355;1608;1474
1721;Orçamento sem falhas;317;794;1303
1722;Não se humilha, não;351;522;1242
1723;A Guerra Pela Uber;324;565;1260
1724;Oblivion Song: Entre Dois Mundos;349;651;1300
1725;O Pintor de Pássaros;475;597;1414
1726;Grande Oooh!;462;1319;1614
1727;Não se humilha, não;340;489;1529
1728;A Farsa de Prometeu;411;642;1349
1729;Não se humilha, não;341;720;1290
1730;Orçamento sem falhas;336;848;1302
1731;Crepúsculo;460;1265;1591
1732;A Guerra Pela Uber;346;945;1216
1733;Não se humilha, não;907;999;1267
1734;Minha Sombria Vanessa;302;872;1269
1735;Baby Shark!;389;857;1263
1736;Oblivion Song: Entre Dois Mundos;309;777;2288
1737;Onde Estivestes de Noite;418;1282;1357
1738;Orçamento sem falhas;356;1038;1226
1739;A Gaiola de Ouro;427;1061;1345
1740;Circus Maximus;426;1202;2272
1741;O MISTÉRIO DO FEITICEIRO - SHERLOCK HOLMES E OS IRREGULARES DE BAKER STREET, VOL. 2;396;1040;1573
1742;Baby Shark!;333;849;1460
1743;M, o Filho do Século;365;916;1421
1744;Oblivion Song: Entre Dois Mundos;341;1036;1516
1745;Não se humilha, não;309;889;1304
1746;Colección de libros de poesía.;417;1224;1414
1747;Baby Shark!;331;703;1446
1748;Simples Perfeição;439;763;1643
1749;Minha Sombria Vanessa;356;561;1187
1750;Cidade nas Trevas;336;514;1218
1751;Não se humilha, não;352;500;1251
1752;Prometida;476;883;1383
1753;O Salvador;467;586;1457
1754;Timmy Fiasco;343;601;1420
1755;Recursão;356;513;1321
1756;Os segredos que guardamos;329;490;1412
1757;M, o Filho do Século;338;466;1174
1758;Oblivion Song: Entre Dois Mundos;314;589;1260
1759;Baby Shark!;292;497;1427
1760;Recursão;401;474;1355
1761;Cidade nas Trevas;334;578;1704
1762;Fallen;447;687;1996
1763;Recursão;357;719;1540
1764;Minha Sombria Vanessa;331;745;1251
1765;M, o Filho do Século;326;651;1225
1766;Os segredos que guardamos;338;542;1236
1767;Não se humilha, não;334;483;1247
1768;M, o Filho do Século;316;696;1341
1769;Cidade nas Trevas;342;694;1370
1770;Não se humilha, não;327;543;1305
1771;Baby Shark!;359;591;1333
1772;Baby Shark!;347;530;1324
1773;Não se humilha, não;332;508;1338
1774;Minha Sombria Vanessa;348;715;1008
1775;Recursão;308;872;1034
1776;Hot Kid;412;785;1323
1777;Operação Xeque;514;667;1513
1778;Jogue sujo;461;631;1535
1779;A Guerra Pela Uber;328;569;2062
1780;Orçamento sem falhas;326;588;1423
1781;Um brinde a isso;539;656;1470
1782;Minha Sombria Vanessa;325;668;1573
1783;Oblivion Song: Entre Dois Mundos;329;512;2359
1784;Não se humilha, não;346;1275;1271
1785;A Segunda Guerra Mundial;424;767;1321
1786;A voz da sereia volta neste livro;434;749;1358
1787;Curto alcance;435;886;1412
1788;Grupo Sobre Grupo;412;594;1372
1789;Oblivion Song: Entre Dois Mundos;309;619;1447
1790;Baby Shark!;374;1191;1436
1791;M, o Filho do Século;344;605;1434
1792;Classic;391;607;1776
1793;Orçamento sem falhas;355;550;1311
1794;Príncipe Mecânico;455;649;1465
1795;Baby Shark!;483;545;1334
1796;O Grande Resgate dos Fantasmas;465;670;1502
1797;Jonas Brothers;456;769;1616
1798;Baby Shark!;400;563;1528
1799;Recursão;357;586;1520
1800;Recursão;356;594;1444
1801;Cachorros Submarinos;429;754;1568
1802;A Guerra Pela Uber;349;876;1359
1803;Prazeres Malditos;387;640;1539
1804;A Parte do Fogo;400;753;1711
1805;Sem Escolha;1050;634;1475
1806;Os segredos que guardamos;374;600;1347
1807;Os segredos que guardamos;362;674;1310
1808;Orçamento sem falhas;323;615;1289
1809;Os segredos que guardamos;338;715;1363
1810;M, o Filho do Século;364;604;1191
1811;Frio Congelante;424;759;1791
1812;Recursão;357;547;1355
1813;A Guerra Pela Uber;345;516;1306
1814;Recursão;341;594;1415
1815;A Guerra Pela Uber;343;793;1357
1816;Orçamento sem falhas;342;742;1386
1817;Recursão;368;508;1424
1818;Oblivion Song: Entre Dois Mundos;334;527;1404
1819;Baby Shark!;359;597;1364
1820;Cidade nas Trevas;341;533;1297
1821;Diário extraordinário;416;597;1377
1822;Eon - O Décimo Segundo Dragão;434;630;2129
1823;Minha Sombria Vanessa;353;621;1292
1824;Os segredos que guardamos;1207;492;1313
1825;Os segredos que guardamos;384;598;1305
1826;A Guerra Pela Uber;353;531;2380
1827;Baby Shark!;366;642;1369
1828;M, o Filho do Século;360;600;1410
1829;Cidade nas Trevas;354;512;1418
1830;Orçamento sem falhas;355;625;1392
1831;Toma um café contigo mesmo;439;867;1414
1832;Minha Sombria Vanessa;372;616;1510
1833;Minha Sombria Vanessa;366;675;1412
1834;Crash: Uma breve história da economia;400;622;1557
1835;Os segredos que guardamos;366;549;1439
1836;Orçamento sem falhas;351;525;1475
1837;Não se humilha, não;349;534;1358
1838;Não se humilha, não;347;537;1359
1839;Minha Sombria Vanessa;337;546;1260
1840;M, o Filho do Século;355;535;1646
1841;Minha Sombria Vanessa;362;538;1422
1842;M, o Filho do Século;351;534;1415
1843;Mataram a Rainha;409;633;1576
1844;Não se humilha, não;294;526;1407
1845;Não se humilha, não;333;528;1473
1846;Não se humilha, não;305;535;1450
1847;M, o Filho do Século;374;510;1456
1848;Corra para ser feliz;483;1293;1501
1849;A Guerra Pela Uber;345;659;1331
1850;Não se humilha, não;315;659;1316
1851;Cidade nas Trevas;335;642;1254
1852;Recursão;365;600;1288
1853;A Honra das Terras Altas;421;651;1520
1854;Não se humilha, não;301;1295;1402
1855;Baby Shark!;361;526;1313
1856;Minha Sombria Vanessa;324;702;1424
1857;Quitandas de Minas;437;834;1424
1858;Recursão;957;632;1387
1859;Os segredos que guardamos;400;783;1274
1860;Cidade nas Trevas;342;632;1370
1861;Minha Sombria Vanessa;330;722;1257
1862;Cidade nas Trevas;309;803;1392
1863;Minha Sombria Vanessa;346;544;1470
1864;Os segredos que guardamos;328;589;2138
1865;Baby Shark!;343;722;1510
1866;Baby Shark!;361;626;1406
1867;Cidade nas Trevas;329;724;1404
1868;Baby Shark!;349;727;2454
1869;Não se humilha, não;321;669;1523
1870;Cidade nas Trevas;334;681;1342
1871;Cidade nas Trevas;328;614;1369
1872;Não se humilha, não;350;586;1372
1873;Doce Vampiro;419;808;1639
1874;Minha Sombria Vanessa;334;750;1360
1875;Depois de Auschwitz;405;814;1440
1876;Oblivion Song: Entre Dois Mundos;345;767;1377
1877;Minha Sombria Vanessa;333;789;1267
1878;Orçamento sem falhas;339;782;1267
1879;Não se humilha, não;335;566;1257
1880;M, o Filho do Século;644;700;1258
1881;Caderno de Rabiscos para Adultos Entediados no Trabalho;412;841;1330
1882;A Guerra Pela Uber;339;807;1301
1883;Baby Shark!;392;841;1312
1884;Orçamento sem falhas;350;736;1292
1885;A Guerra Pela Uber;329;924;1276
1886;Não se humilha, não;346;733;1265
1887;A pipa e a flor;504;745;1345
1888;Cidade nas Trevas;337;707;1261
1889;Baby Shark!;357;794;1352
1890;Orçamento sem falhas;324;526;1305
1891;Minha Sombria Vanessa;338;558;1404
1892;A Guerra Pela Uber;328;598;1344
1893;Não se humilha, não;319;640;1445
1894;Não se humilha, não;344;524;1455
1895;Oblivion Song: Entre Dois Mundos;337;523;1348
1896;M, o Filho do Século;337;527;1376
1897;Baby Shark!;353;540;1549
1898;Recursão;361;545;1517
1899;Não se humilha, não;358;765;1376
1900;Recursão;368;768;1320
1901;Baby Shark!;370;757;1532
1902;Oblivion Song: Entre Dois Mundos;338;679;1512
1903;Orçamento sem falhas;336;650;1364
1904;A Queda;444;865;1641
1905;Os segredos que guardamos;510;667;1378
1906;Recursão;378;568;1358
1907;Quem se lembra de David Foenkinos?;414;751;2359
1908;Dia De Confissão;441;921;1406
1909;Baby Shark!;360;825;1317
1910;Baby Shark!;365;717;1239
1911;Minha Sombria Vanessa;353;705;2136
1912;O último trem para Istambul;427;1443;1396
1913;A Música do Cinema - 1;419;884;1414
1914;Cidade nas Trevas;370;762;1342
1915;Minha Sombria Vanessa;341;734;1298
1916;A Guerra Pela Uber;342;725;1312
1917;Orçamento sem falhas;358;745;1270
1918;Baby Shark!;377;1561;1231
1919;A Guerra Pela Uber;383;716;1362
1920;A Guerra Pela Uber;323;704;1092
1921;A Beleza da Fera;429;871;1357
1922;Minha Sombria Vanessa;594;778;1381
1923;M, o Filho do Século;372;784;1209
1924;Orçamento sem falhas;307;774;1196
1925;Não se humilha, não;334;735;1177
1926;O Caminho;433;754;1383
1927;M, o Filho do Século;344;471;1332
1928;Recursão;357;564;1292
1929;Box Coleção Ditadura;413;786;1389
1930;O livro negro dos segredos;409;876;1356
1931;Baby Shark!;339;754;1414
1932;A Guerra Pela Uber;310;754;1249
1933;A Garota Que Você Deixou Para Trás;395;830;1360
1934;Baby Shark!;351;654;1328
1935;Cidade nas Trevas;349;771;1303
1936;Os segredos que guardamos;346;698;1265
1937;Orçamento sem falhas;337;628;1326
1938;Orçamento sem falhas;302;802;1295
1939;A Guerra Pela Uber;349;744;1230
1940;Oblivion Song: Entre Dois Mundos;342;776;1274
1941;Não se humilha, não;328;748;1326
1942;Baby Shark!;347;707;1331
1943;M, o Filho do Século;364;774;2175
1944;A Guerra Pela Uber;334;683;1256
1945;Os segredos que guardamos;430;621;1345
1946;Oblivion Song: Entre Dois Mundos;331;695;1369
1947;Não se humilha, não;354;728;1226
1948;M, o Filho do Século;353;627;1323
1949;Oblivion Song: Entre Dois Mundos;325;593;1255
1950;Baby Shark!;387;747;2118
1951;A Guerra Pela Uber;333;526;1338
1952;Recursão;359;766;1309
1953;Minha Sombria Vanessa;460;735;1434
1954;Não se humilha, não;352;495;2217
1955;Não se humilha, não;330;506;1303
1956;Arte de Viver;443;621;1359
1957;Herdeira do Fogo;489;891;1407
1958;Recursão;526;812;1417
1959;A Guerra Pela Uber;418;605;1400
1960;Baby Shark!;334;537;1370
1961;A Guerra Pela Uber;332;755;1313
1962;O Documento Holcroft;529;622;1342
1963;Não se humilha, não;427;600;1245
1964;A Guerra Pela Uber;351;714;1271
1965;Recursão;364;845;1319
1966;Box - Mario Sergio Cortella - 2 Volumes;364;594;1363
1967;Orçamento sem falhas;361;617;1258
1968;M, o Filho do Século;369;564;1250
1969;Oblivion Song: Entre Dois Mundos;365;547;1268
1970;Não se humilha, não;352;733;1272
1971;Orixás na Umbanda;410;836;1426
1972;Oblivion Song: Entre Dois Mundos;375;784;1390
1973;Em Busca de Uma Psicologia do Despertar;443;838;1620
1974;Minha Sombria Vanessa;355;631;1328
1975;Não se humilha, não;334;861;1329
1976;Oblivion Song: Entre Dois Mundos;360;1502;1256
1977;Não se humilha, não;360;561;1710
1978;Oblivion Song: Entre Dois Mundos;333;595;1281
1979;A Guerra Pela Uber;347;482;1273
1980;Oblivion Song: Entre Dois Mundos;310;687;1229
1981;Talvez Agora;433;912;1412
1982;Baby Shark!;350;1592;1437
1983;A Maleta de Criaturas;428;835;1289
1984;M, o Filho do Século;337;819;1291
1985;A Guerra Pela Uber;358;796;1224
1986;Como os Vírus e as Pandemias Evoluem;677;932;1553
1987;Orçamento sem falhas;337;560;1392
1988;M, o Filho do Século;333;513;1309
1989;M, o Filho do Século;344;596;1136
1990;Os segredos que guardamos;323;542;1420
1991;A Revolta das coisas;398;896;1446
1992;Orçamento sem falhas;343;732;1953
1993;Minha Sombria Vanessa;326;853;1377
1994;Os segredos que guardamos;315;758;1698
1995;Orçamento sem falhas;307;668;1406
1996;Dracul;434;921;2461
1997;M, o Filho do Século;330;694;1378
1998;Manual dos jovens estressados;395;849;1548
1999;Minha Sombria Vanessa;293;811;1401
2000;Quem tem fé não precisa de sorte;430;830;1561
2001;Não se humilha, não;338;607;1358
2002;Baby Shark!;343;834;1369
2003;Baby Shark!;346;808;1515
2004;Os segredos que guardamos;334;752;1299
2005;Cidade nas Trevas;355;672;1315
2006;O Bicho Folharal;332;1019;1295
2007;Orçamento sem falhas;373;790;1320
2008;O Protetor;369;948;1438
2009;Cidade nas Trevas;340;638;1420
2010;Orçamento sem falhas;1038;769;1643
2011;Os segredos que guardamos;363;878;1343
2012;M, o Filho do Século;378;908;1329
2013;Os segredos que guardamos;295;787;1316
2014;Recursão;330;754;1288
2015;Profissão Repórter 10 Anos;391;880;1369
2016;Não se humilha, não;331;849;1270
2017;A Guerra Pela Uber;349;858;1169
2018;Não se humilha, não;347;690;1155
2019;Oblivion Song: Entre Dois Mundos;498;797;1273
2020;A síndrome de Ulisses;463;883;1393
2021;Era Uma Vez No Outono;353;825;1305
2022;Minha Sombria Vanessa;369;765;1285
2023;Orçamento sem falhas;373;720;1334
2024;M, o Filho do Século;347;786;1303
2025;A Guerra Pela Uber;439;744;1282
2026;Baby Shark!;371;755;1371
2027;Sem Juízo;428;880;1372
2028;A Segunda Vida de Missy;325;860;1399
2029;Minha Sombria Vanessa;1096;707;1466
2030;Fala Sério, Pai!;456;718;1480
2031;A Guerra Pela Uber;360;821;1278
2032;Orçamento sem falhas;363;847;1701
2033;A Guerra Pela Uber;349;673;1317
2034;Baby Shark!;362;801;1386
2035;Baby Shark!;380;820;2004
2036;Cidade nas Trevas;331;641;1229
2037;Os segredos que guardamos;303;747;1264
2038;Cruella (e-Book);498;760;1408
2039;Baby Shark!;364;640;2305
2040;O Grande Livro de Ciências do Manual do Mundo;466;1402;1476
2041;Cidade nas Trevas;336;602;1330
2042;Oblivion Song: Entre Dois Mundos;356;821;1328
2043;Os segredos que guardamos;302;768;1329
2044;Capital e Ideologia;576;895;1390
2045;Cidade nas Trevas;326;752;1302
2046;Orgulho e Preconceito;432;1826;1332
2047;Moxie;463;1025;1497
2048;Mais veja como se faz;572;925;1675
2049;Star Wars - Figuras de chumbo - 17;412;867;1375
2050;A Guerra Pela Uber;313;788;1317
2051;A Guerra Pela Uber;357;797;1311
2052;A Guerra Pela Uber;343;646;1291
2053;Baby Shark!;368;935;1387
2054;Os segredos que guardamos;377;802;1327
2055;Recursão;364;808;1357
2056;Oblivion Song: Entre Dois Mundos;365;737;1275
2057;Os segredos que guardamos;343;523;1408
2058;M, o Filho do Século;282;531;1288
2059;Recursão;390;561;1323
2060;Oblivion Song: Entre Dois Mundos;421;574;1394
2061;Orçamento sem falhas;329;679;1132
2062;Não se humilha, não;306;515;1404
2063;Não se humilha, não;325;537;1254
2064;Oblivion Song: Entre Dois Mundos;339;873;1333
2065;A Guerra Pela Uber;313;827;1431
2066;Caos No Colégio;431;770;1389
2067;Oblivion Song: Entre Dois Mundos;331;492;1294
2068;A caixa preta;462;626;1387
2069;Oblivion Song: Entre Dois Mundos;413;461;1175
2070;Minha Sombria Vanessa;684;530;1345
2071;Orçamento sem falhas;338;523;1269
2072;A viagem proibida: Nas trilhas do ouro;400;605;1314
2073;Não se humilha, não;365;515;1333
2074;Recursão;344;492;1328
2075;Oblivion Song: Entre Dois Mundos;370;498;1275
2076;Os segredos que guardamos;351;625;1330
2077;M, o Filho do Século;539;614;1282
2078;Oblivion Song: Entre Dois Mundos;389;501;2215
2079;Minha Sombria Vanessa;359;595;1281
2080;Os segredos que guardamos;340;501;1257
2081;Baby Shark!;344;573;1320
2082;Baby Shark!;348;740;2306
2083;Cidade nas Trevas;353;868;1374
2084;Como se defender de ataques verbais;412;887;1391
2085;Os segredos que guardamos;342;773;1288
2086;O gênio feminino: a vida, a loucura, as palavras;421;721;1500
2087;POR QUE MARTE E VÊNUS COLIDEM;408;865;1500
2088;Os segredos que guardamos;363;787;1293
2089;A Guerra Pela Uber;329;773;1357
2090;Os segredos que guardamos;328;464;1309
2091;A Guerra Pela Uber;357;581;1244
2092;Orçamento sem falhas;335;536;1321
2093;Os segredos que guardamos;341;494;1300
2094;Recursão;341;510;1359
2095;A Maldição do Titã;424;504;1447
2096;Não se humilha, não;310;524;1319
2097;M, o Filho do Século;359;538;1302
2098;Oblivion Song: Entre Dois Mundos;362;712;1323
2099;Rosas de Maio;464;721;1415
2100;Cem Melhores Crônicas;512;785;1439
2101;Os Mercadores da Noite;469;817;1479
2102;Orçamento sem falhas;330;707;1348
2103;Os segredos que guardamos;350;820;1265
2104;Baby Shark!;357;1448;1308
2105;A Guerra Pela Uber;361;769;1247
2106;Cidade nas Trevas;390;868;1215
2107;A Guerra Pela Uber;327;747;1313
2108;Baby Shark!;377;722;1278
2109;Os segredos que guardamos;345;758;1302
2110;Orçamento sem falhas;360;1516;1278
2111;Os segredos que guardamos;332;581;1282
2112;Não se humilha, não;361;522;1283
2113;Recursão;362;695;1284
2114;Sociedade Cinderela;434;659;1316
2115;Não se humilha, não;337;628;1329
2116;Minha Sombria Vanessa;474;500;1328
2117;Ligeiramente Maliciosos;418;630;1337
2118;Os segredos que guardamos;327;524;1267
2119;Cidade nas Trevas;546;470;1443
2120;Baby Shark!;351;629;2449
2121;M, o Filho do Século;345;712;1347
2122;Prazer Sem Limites;392;655;1495
2123;O Cadáver que Ri;449;725;1531
2124;Baby Shark!;368;582;2317
2125;Cidade nas Trevas;337;550;1495
2126;Cidade nas Trevas;305;505;1422
2127;A Guerra Pela Uber;315;534;1398
2128;Baby Shark!;343;730;1489
2129;Orçamento sem falhas;341;841;1477
2130;Baby Shark!;357;829;1334
2131;Oblivion Song: Entre Dois Mundos;341;593;1305
2132;A Guerra Pela Uber;291;723;1299
2133;Star Wars - Figuras de Chumbo - 07;402;616;1451
2134;M, o Filho do Século;328;576;1378
2135;1001 Discos Para Ouvir Antes de Morrer;486;2730;5779
2136;Orçamento sem falhas;553;836;1416
2137;Não se humilha, não;347;774;1257
2138;Não se humilha, não;366;524;1239
2139;A Lâmina da Assassina;440;645;1646
2140;Oblivion Song: Entre Dois Mundos;355;443;1270
2141;Minha Sombria Vanessa;345;504;1244
2142;Baby Shark!;331;636;1318
2143;Orçamento sem falhas;326;672;1315
2144;Não se humilha, não;317;876;1295
2145;Oblivion Song: Entre Dois Mundos;367;788;1296
2146;Cidade nas Trevas;358;623;1357
2147;M, o Filho do Século;323;552;1344
2148;Os segredos que guardamos;340;496;1537
2149;Não se humilha, não;342;527;1308
2150;Oblivion Song: Entre Dois Mundos;336;696;1298
2151;Oblivion Song: Entre Dois Mundos;325;719;1259
2152;Orçamento sem falhas;350;500;1275
2153;Minha Sombria Vanessa;352;469;1384
2154;M, o Filho do Século;332;493;1266
2155;Baby Shark!;369;677;1335
2156;A Guerra Pela Uber;351;828;1355
2157;Lá no Alto das Nuvens;473;789;1338
2158;Oblivion Song: Entre Dois Mundos;292;580;1315
2159;A Menina da Montanha;429;847;1373
2160;Orçamento sem falhas;326;804;1327
2161;Recursão;362;681;1479
2162;Oblivion Song: Entre Dois Mundos;360;745;1219
2163;Não se humilha, não;331;818;1793
2164;M, o Filho do Século;335;680;1247
2165;M, o Filho do Século;352;557;1311
2166;Colección de libros de poesía.;338;570;1345
2167;M, o Filho do Século;344;641;2073
2168;Recursão;394;1226;1399
2169;Tempo dos Anjos;433;818;1421
2170;Oblivion Song: Entre Dois Mundos;346;651;1340
2171;M, o Filho do Século;355;677;1289
2172;Recursão;364;737;1293
2173;Recursão;370;775;1375
2174;Oblivion Song: Entre Dois Mundos;448;1511;1487
2175;Oblivion Song: Entre Dois Mundos;304;795;1344
2176;Os segredos que guardamos;329;790;1420
2177;Baby Shark!;338;796;1559
2178;Lua Nova;454;925;1563
2179;Baby Shark!;370;772;1349
2180;Uma ética para o novo milênio;513;997;1567
2181;Recursão;352;736;1280
2182;Recursão;354;975;1336
2183;Recursão;364;829;1277
2184;Minha Sombria Vanessa;371;789;1511
2185;Oblivion Song: Entre Dois Mundos;341;678;1379
2186;Os segredos que guardamos;318;656;1335
2187;Recursão;377;796;1408
2188;Recursão;355;803;1374
2189;Cidade nas Trevas;387;621;1316
2190;Minha Sombria Vanessa;353;716;1310
2191;Cidade nas Trevas;352;717;1288
2192;Orçamento sem falhas;341;659;1293
2193;M, o Filho do Século;363;671;1321
2194;Minha Sombria Vanessa;349;771;1274
2195;Recursão;351;605;1382
2196;A Guerra Pela Uber;343;651;1342
2197;Recursão;372;664;1299
2198;O Futuro da Humanidade;551;992;1604
2199;Não se humilha, não;348;625;1265
2200;Orçamento sem falhas;321;684;1583
2201;Recursão;356;662;1458
2202;Cidade nas Trevas;329;743;1500
2203;manual do mané;414;742;1462
2204;A Guerra Pela Uber;322;776;1427
2205;A Mancha de Sangue;429;819;1581
2206;Uma História das Orgias;498;845;2440
2207;Minha Sombria Vanessa;371;713;1305
2208;Os segredos que guardamos;333;632;1337
2209;Cidade nas Trevas;327;730;1308
2210;Minha Sombria Vanessa;328;743;2154
2211;Recursão;352;698;1314
2212;Não se humilha, não;329;653;1255
2213;Recursão;377;756;1265
2214;O poder das mulheres fortes;1292;920;1535
2215;Cidade nas Trevas;367;612;1189
2216;Baby Shark!;363;749;1217
2217;A Guerra Pela Uber;357;782;1300
2218;Recursão;333;808;1314
2219;Orçamento sem falhas;317;766;1325
2220;Os segredos que guardamos;374;650;1360
2221;A Guerra Pela Uber;371;768;1296
2222;Viajar no tempo;427;816;1387
2223;M, o Filho do Século;334;743;1346
2224;Recursão;361;703;1312
2225;Oblivion Song: Entre Dois Mundos;293;635;1339
2226;Orçamento sem falhas;343;628;1341
2227;Os segredos que guardamos;343;707;1375
2228;Cidade nas Trevas;343;729;1253
2229;Recursão;383;749;1359
2230;Não se humilha, não;344;690;1299
2231;Minha Sombria Vanessa;356;829;1336
2232;Orçamento sem falhas;367;1338;1338
2233;Os segredos que guardamos;348;755;1387
2234;Minha Sombria Vanessa;1221;729;1316
2235;Não se humilha, não;380;856;1277
2236;M, o Filho do Século;343;745;1437
2237;Não se humilha, não;316;748;1265
2238;Minha Sombria Vanessa;334;1685;1297
2239;Orçamento sem falhas;345;751;1281
2240;Orçamento sem falhas;347;752;1470
2241;Cidade nas Trevas;354;671;1317
2242;M, o Filho do Século;356;515;1448
2243;Despertar;565;763;1579
2244;A Guerra Pela Uber;349;683;1390
2245;Como se tornar mais organizado e produtivo;424;703;1727
2246;Minha Sombria Vanessa;337;675;1387
2247;Recursão;346;703;1375
2248;A Guerra Pela Uber;341;748;1995
2249;Os segredos que guardamos;482;767;1283
2250;Recursão;436;783;1260
2251;Recursão;366;761;1318
2252;Recursão;368;794;1979
2253;Orçamento sem falhas;336;570;1361
2254;Recursão;376;768;1297
2255;Baby Shark!;384;777;1273
2256;Os segredos que guardamos;328;744;927
2257;A Guerra Pela Uber;367;553;1069
2258;A Guerra Pela Uber;360;478;1011
2259;M, o Filho do Século;332;585;1069
2260;Minha Sombria Vanessa;368;515;983
2261;Baby Shark!;356;555;873
2262;Cidade dos Anjos Caídos;478;674;955
2263;Os segredos que guardamos;646;543;1002
2264;A Guerra Pela Uber;325;555;1101
2265;Minha Sombria Vanessa;289;526;1298
2266;Recursão;308;577;1298
2267;Many Lives, Many Masters;419;745;1325
2268;Recursão;347;622;1182
2269;A Guerra Pela Uber;348;543;1387
2270;Gatinhos;414;742;1277
2271;Não se humilha, não;293;706;1235
2272;Orçamento sem falhas;336;593;1269
2273;Oblivion Song: Entre Dois Mundos;324;471;1293
2274;Não se humilha, não;352;538;1337
2275;Teto Para Dois;450;663;1463
2276;Minha Sombria Vanessa;354;518;1357
2277;Orçamento sem falhas;324;478;1347
2278;Cidade nas Trevas;333;517;1345
2279;M, o Filho do Século;359;584;1304
2280;Recursão;341;553;1296
2281;Oblivion Song: Entre Dois Mundos;332;586;1300
2282;Os segredos que guardamos;311;727;1282
2283;Os segredos que guardamos;327;749;1417
2284;Cidade nas Trevas;332;764;2303
2285;Minha Sombria Vanessa;370;803;1335
2286;Noite Eterna;457;831;1678
2287;Oblivion Song: Entre Dois Mundos;298;519;1291
2288;Minha Sombria Vanessa;321;488;1321
2289;M, o Filho do Século;332;573;1327
2290;A Guerra Pela Uber;335;454;1283
2291;Oblivion Song: Entre Dois Mundos;319;515;2037
2292;Os segredos que guardamos;317;498;1210
2293;Baby Shark!;365;549;1344
2294;Os segredos que guardamos;321;542;1405
2295;M, o Filho do Século;344;548;2180
2296;Menina iluminada;443;1198;1427
2297;M, o Filho do Século;366;552;1337
2298;Como mentir com estatística;431;689;1423
2299;Cidade nas Trevas;355;534;1349
2300;Recursão;353;668;1289
2301;A Guerra Pela Uber;341;61662;1247
2302;M, o Filho do Século;360;74986;1225
2303;A Dieta de South Beach Aditivada;439;971;1372
2304;Não se humilha, não;331;912;1395
2305;Baby Shark!;303;1052;1379
2306;A Guerra Pela Uber;326;866;1271
2307;Minha Sombria Vanessa;338;752;1254
2308;Baby Shark!;354;782;1313
2309;M, o Filho do Século;315;927;1213
2310;Orçamento sem falhas;283;790;1266
2311;Como curar suas feridas emocionais;435;871;1409
2312;Minha Sombria Vanessa;368;773;1290
2313;A Guerra Pela Uber;359;732;1272
2314;M, o Filho do Século;331;779;1327
2315;M, o Filho do Século;338;778;1294
2316;Minha Sombria Vanessa;338;779;1457
2317;Não se humilha, não;349;774;1218
2318;O Melhor de Mim;396;900;1340
2319;A Guerra Pela Uber;339;718;1235
2320;O Sagrado;451;980;1446
2321;A Guerra Pela Uber;463;860;1236
2322;Os segredos que guardamos;338;777;1361
2323;Orçamento sem falhas;347;485;1338
2324;Orçamento sem falhas;355;573;1476
2325;Minha Sombria Vanessa;396;638;1253
2326;Cidade nas Trevas;338;531;1188
2327;Baby Shark!;346;593;1475
2328;O filho de Hitler;428;743;1269
2329;Baby Shark!;371;577;1275
2330;Os segredos que guardamos;334;663;1191
2331;Na ponta da língua;387;715;1400
2332;Desejos dos Mortos;441;858;1234
2333;Grandes erros;423;751;1621
2334;Oblivion Song: Entre Dois Mundos;330;758;1902
2335;Frankenstein- O Médico e o Monstro- Drácula;408;715;1484
2336;Não se humilha, não;341;802;1351
2337;Recursão;350;844;1398
2338;O Fio do Bisturi;431;843;2262
2339;Baby Shark!;340;794;1368
2340;Os segredos que guardamos;707;630;1364
2341;Não se humilha, não;325;479;1337
2342;O Apanhador de Sonhos;459;583;1445
2343;Recursão;374;499;1398
2344;Orçamento sem falhas;361;693;1275
2345;Não se humilha, não;304;612;1530
2346;Não se humilha, não;344;696;1363
2347;Orçamento sem falhas;324;706;1311
2348;Minha Sombria Vanessa;329;798;1217
2349;Minha Sombria Vanessa;328;692;1244
2350;Recursão;370;576;1250
2351;Baby Shark!;370;584;1277
2352;Cidade nas Trevas;337;514;1319
2353;Recursão;349;531;1300
2354;Oblivion Song: Entre Dois Mundos;332;561;1428
2355;Clichê;470;971;1556
2356;Não se humilha, não;314;849;1440
2357;Cidade nas Trevas;341;821;1283
2358;Como a Filosofia pode explicar o Amor;431;882;1378
2359;Cidade nas Trevas;357;799;1292
2360;M, o Filho do Século;326;1668;1348
2361;Recursão;342;796;1321
2362;Minha Sombria Vanessa;321;777;1317
2363;DIETA GREGA;490;800;1486
2364;Minha Sombria Vanessa;347;657;1310
2365;Não se humilha, não;369;544;1280
2366;Não se humilha, não;337;1311;1321
2367;As Novas Revelações: Uma conversa com Deus;551;778;1304
2368;Baby Shark!;328;640;1338
2369;A Guerra Pela Uber;447;553;1241
2370;Baby Shark!;340;783;1342
2371;Baby Shark!;340;826;1278
2372;Não se humilha, não;323;775;1315
2373;Os segredos que guardamos;330;734;1330
2374;Os segredos que guardamos;330;567;1347
2375;Orçamento sem falhas;328;599;1356
2376;Oblivion Song: Entre Dois Mundos;329;506;2201
2377;A Guerra Pela Uber;339;483;1774
2378;Recursão;372;661;1447
2379;Os segredos que guardamos;349;675;1535
2380;Cidade nas Trevas;615;754;2223
2381;Não se humilha, não;331;765;1282
2382;Recursão;353;845;1275
2383;Minha Sombria Vanessa;347;784;1475
2384;M, o Filho do Século;358;776;1406
2385;Cidade nas Trevas;341;790;1366
2386;Não se humilha, não;339;779;1465
2387;Box Biblioteca Hogwarts;407;849;1391
2388;M, o Filho do Século;318;617;1282
2389;Baby Shark!;345;697;1598
2390;Orçamento sem falhas;333;577;1319
2391;M, o Filho do Século;342;599;1333
2392;Baby Shark!;349;584;1412
2393;A Guerra Pela Uber;327;619;1294
2394;Kade;429;797;1473
2395;Recursão;364;862;1254
2396;Orçamento sem falhas;383;812;1322
2397;Minha Sombria Vanessa;319;667;1383
2398;Orçamento sem falhas;331;563;1256
2399;Orçamento sem falhas;311;635;1357
2400;Minha Sombria Vanessa;360;772;1356
2401;Os segredos que guardamos;320;673;1302
2402;Os segredos que guardamos;350;541;1311
2403;Os segredos que guardamos;356;599;1369
2404;Twister;482;700;1448
2405;Oblivion Song: Entre Dois Mundos;328;586;1168
2406;Orçamento sem falhas;361;707;1253
2407;Os segredos que guardamos;389;626;1305
2408;Minha Sombria Vanessa;367;526;1318
2409;Oblivion Song: Entre Dois Mundos;379;696;1333
2410;M, o Filho do Século;342;518;1323
2411;M, o Filho do Século;342;590;1360
2412;Os segredos que guardamos;320;495;1352
2413;Baby Shark!;383;660;1362
2414;Os segredos que guardamos;324;641;1313
2415;Cidade nas Trevas;333;668;1311
2416;M, o Filho do Século;332;651;1243
2417;A Guerra Pela Uber;330;768;1245
2418;A Guerra Pela Uber;332;782;1293
2419;Demônios do Paraíso;1530;889;2226
2420;M, o Filho do Século;390;606;1312
2421;Baby Shark!;366;693;1323
2422;Orçamento sem falhas;331;728;1505
2423;A Guerra Pela Uber;338;761;2473
2424;Não se humilha, não;319;1087;1493
2425;Os segredos que guardamos;318;781;1308
2426;Oblivion Song: Entre Dois Mundos;326;550;1401
2427;Cidade nas Trevas;341;815;1400
2428;Oblivion Song: Entre Dois Mundos;338;789;1216
2429;Os segredos que guardamos;333;629;1558
2430;Os Testamentos;593;1727;1428
2431;Baby Shark!;334;838;1709
2432;Não se humilha, não;320;750;1361
2433;Os segredos que guardamos;337;743;1282
2434;Manuscrito encontrado em Accra;463;645;1432
2435;Baby Shark!;371;575;1396
2436;O Códex dos Caçadores de Sombras;425;692;1546
2437;Não se humilha, não;367;775;1418
2438;Não se humilha, não;1493;808;1404
2439;Meu pai, seu porco e eu;503;686;1376
2440;O Mais Desejado dos Highlanders;423;753;1540
2441;Não se humilha, não;341;638;1313
2442;Minha Sombria Vanessa;338;708;1329
2443;Recursão;332;669;1518
2444;Minha Sombria Vanessa;323;721;1322
2445;Recursão;372;784;1333
2446;Não se humilha, não;342;793;1363
2447;M, o Filho do Século;345;687;1646
2448;Solteira Até Sábado;436;620;1569
2449;Orçamento sem falhas;333;598;1394
2450;Paixão Índia;525;853;1633
2451;Não se humilha, não;341;774;1344
2452;M, o Filho do Século;367;787;1313
2453;Um conto de fadas em Manhattan;383;829;1450
2454;Círculo de Fogo;416;785;1738
2455;Recursão;340;806;1571
2456;Não se humilha, não;337;764;1361
2457;Minha Sombria Vanessa;343;742;1365
2458;Baby Shark!;328;819;1365
2459;Oblivion Song: Entre Dois Mundos;312;755;1350
2460;Orçamento sem falhas;335;762;1327
2461;A Guerra Pela Uber;321;719;1460
2462;Baby Shark!;342;688;2111
2463;Minha Sombria Vanessa;368;679;1325
2464;Baby Shark!;347;641;1381
2465;Baby Shark!;354;732;1300
2466;O último elfo;460;869;2183
2467;Minha Sombria Vanessa;346;812;1193
2468;Eu Voltei!;426;782;1591
2469;Cidadão Kane;706;796;1511
2470;Não se humilha, não;381;816;1371
2471;Cidade nas Trevas;363;814;1266
2472;A História do Western;528;785;1389
2473;Orçamento sem falhas;320;760;1288
2474;Orçamento sem falhas;338;772;1351
2475;Cidade nas Trevas;369;820;1581
2476;O TEMPO NÃO TEM IDADE;458;680;1440
2477;A Guerra Pela Uber;328;739;1244
2478;Cantiga de Ninar;377;643;1332
2479;Oblivion Song: Entre Dois Mundos;231;711;1285
2480;A Marca de Atena;414;568;1318
2481;M, o Filho do Século;289;745;1171
2482;Os segredos que guardamos;286;556;1147
2483;Vire a página;412;714;1462
2484;Cidade nas Trevas;261;771;1310
2485;Baby Shark!;282;623;1440
2486;Minha Sombria Vanessa;336;670;1321
2487;M, o Filho do Século;220;641;1375
2488;Oblivion Song: Entre Dois Mundos;277;1018;1160
2489;Cidade nas Trevas;243;799;1226
2490;A Guerra Pela Uber;243;790;1200
2491;Não se humilha, não;250;781;1241
2492;Oblivion Song: Entre Dois Mundos;233;815;1201
2493;M, o Filho do Século;259;757;1224
2494;Não se humilha, não;280;1715;1276
2495;Minha Sombria Vanessa;265;813;1233
2496;Cidade nas Trevas;221;781;1350
2497;Oblivion Song: Entre Dois Mundos;270;601;1344
2498;Minha Sombria Vanessa;202;764;1444
2499;Os segredos que guardamos;218;526;1509
2500;A Convenção Das Aves;330;516;1410
2501;A Guerra Pela Uber;236;494;1378
2502;Carta aberta de Woody Allen para Platão;381;724;1399
2503;Orçamento sem falhas;393;659;1412
2504;Os Extraterrestres;502;824;2368
2505;A Guerra Pela Uber;223;631;1561
2506;Anne de Avonlea;457;823;1382
2507;Oblivion Song: Entre Dois Mundos;347;628;1449
2508;Oblivion Song: Entre Dois Mundos;289;714;2126
2509;Baby Shark!;303;791;1310
2510;Das Estrelas ao Oceano (Capa Dura);390;633;1411
2511;A Guerra Pela Uber;354;603;1276
2512;Baby Shark!;371;754;1238
2513;A Guerra Pela Uber;329;681;1152
2514;Velho Muito Cedo, Sábio Muito Tarde;407;712;1313
2515;Cidade nas Trevas;416;682;1145
2516;Amor sob encomenda;432;791;1440
2517;Baby Shark!;361;717;1308
2518;Recursão;363;530;1346
2519;Não se humilha, não;350;648;1321
2520;Os segredos que guardamos;331;512;1371
2521;A Descoberta do Mundo;464;616;1452
2522;Não se humilha, não;325;737;1313
2523;Cidade nas Trevas;317;778;1307
2524;Minha Sombria Vanessa;345;539;1573
2525;Carlos Diegues;425;830;1430
2526;Minha Sombria Vanessa;324;775;1257
2527;A Ética do Rei Menino;440;741;1394
2528;Minha Sombria Vanessa;324;741;1264
2529;Orçamento sem falhas;288;712;1237
2530;Baby Shark!;303;614;1301
2531;Cidade nas Trevas;314;534;1471
2532;Recursão;385;587;1368
2533;Vamos Passear no Bosque;411;595;1446
2534;Os segredos que guardamos;363;562;1314
2535;Orçamento sem falhas;295;521;1310
2536;Os segredos que guardamos;270;499;1296
2537;Minha Sombria Vanessa;354;531;1136
2538;Os segredos que guardamos;343;538;1503
2539;Baby Shark!;301;579;1252
2540;A Guerra Pela Uber;418;526;1254
2541;Minha Sombria Vanessa;338;615;1244
2542;A Guerra Pela Uber;375;551;1192
2543;Baby Shark!;354;556;1234
2544;Recursão;299;614;1572
2545;Os segredos que guardamos;336;526;1293
2546;Cidade nas Trevas;384;609;1302
2547;Baby Shark!;329;630;2134
2548;Os segredos que guardamos;372;549;1374
2549;Balzac;442;728;1443
2550;Minha Sombria Vanessa;351;676;1335
2551;Cidade nas Trevas;291;609;2183
2552;A Guerra Pela Uber;316;1036;1322
2553;A Casa dos Muitos Caminhos;469;611;1358
2554;Cidade nas Trevas;325;515;1344
2555;Recursão;326;575;1374
2556;Minha Sombria Vanessa;319;672;1453
2557;Oblivion Song: Entre Dois Mundos;335;822;1315
2558;Cidade nas Trevas;350;1319;1339
2559;As 8 leis espirituais da saúde;536;837;1460
2560;Baby Shark!;352;608;1487
2561;Cidade nas Trevas;367;766;1316
2562;Orçamento sem falhas;360;555;1264
2563;Inferno;461;664;1637
2564;A Guerra Pela Uber;339;549;1492
2565;Baby Shark!;368;774;1508
2566;Feitas Para Durar;479;496;1481
2567;Os segredos que guardamos;345;460;1425
2568;Cidade nas Trevas;345;498;1372
2569;A Guerra Pela Uber;325;497;1434
2570;Os segredos que guardamos;353;772;1413
2571;Não se humilha, não;347;836;1337
2572;Recursão;368;811;1333
2573;Os segredos que guardamos;355;767;1300
2574;Orçamento sem falhas;418;536;1287
2575;Oblivion Song: Entre Dois Mundos;303;744;1378
2576;Minha Sombria Vanessa;310;663;1327
2577;O adeus;440;703;1456
2578;Não se humilha, não;342;563;1494
2579;Paralelo 42;412;1033;1605
2580;Oblivion Song: Entre Dois Mundos;349;647;1296
2581;Cinquenta Tons Mais Escuros;516;770;1482
2582;A Guerra Pela Uber;264;753;1340
2583;M, o Filho do Século;321;682;1283
2584;Recursão;300;788;1362
2585;A Guerra Pela Uber;374;777;1271
2586;M, o Filho do Século;367;763;1318
2587;Os segredos que guardamos;332;637;1314
2588;Cidade nas Trevas;346;694;1346
2589;Minha Sombria Vanessa;327;586;1317
2590;Minha Sombria Vanessa;311;626;2184
2591;As Coisas que Perdemos no Fogo;502;807;1390
2592;Baby Shark!;350;567;1417
2593;Juntos somos melhores;425;747;1352
2594;Não se humilha, não;347;719;2259
2595;Baby Shark!;365;568;1340
2596;Cidade nas Trevas;342;678;1370
2597;Recursão;367;800;1296
2598;Os segredos que guardamos;335;774;1296
2599;Boêmios;456;839;1481
2600;M, o Filho do Século;344;740;1288
2601;Os segredos que guardamos;339;742;1195
2602;Oblivion Song: Entre Dois Mundos;307;781;1237
2603;Orçamento sem falhas;385;702;1242
2604;Baby Shark!;348;714;1237
2605;Baby Shark!;358;710;1348
2606;M, o Filho do Século;380;641;1301
2607;Recursão;368;673;1325
2608;Propaganda Monumental;421;814;1522
2609;O Lago de Vidro;443;808;1416
2610;Não se humilha, não;336;587;1244
2611;Oblivion Song: Entre Dois Mundos;371;791;1165
2612;Recursão;335;712;1229
2613;Cidade nas Trevas;366;758;1249
2614;Oblivion Song: Entre Dois Mundos;304;800;1297
2615;Recursão;81481;544;1343
2616;Recursão;1852;1413;1317
2617;Orçamento sem falhas;406;889;1549
2618;Cidade nas Trevas;383;530;1278
2619;Minha Sombria Vanessa;289;613;1321
2620;Minha Sombria Vanessa;298;568;1325
2621;Minha Sombria Vanessa;321;493;1291
2622;M, o Filho do Século;354;1302;1347
2623;Recursão;335;562;1190
2624;Baby Shark!;2840;619;1298
2625;Os segredos que guardamos;301;509;1237
2626;Orçamento sem falhas;323;608;2494
2627;Os segredos que guardamos;292;684;1230
2628;Atlantis;404;621;1487
2629;Orçamento sem falhas;257;651;1570
2630;Orçamento sem falhas;318;814;1603
2631;A Guerra Pela Uber;317;789;1304
2632;Não se humilha, não;326;636;1855
2633;A Guerra Pela Uber;293;736;1340
2634;Minha Sombria Vanessa;310;551;1306
2635;Assassin's Creed: Submundo;412;674;1464
2636;Cidade nas Trevas;335;510;2492
2637;Não se humilha, não;263;558;1353
2638;Recursão;305;678;1378
2639;Harry Potter e o Prisioneiro de Azkaban;454;784;1418
2640;Não se humilha, não;314;729;1328
2641;O Menino Múltiplo;335;585;1439
2642;Orçamento sem falhas;264;595;1348
2643;Maldosas;1353;893;1396
2644;Minha Sombria Vanessa;432;803;1288
2645;Orçamento sem falhas;329;811;1396
2646;Recursão;310;824;1286
2647;O Segredo do Talento;376;879;1228
2648;Orçamento sem falhas;288;757;1204
2649;M, o Filho do Século;274;646;1252
2650;Cidade nas Trevas;298;787;1256
2651;Minha Sombria Vanessa;305;770;1272
2652;Recursão;305;808;1341
2653;Minha Sombria Vanessa;330;764;1435
2654;Baby Shark!;360;835;1314
2655;Minha Sombria Vanessa;324;746;1641
2656;Minha Sombria Vanessa;264;764;1296
2657;Cidade nas Trevas;279;779;1337
2658;A Gênese Africana;446;916;2770
2659;Não se humilha, não;341;824;1447
2660;Recursão;297;825;1492
2661;Oblivion Song: Entre Dois Mundos;284;819;1404
2662;Recursão;306;800;1245
2663;A Guerra Pela Uber;272;731;1238
2664;Não se humilha, não;265;756;1367
2665;A Guerra Pela Uber;309;755;1265
2666;Orçamento sem falhas;272;761;1328
2667;Orçamento sem falhas;276;641;1344
2668;Oblivion Song: Entre Dois Mundos;321;744;1304
2669;Hyperbole and A Half;442;727;1415
2670;Oblivion Song: Entre Dois Mundos;339;735;1263
2671;A Guerra Pela Uber;301;776;1192
2672;Baby Shark!;317;802;1280
2673;A Guerra Pela Uber;342;632;1305
2674;Oblivion Song: Entre Dois Mundos;305;681;1218
2675;Os segredos que guardamos;311;667;3486
2676;M, o Filho do Século;321;674;1369
2677;Um Beijo de Inverno Na Livraria dos Corações Solitários;389;622;1362
2678;Oblivion Song: Entre Dois Mundos;332;475;1293
2679;Não se humilha, não;333;536;2258
2680;A Terceira Medida do Sucesso;390;1594;1387
2681;Recursão;340;5285;1327
2682;Não se humilha, não;277;25350;1350
2683;M, o Filho do Século;284;786;1301
2684;A Guerra Pela Uber;365;870;1247
2685;Não se humilha, não;330;872;1332
2686;Orçamento sem falhas;335;1425;1277
2687;Do Paraiso e do Poder;415;1051;1453
2688;Não se humilha, não;329;864;1317
2689;Histórias de Divã;428;871;1330
2690;Lesão Corporal;438;936;1225
2691;Não se humilha, não;308;867;1316
2692;M, o Filho do Século;327;933;1342
2693;A Guerra Pela Uber;334;811;1218
2694;Não se humilha, não;363;887;1299
2695;A Guerra Pela Uber;320;648;1304
2696;A Guerra Pela Uber;331;717;1338
2697;A Morte Sem Nome;465;965;1412
2698;M, o Filho do Século;330;907;1279
2699;Blink;451;1177;1360
2700;Não se humilha, não;299;990;1413
2701;Os segredos que guardamos;331;928;1285
2702;Não se humilha, não;274;915;1348
2703;Tesouros da Terra - Volume 014 - Apatita;478;1016;1492
2704;As Rosas Inglesas - Bom Demais Para Ser Verdade;391;1030;1472
2705;Quarenta e Quatro em Quarentena;411;986;1362
2706;Cidade nas Trevas;327;906;1325
2707;Minha Sombria Vanessa;306;957;1355
2708;Não se humilha, não;332;926;1356
2709;Orçamento sem falhas;344;946;1297
2710;Recursão;351;873;1396
2711;O Lado Feio do Amor;433;852;1447
2712;Minha Sombria Vanessa;254;836;1300
2713;Não se humilha, não;307;751;1176
2714;Recursão;350;820;1334
2715;Baby Shark!;375;750;1300
2716;Sobrevivendo Entre Lobos;416;962;1474
2717;Baby Shark!;363;801;1361
2718;Baby Shark!;356;773;1942
2719;Orçamento sem falhas;313;796;1332
2720;Os segredos que guardamos;327;767;1070
2721;Cidade nas Trevas;324;648;1350
2722;Não se humilha, não;341;806;2239
2723;Os segredos que guardamos;339;902;1285
2724;O Templo;493;1015;1407
2725;M, o Filho do Século;344;885;1271
2726;A Guerra Pela Uber;335;883;1200
2727;Minha Sombria Vanessa;360;807;1340
2728;A Névoa Escarlate;383;989;1433
2729;Minha Sombria Vanessa;329;936;1387
2730;Oblivion Song: Entre Dois Mundos;354;953;1309
2731;Recursão;334;759;1372
2732;Não se humilha, não;299;932;1333
2733;Baby Shark!;340;703;1277
2734;Tamanho 42 e Pronta Para Arrasar;293;795;1395
2735;Eu sou Deus;337;846;1386
2736;Minha Sombria Vanessa;293;742;1227
2737;Não se humilha, não;311;830;1285
2738;Cidade nas Trevas;308;779;1354
2739;Marketing e Marketeam;23824;788;1347
2740;O Parto É Da Mulher!;816;818;1392
2741;M, o Filho do Século;530;650;1227
2742;Cidade nas Trevas;505;691;1228
2743;Baby Shark!;534;812;1371
2744;Não se humilha, não;498;1376;1251
2745;Ecos do Futuro;580;863;1397
2746;Baby Shark!;457;808;1313
2747;Many Lives, Many Masters;442;940;1434
2748;Orçamento sem falhas;320;769;1294
2749;Minha Sombria Vanessa;393;848;1303
2750;Os segredos que guardamos;330;1627;1307
2751;Baby Shark!;377;735;1329
2752;M, o Filho do Século;384;680;1338
2753;Não se humilha, não;349;903;1364
2754;Cidade nas Trevas;309;762;1559
2755;O Guia Definitivo do Mochileiro das Galáxias;560;1102;1567
2756;M, o Filho do Século;347;898;1450
2757;Não se humilha, não;355;770;1441
2758;Orçamento sem falhas;359;714;1417
2759;Cidade nas Trevas;350;847;1658
2760;A Bíblia do Diabo;417;981;2013
2761;Minha Sombria Vanessa;354;890;1470
2762;Os segredos que guardamos;322;872;1317
2763;Recursão;326;883;1339
2764;Minha Sombria Vanessa;369;913;2091
2765;Orçamento sem falhas;390;922;1405
2766;A Guerra Pela Uber;311;928;1443
2767;A Gangue do Pensamento;451;959;1346
2768;Rush- Uma Agente Infiltrada no Trafico de Drogas;533;916;1345
2769;Os segredos que guardamos;355;606;1337
2770;Cidade nas Trevas;273;777;1262
2771;Não se humilha, não;305;905;1382
2772;Cidade nas Trevas;309;927;1406
2773;Não se humilha, não;339;871;1352
2774;Oblivion Song: Entre Dois Mundos;344;930;1424
2775;Orçamento sem falhas;615;923;1311
2776;Hotel Valhala: Guia dos Mundos Nórdicos;483;1040;1476
2777;Minha Sombria Vanessa;358;892;1275
2778;A Guerra Pela Uber;293;940;1371
2779;Minha Sombria Vanessa;302;933;1336
2780;Orçamento sem falhas;298;939;1282
2781;Recursão;343;927;1296
2782;M, o Filho do Século;333;927;1297
2783;Cidade nas Trevas;333;931;1332
2784;Orçamento sem falhas;305;926;1507
2785;As bençãos do meu avô;369;1100;1377
2786;Baby Shark!;349;931;1216
2787;Minha Sombria Vanessa;319;936;1348
2788;Baby Shark!;339;945;1329
2789;Orçamento sem falhas;355;929;1270
2790;Minha Sombria Vanessa;333;934;1264
2791;A força da vida;409;969;1347
2792;Oblivion Song: Entre Dois Mundos;335;935;1334
2793;A Guerra Pela Uber;308;919;1232
2794;M, o Filho do Século;344;883;1297
2795;Alugo o Meu Corpo;434;1063;1406
2796;O Capital no Século XXI;428;1057;1475
2797;Minha Sombria Vanessa;330;915;1504
2798;Não se humilha, não;316;646;1298
2799;Baby Shark!;379;676;1390
2800;Êxtase;1162;6530;9485
2801;M, o Filho do Século;647;953;1329
2802;Orçamento sem falhas;380;924;1208
2803;Sete Contos de Arrepiar;418;785;2234
2804;Cidade nas Trevas;349;756;1370
2805;Os segredos que guardamos;307;912;1298
2806;Minha Sombria Vanessa;325;894;1330
2807;A Guerra Pela Uber;320;949;2200
2808;Orçamento sem falhas;341;1644;1317
2809;Minha Sombria Vanessa;291;930;1285
2810;Ferramentas dos Titãs;397;1066;1421
2811;Baby Shark!;357;951;1262
2812;A Guerra Pela Uber;295;917;1370
2813;Cidade nas Trevas;300;837;1313
2814;M, o Filho do Século;305;1748;1308
2815;Orçamento sem falhas;318;904;1309
2816;Orçamento sem falhas;265;899;1267
2817;Cidade nas Trevas;305;938;1298
2818;A Guerra Pela Uber;292;898;1284
2819;A Guerra Pela Uber;341;931;1285
2820;Suíte de silêncios;420;1022;1316
2821;M, o Filho do Século;357;867;1331
2822;M, o Filho do Século;310;907;1381
2823;O fio da palavra;342;1025;1390
2824;Recursão;332;917;1314
2825;A Guerra Pela Uber;250;809;1320
2826;Não se humilha, não;289;802;1412
2827;Frederic and Elfrida;491;1012;24668
2828;Fluminense Tetracampeão;1428;983;1634
2829;Os segredos que guardamos;337;883;1416
2830;Heróis da América;402;965;1535
2831;Não se humilha, não;305;994;1306
2832;Cidade nas Trevas;278;921;1347
2833;Baby Shark!;304;855;1325
2834;Oblivion Song: Entre Dois Mundos;311;886;1259
2835;Baby Shark!;315;850;1340
2836;M, o Filho do Século;306;708;1176
2837;Os segredos que guardamos;311;832;1267
2838;M, o Filho do Século;299;873;1278
2839;Cidade nas Trevas;316;925;1325
2840;Não se humilha, não;324;844;1335
2841;Não se humilha, não;306;801;1397
2842;Para Sempre;396;957;1519
2843;Cidade nas Trevas;287;844;1343
2844;Baby Shark!;291;866;1335
2845;M, o Filho do Século;364;898;1305
2846;M, o Filho do Século;363;936;2541
2847;Minha Sombria Vanessa;1320;703;1278
2848;Cidade nas Trevas;383;884;1367
2849;Baby Shark!;334;726;1260
2850;Orçamento sem falhas;332;780;2399
2851;Baby Shark!;334;933;1141
2852;Os segredos que guardamos;346;937;1096
2853;Recursão;298;895;1086
2854;A Guerra Pela Uber;324;805;916
2855;Minha Sombria Vanessa;331;917;813
2856;Tesouros da Terra - Volume 01 - Ametista;434;896;929
2857;Não se humilha, não;268;905;1023
2858;Recursão;323;851;1187
2859;Oblivion Song: Entre Dois Mundos;314;843;1194
2860;Astrologia Real;409;811;984
2861;Orçamento sem falhas;316;828;1304
2862;Cidade nas Trevas;349;836;1415
2863;Amanhã Vai Ser Maior;417;975;1450
2864;A Guerra Pela Uber;344;892;1336
2865;Baby Shark!;347;969;1374
2866;M, o Filho do Século;361;947;1320
2867;Cidade nas Trevas;333;616;1303
2868;Recursão;362;718;1385
2869;M, o Filho do Século;354;725;1381
2870;Cidade nas Trevas;360;778;1329
2871;Baby Shark!;280;904;1369
2872;Minha Sombria Vanessa;329;1577;1287
2873;Recursão;363;811;1363
2874;Oblivion Song: Entre Dois Mundos;291;616;1384
2875;Na Língua dos Bichos;571;971;1445
2876;Cruella (e-Book);439;1000;1622
2877;A Mulher no Corpo de Xamã;451;1065;1880
2878;Os segredos que guardamos;296;1475;1264
2879;Orçamento sem falhas;338;573;1447
2880;M, o Filho do Século;344;642;1369
2881;M, o Filho do Século;332;829;1438
2882;Orçamento sem falhas;945;811;1291
2883;Livro de colorir - Mauricio de Sousa 80 anos;544;736;1291
2884;Orçamento sem falhas;357;613;1363
2885;M, o Filho do Século;351;802;1480
2886;Recursão;408;930;1364
2887;Não se humilha, não;353;892;1357
2888;Recursão;429;948;1394
2889;Cidade nas Trevas;356;594;2020
2890;Os segredos que guardamos;395;826;1246
2891;Recursão;384;763;1356
2892;Orçamento sem falhas;358;868;1225
2893;Cidade nas Trevas;372;926;1997
2894;Oblivion Song: Entre Dois Mundos;367;924;1271
2895;Recursão;352;864;1334
2896;Não se humilha, não;315;715;1312
2897;Oblivion Song: Entre Dois Mundos;374;891;1401
2898;Orçamento sem falhas;372;831;1254
2899;Cidade nas Trevas;355;804;1215
2900;O Yoga que Conduz à Plenitude;474;978;1350
2901;Cidade nas Trevas;339;883;1276
2902;Minha Sombria Vanessa;312;907;1317
2903;Cidade nas Trevas;352;907;1290
2904;Meditações para a Noite;472;979;1369
2905;Recursão;305;949;1349
2906;Os segredos que guardamos;334;934;1242
2907;Os segredos que guardamos;340;927;1245
2908;Orçamento sem falhas;297;778;1258
2909;Recursão;400;971;1365
2910;Os segredos que guardamos;355;828;1267
2911;Os segredos que guardamos;324;933;1198
2912;Guia da Culinária Ogra;428;1080;1473
2913;Hipnose para Iniciantes;464;912;1372
2914;Recursão;360;753;1300
2915;Minha Sombria Vanessa;331;889;1290
2916;Orçamento sem falhas;288;690;1357
2917;Os segredos que guardamos;367;699;1238
2918;Baby Shark!;325;699;1372
2919;Não se humilha, não;446;930;1267
2920;A Guerra Pela Uber;344;934;1425
2921;Recursão;368;924;1319
2922;Não se humilha, não;335;786;1296
2923;O jantar;394;1045;1442
2924;Os segredos que guardamos;326;932;1279
2925;Cidade nas Trevas;352;854;1436
2926;Orçamento sem falhas;318;647;1218
2927;Recursão;371;878;1300
2928;Minha Sombria Vanessa;340;901;1245
2929;Oblivion Song: Entre Dois Mundos;344;928;1409
2930;Recursão;344;928;1392
2931;Orçamento sem falhas;434;654;1928
2932;Baby Shark!;322;682;1503
2933;Os segredos que guardamos;340;688;1274
2934;M, o Filho do Século;358;824;1290
2935;M, o Filho do Século;314;956;2111
2936;Recursão;436;1558;1472
2937;M, o Filho do Século;338;939;1401
2938;As Cordas Mágicas;433;955;1469
2939;Não se humilha, não;356;1840;1355
2940;Cidade nas Trevas;326;845;1328
2941;O Grotesco Feminino;557;1036;1624
2942;Dez Leis Para Ser Feliz;384;1756;1703
2943;Joana D'Arc;470;1104;1492
2944;M, o Filho do Século;342;880;1323
2945;Não se humilha, não;346;579;1317
2946;Viagem Ao Redor Da Garrafa;434;1207;1466
2947;Os segredos que guardamos;333;892;1504
2948;Eu Sou Um Gênio de Maldade Inenarrável e Quero Ser Seu Presidente de Turma;483;977;1431
2949;M, o Filho do Século;310;908;1338
2950;Oblivion Song: Entre Dois Mundos;308;925;1427
2951;M, o Filho do Século;321;1184;1345
2952;Recursão;357;916;1408
2953;A Guerra Pela Uber;339;879;1387
2954;Cidade nas Trevas;363;863;1315
2955;Não se humilha, não;349;857;1263
2956;Baby Shark!;342;886;1366
2957;O Vale do Terror;451;951;1670
2958;Não se humilha, não;334;825;1461
2959;A Guerra Pela Uber;329;925;1380
2960;Oblivion Song: Entre Dois Mundos;377;868;1343
2961;Cidade nas Trevas;372;920;1543
2962;Cidade nas Trevas;332;937;1287
2963;Guia de Finanças Para a Mulher Moderna;385;953;1492
2964;M, o Filho do Século;342;955;1314
2965;Dançando com o inimigo;439;1017;1617
2966;Recursão;319;945;1378
2967;Minha Sombria Vanessa;358;935;2437
2968;M, o Filho do Século;335;916;1369
2969;Trabalhe 4 Horas Por Semana (Ampliado e Atualizado);419;978;1367
2970;Minha Sombria Vanessa;313;795;1257
2971;Cidade nas Trevas;341;922;1258
2972;Baby Shark!;351;957;1155
2973;Oblivion Song: Entre Dois Mundos;419;948;1294
2974;Chitty Chitty Bang Bang: o carro mágico;496;1031;2020
2975;Recursão;365;864;1361
2976;A Guerra Pela Uber;323;824;1266
2977;Orçamento sem falhas;347;953;1286
2978;Cidade nas Trevas;306;938;2485
2979;Cidade nas Trevas;263;870;1359
2980;Orçamento sem falhas;401;923;1390
2981;Baby Shark!;338;736;1032
2982;Baby Shark!;332;671;1283
2983;Não se humilha, não;315;882;1211
2984;Francês;597;1197;1417
2985;Não se humilha, não;346;911;1244
2986;Oblivion Song: Entre Dois Mundos;349;794;1268
2987;Recursão;376;832;1263
2988;Oblivion Song: Entre Dois Mundos;335;767;1177
2989;Cidade nas Trevas;351;842;1403
2990;Recursão;372;950;1209
2991;Orçamento sem falhas;345;909;1434
2992;A Guerra Pela Uber;292;884;1483
2993;A Guerra Pela Uber;399;927;1268
2994;Não se humilha, não;275;908;1496
2995;Os segredos que guardamos;358;907;1400
2996;A Guerra Pela Uber;343;891;1670
2997;A Guerra Pela Uber;294;883;1490
2998;Minha Sombria Vanessa;354;830;1577
2999;A Queda de Dilma;414;968;1578
3000;M, o Filho do Século;341;1578;1419
3001;Oblivion Song: Entre Dois Mundos;280;776;1446
3002;Recursão;398;763;1392
3003;Cidade nas Trevas;439;805;1338
3004;Cidade nas Trevas;335;711;1464
3005;Minha Sombria Vanessa;355;897;1358
3006;Culture Smart! Reino Unido;363;1860;1448
3007;A Vida Secreta Dos Nazistas;473;860;1462
3008;Recursão;426;748;1171
3009;Recursão;361;827;981
3010;Os segredos que guardamos;346;572;954
3011;Battlefield 3;456;804;1253
3012;A Guerra Pela Uber;369;659;1002
3013;Não se humilha, não;383;786;1116
3014;Não se humilha, não;343;766;1110
3015;Minha Sombria Vanessa;334;831;1404
3016;Orçamento sem falhas;393;941;1419
3017;As joias falam;423;870;1991
3018;Instinto de Inez;454;997;1437
3019;Orçamento sem falhas;316;911;1284
3020;Os segredos que guardamos;335;904;1262
3021;Orçamento sem falhas;319;922;2166
3022;A Guerra Pela Uber;296;905;1373
3023;Orçamento sem falhas;303;884;1334
3024;M, o Filho do Século;348;649;1327
3025;A Guerra Pela Uber;322;581;1466
3026;Ricardo III;531;1016;1587
3027;História de Um Pequeno Astronauta;481;974;1644
3028;Finale;518;964;1500
3029;Oblivion Song: Entre Dois Mundos;372;883;1398
3030;Oblivion Song: Entre Dois Mundos;355;837;1417
3031;Minha Sombria Vanessa;395;1105;1677
3032;A Guerra Pela Uber;1265;919;1583
3033;Cidade nas Trevas;369;820;1477
3034;Minha Sombria Vanessa;278;911;1506
3035;Não se humilha, não;348;688;1594
3036;Os segredos que guardamos;344;791;1573
3037;Oblivion Song: Entre Dois Mundos;360;745;1357
3038;Baby Shark!;416;945;1493
3039;Os distorcidos;435;1079;1316
3040;Não se humilha, não;322;945;1314
3041;Minha Sombria Vanessa;350;886;1349
3042;Minha Sombria Vanessa;308;936;1234
3043;A Guerra Pela Uber;475;890;1300
3044;Orçamento sem falhas;355;865;1374
3045;Jonas Brothers;533;1187;1708
3046;Minha Sombria Vanessa;341;970;1349
3047;O Despertar da Meia-Noite;593;1039;1680
3048;A Missão Agora É Amar;432;1028;1722
3049;A Guerra Pela Uber;372;943;1431
3050;Baby Shark!;371;868;1383
3051;A Conquista do Brasil 1500-1600;442;642;1515
3052;Orçamento sem falhas;1503;881;1358
3053;As causas da miséria e sua superação;450;1042;1284
3054;Cretina Irresistível;456;1023;1365
3055;Orçamento sem falhas;339;721;1386
3056;O Cozinheiro do Rei D. João VI;407;847;1257
3057;Recursão;349;932;1451
3058;Cidade nas Trevas;336;938;1663
3059;Oblivion Song: Entre Dois Mundos;250;935;2085
3060;Os segredos que guardamos;263;713;1360
3061;M, o Filho do Século;245;849;1277
3062;Os segredos que guardamos;330;522;1426
3063;Orçamento sem falhas;324;704;2110
3064;Baby Shark!;372;1795;1472
3065;Orçamento sem falhas;356;907;1650
3066;A Guerra Pela Uber;343;636;1416
3067;Recursão;280;842;1308
3068;Não se humilha, não;358;869;1095
3069;Oblivion Song: Entre Dois Mundos;456;806;1521
3070;Oblivion Song: Entre Dois Mundos;302;1608;1515
3071;Bem-vindo ao meu país;657;899;1355
3072;Não se humilha, não;443;1167;1613
3073;A Guerra Pela Uber;348;914;1235
3074;Recursão;386;945;1274
3075;Em busca do tempo presente;578;1134;1381
3076;Baby Shark!;362;1016;1261
3077;Não se humilha, não;347;899;1253
3078;Cidade nas Trevas;375;1116;1268
3079;Oblivion Song: Entre Dois Mundos;381;902;1218
3080;A Guerra Pela Uber;281;872;1163
3081;Os segredos que guardamos;414;893;1316
3082;Buscas Curiosas;391;977;1379
3083;Cidade nas Trevas;486;883;1359
3084;Minha Sombria Vanessa;280;909;1380
3085;Cidade nas Trevas;289;921;1327
3086;Orçamento sem falhas;259;924;1260
3087;Orçamento sem falhas;243;904;1303
3088;Oblivion Song: Entre Dois Mundos;248;864;1244
3089;Cidade nas Trevas;299;811;1292
3090;Minha Sombria Vanessa;241;885;1226
3091;A Compacta História do Mundo (Vol. 1);320;903;1408
3092;Os segredos que guardamos;267;862;1264
3093;Não se humilha, não;238;889;1277
3094;Orçamento sem falhas;241;840;1199
3095;Dia dos Namorados Mais que Perfeito;447;973;1546
3096;M, o Filho do Século;221;877;1433
3097;Veronika decide morir;331;976;1386
3098;Cidade nas Trevas;255;890;1455
3099;Baby Shark!;276;899;1399
3100;Orçamento sem falhas;287;864;1292
3101;Baby Shark!;282;890;1332
3102;M, o Filho do Século;243;859;2131
3103;M, o Filho do Século;285;857;1247
3104;Esquecer Foucault;353;947;1402
3105;Oblivion Song: Entre Dois Mundos;227;922;1310
3106;Você sabe com quem está falando?;358;942;2068
3107;Minha Sombria Vanessa;237;929;1293
3108;Recursão;223;936;1463
3109;Baby Shark!;443;948;1610
3110;Minha Sombria Vanessa;196;893;1476
3111;Oblivion Song: Entre Dois Mundos;227;886;1366
3112;Cidade nas Trevas;206;877;1552
3113;Recursão;249;896;1659
3114;Não se humilha, não;213;847;1494
3115;Oblivion Song: Entre Dois Mundos;271;849;1412
3116;Ângela e o Menino Jesus;790;1094;8842
3117;Recursão;381;875;1592
3118;Os segredos que guardamos;220;858;1456
3119;Recursão;243;880;1421
3120;Daños Colaterales;325;951;1473
3121;Minha Sombria Vanessa;280;822;1294
3122;Orçamento sem falhas;349;877;1361
3123;M, o Filho do Século;216;850;1440
3124;Não se humilha, não;208;708;1402
3125;Oblivion Song: Entre Dois Mundos;211;900;1430
3126;Os segredos que guardamos;214;844;1406
3127;Não se humilha, não;222;576;1346
3128;Recursão;306;1375;1389
3129;Minha Sombria Vanessa;207;831;1179
3130;Recursão;292;965;1334
3131;M, o Filho do Século;281;725;1342
3132;Oblivion Song: Entre Dois Mundos;320;806;1538
3133;M, o Filho do Século;228;873;1445
3134;Oblivion Song: Entre Dois Mundos;243;1806;1438
3135;Cidade nas Trevas;287;942;1138
3136;Minha Sombria Vanessa;306;700;1296
3137;M, o Filho do Século;244;719;1377
3138;M, o Filho do Século;290;894;1328
3139;Baby Shark!;274;885;1286
3140;A Guerra Pela Uber;199;927;1282
3141;M, o Filho do Século;231;951;1217
3142;A Guerra Pela Uber;257;967;1242
3143;Não se humilha, não;210;1198;1152
3144;M, o Filho do Século;245;810;1254
3145;M, o Filho do Século;239;872;2762
3146;Não se humilha, não;311;862;1549
3147;Não se humilha, não;290;725;1413
3148;Os segredos que guardamos;214;880;1394
3149;Voltar a Palermo;437;1013;2566
3150;Minha Sombria Vanessa;213;827;1463
3151;Não se humilha, não;263;915;1400
3152;Destrua Este Diário;376;999;1519
3153;Cidade nas Trevas;239;854;1413
3154;Oblivion Song: Entre Dois Mundos;291;921;1360
3155;A Guerra Pela Uber;293;907;1378
3156;Verdi;368;1208;1630
3157;Orçamento sem falhas;215;876;1395
3158;Juro Pela Minha Vida;318;763;1443
3159;Não se humilha, não;235;892;1371
3160;Os Desejos da Bela Adormecida;337;827;1471
3161;M, o Filho do Século;270;926;1342
3162;A Guerra Pela Uber;276;946;1258
3163;Não se humilha, não;244;829;1349
3164;Oblivion Song: Entre Dois Mundos;257;915;1261
3165;Os segredos que guardamos;285;879;1223
3166;O Retorno do Rei;354;913;1390
3167;M, o Filho do Século;264;890;1372
3168;A Nova República;440;1037;1349
3169;Recursão;235;906;1434
3170;Oblivion Song: Entre Dois Mundos;210;738;1357
3171;A Guerra Pela Uber;221;906;1434
3172;Recursão;255;922;1429
3173;Recursão;266;925;1366
3174;O Chamado do Anjo;307;974;1374
3175;Doce e Distante;329;916;1388
3176;Cidade nas Trevas;253;922;1218
3177;Amor nas Highlands;432;1356;1857
3178;Não se humilha, não;318;919;1335
3179;Baby Shark!;246;921;1367
3180;Recursão;255;942;1373
3181;Orçamento sem falhas;259;925;1288
3182;Os segredos que guardamos;239;980;1309
3183;Minha Sombria Vanessa;274;924;1363
3184;Não se humilha, não;228;832;1406
3185;Os segredos que guardamos;229;903;1312
3186;Os segredos que guardamos;215;925;1277
3187;Oblivion Song: Entre Dois Mundos;242;728;2197
3188;Minha Sombria Vanessa;215;816;1344
3189;Baby Shark!;218;771;1329
3190;Não se humilha, não;212;944;1273
3191;Orçamento sem falhas;254;708;2305
3192;Baby Shark!;275;1128;1619
3193;Rainha das Copas: Sangue No País das Maravilhas;398;849;1441
3194;Orçamento sem falhas;220;864;1418
3195;Baby Shark!;228;927;1425
3196;Ada Batista, Cientista;389;769;1519
3197;Cidade nas Trevas;247;916;1311
3198;GARIMPO ou GESTÃO;349;1556;1480
3199;O livro essencial de umbanda;308;786;1490
3200;O Caso das Rosas Fatais;343;993;1514
3201;Orçamento sem falhas;266;716;1439
3202;M, o Filho do Século;311;596;1350
3203;Os segredos que guardamos;343;719;1334
3204;Minha Sombria Vanessa;292;752;1296
3205;Recursão;323;570;1313
3206;Não se humilha, não;294;756;1365
3207;Os segredos que guardamos;263;869;1551
3208;Cidade nas Trevas;261;869;1449
3209;Baby Shark!;275;906;1306
3210;O Desconsolado;408;911;1531
3211;Time Humanos;417;922;1445
3212;Baby Shark!;257;922;1249
3213;Baby Shark!;288;938;1381
3214;Oblivion Song: Entre Dois Mundos;258;917;1272
3215;Orçamento sem falhas;253;899;1286
3216;Não se humilha, não;224;862;1346
3217;Oblivion Song: Entre Dois Mundos;288;901;1253
3218;Recursão;260;939;1302
3219;Os segredos que guardamos;231;918;1202
3220;Oblivion Song: Entre Dois Mundos;285;909;967
3221;violetas e caracóis;569;985;2366
3222;Orçamento sem falhas;448;954;1287
3223;Oblivion Song: Entre Dois Mundos;259;925;1389
3224;Os segredos que guardamos;277;877;1181
3225;Oblivion Song: Entre Dois Mundos;304;878;1155
3226;A Guerra Pela Uber;245;859;1270
3227;Os segredos que guardamos;216;840;1334
3228;Duas vida, uma escolha;297;852;1446
3229;Encontre Deus Na Cabana;325;977;1423
3230;M, o Filho do Século;260;893;2109
3231;M, o Filho do Século;239;887;1267
3232;Cidade nas Trevas;237;749;1314
3233;Os segredos que guardamos;220;787;1405
3234;Orçamento sem falhas;322;807;2144
3235;Oblivion Song: Entre Dois Mundos;1062;677;1373
3236;Recursão;282;758;1395
3237;O Último Patriota;329;997;1479
3238;A Guerra Pela Uber;241;916;1254
3239;Capitu Vem Para o Jantar;285;905;1342
3240;O Outro Lado da Noite: Filme Noir;297;779;1345
3241;M, o Filho do Século;300;889;1239
3242;Os segredos que guardamos;343;849;1269
3243;Cidade nas Trevas;364;938;1429
3244;Recursão;248;957;1355
3245;A Guerra Pela Uber;264;855;1225
3246;Baby Shark!;318;925;1356
3247;Os segredos que guardamos;279;944;1155
3248;Minha Sombria Vanessa;245;942;1195
3249;Os segredos que guardamos;233;931;1281
3250;Harry Potter e a Ordem da Fênix;323;862;1363
3251;M, o Filho do Século;271;946;1261
3252;Cidade nas Trevas;234;887;1337
3253;Minha Sombria Vanessa;315;906;1167
3254;Não se humilha, não;245;1048;1392
3255;Minha Sombria Vanessa;1265;802;1315
3256;Anam Cara;613;1734;1341
3257;Baby Shark!;341;646;1242
3258;Aprenda A Confiar Em Si Mesmo - Em Uma Semana;386;873;1316
3259;Planeta/Livros;462;908;1350
3260;Escarcéu no Beleléu;364;927;1451
3261;Cidade nas Trevas;292;862;1333
3262;Cidade nas Trevas;298;1642;1317
3263;Cidade nas Trevas;292;874;1188
3264;Cidade nas Trevas;275;776;1331
3265;M, o Filho do Século;220;845;1222
3266;Baile de máscaras;538;892;1254
3267;M, o Filho do Século;291;944;1248
3268;José Olympio;414;972;1473
3269;O Homem que Falava com Espíritos;565;905;1533
3270;Oblivion Song: Entre Dois Mundos;244;884;1488
3271;Memórias Inventadas;377;894;1441
3272;A Guerra Pela Uber;265;898;1292
3273;Orçamento sem falhas;356;908;2108
3274;A Maldição do Titã;396;737;1523
3275;Os segredos que guardamos;304;681;1222
3276;M, o Filho do Século;382;906;1388
3277;M, o Filho do Século;340;919;2499
3278;M, o Filho do Século;215;919;1313
3279;Não se humilha, não;357;863;1385
3280;Tudo sobre Arquitetura;533;827;1436
3281;M, o Filho do Século;381;32527;1336
3282;Os segredos que guardamos;262;1146;1271
3283;Cidade nas Trevas;230;1034;1311
3284;Baby Shark!;288;1058;1407
3285;Doce e Distante;272;991;1335
3286;Minha Sombria Vanessa;282;539;1393
3287;Oblivion Song: Entre Dois Mundos;316;853;1341
3288;A Guerra Pela Uber;268;780;1387
3289;A Guerra Pela Uber;324;670;1355
3290;Minha Sombria Vanessa;397;703;1250
3291;Não se humilha, não;317;848;1332
3292;Depois da fotografia;382;870;1402
3293;Cidade nas Trevas;304;692;1274
3294;Baby Shark!;354;659;1290
3295;Não se humilha, não;314;641;1206
3296;A Guerra da Pólvora Negra;501;851;1551
3297;Cidade nas Trevas;306;797;1276
3298;Minha Sombria Vanessa;383;728;1235
3299;Orçamento sem falhas;252;711;1374
3300;Conquistando o Inimigo;419;1013;1510
3301;M, o Filho do Século;290;900;1272
3302;Rádio cidade perdida;405;802;1313
3303;Recursão;324;657;1285
3304;Oblivion Song: Entre Dois Mundos;282;881;1312
3305;Não se humilha, não;310;578;1200
3306;Minha Sombria Vanessa;220;752;1303
3307;Magra e Poderosa;419;1119;1476
3308;Egitomania;446;1016;1448
3309;Baby Shark!;310;946;2072
3310;Baby Shark!;338;947;1315
3311;A Guerra Pela Uber;301;812;1228
3312;Os segredos que guardamos;304;814;1352
3313;Submundos do sexo no Iluminismo;440;816;1371
3314;A Guerra Pela Uber;304;764;1329
3315;Cidade nas Trevas;292;659;1297
3316;Cidade nas Trevas;290;762;1728
3317;A Guerra Pela Uber;324;910;1273
3318;A Guerra Pela Uber;304;881;1252
3319;Minha Sombria Vanessa;341;776;1305
3320;Não se humilha, não;1184;1369;1984
3321;Oblivion Song: Entre Dois Mundos;877;837;1426
3322;A Guerra Pela Uber;527;839;1346
3323;Baby Shark!;525;936;1599
3324;Nas Profundezas Do Mar Sem Fim;624;989;1613
3325;Oblivion Song: Entre Dois Mundos;453;811;1396
3326;Os segredos que guardamos;419;1743;1514
3327;Recursão;506;940;1431
3328;Minha Sombria Vanessa;348;755;1482
3329;Paulo Roberto, Arquiteto;413;674;1452
3330;A Guerra Pela Uber;362;791;1471
3331;Oblivion Song: Entre Dois Mundos;387;863;1500
3332;A Confissão;552;964;1519
3333;Baby Shark!;433;610;1489
3334;Minha Sombria Vanessa;344;777;1297
3335;A Guerra Pela Uber;343;820;1354
3336;Baby Shark!;359;937;1368
3337;Não se humilha, não;405;861;1468
3338;A Guerra Pela Uber;354;937;1481
3339;Baby Shark!;353;949;1657
3340;Oblivion Song: Entre Dois Mundos;258;924;1515
3341;Oblivion Song: Entre Dois Mundos;350;810;1340
3342;Baby Shark!;388;864;1410
3343;M, o Filho do Século;447;908;1384
3344;Orçamento sem falhas;326;1189;1438
3345;Baby Shark!;364;785;1454
3346;Oblivion Song: Entre Dois Mundos;262;835;1416
3347;Orçamento sem falhas;358;838;1447
3348;Recursão;393;962;1648
3349;Feios;532;981;1704
3350;A Guerra Pela Uber;361;943;1246
3351;Orçamento sem falhas;359;860;1354
3352;Os segredos que guardamos;347;814;1452
3353;Os segredos que guardamos;280;756;1466
3354;Não se humilha, não;293;616;1333
3355;Baby Shark!;315;881;1426
3356;M, o Filho do Século;336;910;1206
3357;M, o Filho do Século;330;895;1307
3358;A Guerra Pela Uber;324;799;2065
3359;Felizes para sempre...;454;1008;1393
3360;Recursão;352;828;1142
3361;Cidade nas Trevas;297;910;1134
3362;Orçamento sem falhas;295;915;2307
3363;O Inferno de Gabriel;412;811;1436
3364;MULTIPLICADORES;383;843;1466
3365;A Guerra Pela Uber;287;577;1253
3366;As Cores Da Vida;354;770;1364
3367;Anitta: O Livro das Poderosas - Pocket;397;911;1419
3368;Minha Sombria Vanessa;343;907;1368
3369;Oblivion Song: Entre Dois Mundos;313;711;1301
3370;A Guerra Pela Uber;308;746;1290
3371;A Guerra Pela Uber;285;766;1212
3372;M, o Filho do Século;307;734;1267
3373;Cidade nas Trevas;253;772;1201
3374;Orçamento sem falhas;321;805;1233
3375;Os segredos que guardamos;272;819;1545
3376;Para Sempre;452;862;1576
3377;Orçamento sem falhas;300;938;1399
3378;A Guerra Pela Uber;299;848;1501
3379;Minha Sombria Vanessa;297;752;1500
3380;Cidade nas Trevas;307;769;1315
3381;Oblivion Song: Entre Dois Mundos;280;782;1398
3382;Minha Sombria Vanessa;311;881;1599
3383;Os segredos que guardamos;309;877;1381
3384;Baby Shark!;371;1702;1477
3385;Minha Sombria Vanessa;336;910;1451
3386;A Guerra Pela Uber;343;870;1380
3387;Pedir, agradecer, admirar;448;844;1504
3388;Orçamento sem falhas;344;669;1378
3389;Um novo jeito de trabalhar;589;822;2125
3390;Não se humilha, não;330;1710;1314
3391;Baby Shark!;325;867;1201
3392;Três Mulheres;449;1165;1502
3393;Minha Sombria Vanessa;313;879;1556
3394;Orçamento sem falhas;321;922;1639
3395;Recursão;327;945;1415
3396;Baby Shark!;369;920;1353
3397;Oblivion Song: Entre Dois Mundos;349;902;1344
3398;Orçamento sem falhas;288;913;1412
3399;A Guerra Pela Uber;320;889;1338
3400;A Guerra Pela Uber;317;882;1360
3401;Serpentes de Thor;554;932;1893
3402;Os segredos que guardamos;319;866;1339
3403;Orçamento sem falhas;366;882;1291
3404;Os segredos que guardamos;354;863;1398
3405;Orçamento sem falhas;349;906;2202
3406;Minha Sombria Vanessa;276;905;1332
3407;Baby Shark!;285;925;1284
3408;Baby Shark!;284;933;1401
3409;Recursão;388;930;1431
3410;A Guerra Pela Uber;329;868;1244
3411;Cidade nas Trevas;226;917;1343
3412;Minha Sombria Vanessa;344;923;1393
3413;Recursão;307;892;1601
3414;Não se humilha, não;299;1060;1233
3415;De volta para casa;416;996;1238
3416;Oblivion Song: Entre Dois Mundos;318;887;1212
3417;Recursão;399;895;1399
3418;A Guerra Pela Uber;342;865;1315
3419;M, o Filho do Século;335;832;1257
3420;Todo Mundo Merece Morrer;453;1058;1536
3421;Baby Shark!;258;911;1516
3422;A Guerra Pela Uber;350;861;1477
3423;Os segredos que guardamos;317;868;1457
3424;Recursão;339;901;1318
3425;O Cortador de Pedras;446;964;1411
3426;Baby Shark!;377;881;1305
3427;Os segredos que guardamos;336;731;1320
3428;Oblivion Song: Entre Dois Mundos;335;709;1418
3429;Cidade nas Trevas;332;669;1274
3430;A Matilha das Herdeiras;413;859;1515
3431;Não se humilha, não;312;995;1065
3432;Os segredos que guardamos;348;824;1367
3433;Harry Potter e o Cálice de Fogo;438;853;1484
3434;Oblivion Song: Entre Dois Mundos;315;695;1163
3435;M, o Filho do Século;316;796;1364
3436;Orçamento sem falhas;306;907;1360
3437;Cidade nas Trevas;329;756;1295
3438;A Guerra Pela Uber;352;941;1360
3439;M, o Filho do Século;328;934;1393
3440;A Guerra Pela Uber;2453;957;1529
3441;A Lei em Randado;654;762;1707
3442;Oblivion Song: Entre Dois Mundos;365;737;1252
3443;Os segredos que guardamos;331;799;1331
3444;Não se humilha, não;355;946;2118
3445;Cidade nas Trevas;327;906;1825
3446;A Guerra Pela Uber;331;914;1425
3447;Anos rebeldes;480;1056;1571
3448;Lado B;501;1770;2584
3449;Não se humilha, não;389;942;1401
3450;Recursão;367;897;1465
3451;Não se humilha, não;342;1951;1368
3452;M, o Filho do Século;346;741;1415
3453;Cidade nas Trevas;302;790;1380
3454;Minha Sombria Vanessa;275;1650;1544
3455;Baby Shark!;345;841;1474
3456;A última imperatriz;323;915;1551
3457;Orçamento sem falhas;311;724;1109
3458;Febre de Bola;402;723;1672
3459;Por que fazemos o que fazemos?;1496;928;1354
3460;M, o Filho do Século;423;779;1132
3461;Cidade nas Trevas;335;640;1406
3462;Consiga o que você quer;472;733;1418
3463;Minha Sombria Vanessa;353;858;1278
3464;Cidade nas Trevas;341;769;1208
3465;Orçamento sem falhas;315;580;1157
3466;Recursão;387;892;1218
3467;Minha Sombria Vanessa;279;889;1154
3468;Oblivion Song: Entre Dois Mundos;328;929;1283
3469;Baby Shark!;328;893;1277
3470;A Guerra Pela Uber;295;904;1187
3471;Os segredos que guardamos;345;900;1211
3472;Minha Sombria Vanessa;355;866;1219
3473;M, o Filho do Século;319;895;1221
3474;Os segredos que guardamos;310;901;1561
3475;Não se humilha, não;335;919;1298
3476;Orçamento sem falhas;385;917;1227
3477;Oblivion Song: Entre Dois Mundos;343;853;1223
3478;Orçamento sem falhas;335;886;1397
3479;O Motorista e o Milionário;451;980;1394
3480;Recursão;333;912;1349
3481;A Guerra Pela Uber;375;958;1430
3482;Baby Shark!;352;959;1354
3483;Minha Sombria Vanessa;270;892;1161
3484;Apenas Amigos;445;772;1712
3485;Baby Shark!;401;931;1398
3486;Star Wars - Figuras de Chumbo - 14;487;1178;2014
3487;Não se humilha, não;327;801;1362
3488;Orçamento sem falhas;374;840;1440
3489;Os segredos que guardamos;340;965;1340
3490;Cidade nas Trevas;347;926;2192
3491;M, o Filho do Século;321;892;1333
3492;Não se humilha, não;241;934;1498
3493;ANGEL - Salsichões horríveis e corpos divinos;511;972;1530
3494;Baby Shark!;362;921;1445
3495;A Guerra Pela Uber;309;884;1357
3496;M, o Filho do Século;260;931;1366
3497;M, o Filho do Século;316;1133;1425
3498;A Guerra Pela Uber;351;936;1256
3499;Oblivion Song: Entre Dois Mundos;329;918;1333
3500;M, o Filho do Século;317;942;1434
3501;Oblivion Song: Entre Dois Mundos;322;884;1264
3502;Não se humilha, não;339;900;1360
3503;Não se humilha, não;316;646;1380
3504;Os segredos que guardamos;368;725;1200
3505;Baby Shark!;664;866;1427
3506;Recursão;350;798;1369
3507;M, o Filho do Século;314;641;1406
3508;Não se humilha, não;375;757;1474
3509;Orçamento sem falhas;328;916;1705
3510;Minha Sombria Vanessa;340;797;1381
3511;Recursão;264;947;1532
3512;Cidade nas Trevas;341;1774;1369
3513;Os segredos que guardamos;336;951;1458
3514;Oblivion Song: Entre Dois Mundos;346;743;1344
3515;Recursão;384;723;1324
3516;O Mistério dos Sete Relógios;430;909;1455
3517;Orçamento sem falhas;381;921;1309
3518;M, o Filho do Século;286;1750;1337
3519;Recursão;314;932;1558
3520;Oblivion Song: Entre Dois Mundos;308;928;1377
3521;Cidade nas Trevas;341;935;1482
3522;Recursão;309;939;1461
3523;Recursão;347;942;1663
3524;Inesquecível;445;1028;1506
3525;A Guerra Pela Uber;354;778;1434
3526;Cidade nas Trevas;350;735;1331
3527;Você foi enganado;575;851;1352
3528;A virtude da raiva;497;891;1476
3529;Não se humilha, não;336;744;1874
3530;O Ladrão de Raios;407;988;1334
3531;Somos Todos Extraordinários;448;912;1391
3532;A Guerra Pela Uber;324;917;1329
3533;Os segredos que guardamos;328;944;2049
3534;Os segredos que guardamos;350;919;1397
3535;Cidade nas Trevas;326;929;1347
3536;Minha Sombria Vanessa;315;922;1495
3537;Não se humilha, não;362;920;1318
3538;Minha Sombria Vanessa;322;936;1336
3539;Cidade nas Trevas;329;910;1340
3540;O Natal do Pequeno Nicolau;446;718;1408
3541;A Guerra Pela Uber;400;930;1335
3542;M, o Filho do Século;286;774;1240
3543;Inglês para falar em qualquer situação;310;790;1372
3544;Orçamento sem falhas;336;747;1235
3545;A Guerra Pela Uber;228;919;1292
3546;Oblivion Song: Entre Dois Mundos;322;1205;1389
3547;A Cabana;454;951;1541
3548;Orçamento sem falhas;311;943;1432
3549;Minha Sombria Vanessa;287;828;1300
3550;Não se humilha, não;332;704;1399
3551;Orçamento sem falhas;320;930;1497
3552;Orçamento sem falhas;376;710;1309
3553;Ricardo III;340;722;1362
3554;Guerra;491;972;1439
3555;A Guerra Pela Uber;338;912;1423
3556;Orçamento sem falhas;340;665;1339
3557;Os segredos que guardamos;352;856;1565
3558;Oblivion Song: Entre Dois Mundos;368;818;1420
3559;Baby Shark!;477;813;1196
3560;Baby Shark!;373;618;1162
3561;Warcraft - Durotan;424;830;1523
3562;Transformando garotas em monstros;409;906;1385
3563;Pê de pai;467;1015;1460
3564;Recursão;315;894;1497
3565;Minha Sombria Vanessa;370;575;1847
3566;Orçamento sem falhas;365;549;1216
3567;Tia Lola veio "visitar" morar;421;561;1474
3568;Beber, Jogar, [email protected]#er;441;558;1544
3569;Oblivion Song: Entre Dois Mundos;359;730;1434
3570;M, o Filho do Século;349;574;1356
3571;As causas da miséria e sua superação;360;894;1482
3572;Os segredos que guardamos;343;847;2192
3573;Recursão;369;678;1297
3574;Baby Shark!;322;771;1515
3575;Cidade nas Trevas;339;843;1475
3576;M, o Filho do Século;346;1381;2386
3577;Cidade nas Trevas;339;849;1464
3578;Cidade nas Trevas;427;743;1342
3579;Os segredos que guardamos;287;713;1432
3580;A Guerra Pela Uber;324;602;1450
3581;Baby Shark!;337;874;1453
3582;O Brilho das Sombras;395;1573;1456
3583;M, o Filho do Século;356;559;1309
3584;Oblivion Song: Entre Dois Mundos;413;531;1400
3585;Minha Sombria Vanessa;343;545;1384
3586;Orçamento sem falhas;347;711;1308
3587;Baby Shark!;369;872;1364
3588;Ecos do Futuro;476;847;1468
3589;M, o Filho do Século;364;858;1187
3590;Orçamento sem falhas;329;718;1472
3591;Recursão;373;770;1427
3592;Não se humilha, não;344;857;1463
3593;Cidade nas Trevas;391;946;1108
3594;Não se humilha, não;328;907;1311
3595;Orçamento sem falhas;327;756;1527
3596;Oblivion Song: Entre Dois Mundos;342;972;1425
3597;Recursão;386;909;1220
3598;M, o Filho do Século;270;785;1481
3599;Os segredos que guardamos;327;684;1654
3600;Baby Shark!;354;922;1467
3601;Cidade nas Trevas;335;940;1582
3602;Orçamento sem falhas;337;957;1323
3603;Baby Shark!;374;1019;1314
3604;Minha Sombria Vanessa;321;837;1252
3605;Os segredos que guardamos;314;865;1240
3606;Cidade nas Trevas;333;816;1649
3607;A Guerra Pela Uber;330;721;1438
3608;Orçamento sem falhas;332;861;1339
3609;Recursão;375;878;1374
3610;Cidade nas Trevas;326;770;1304
3611;Oblivion Song: Entre Dois Mundos;330;710;1289
3612;M, o Filho do Século;324;707;1372
3613;M, o Filho do Século;350;796;1330
3614;A Guerra Pela Uber;335;843;2236
3615;A Guerra Pela Uber;365;722;1462
3616;Os segredos que guardamos;323;748;1653
3617;Os segredos que guardamos;312;706;1339
3618;Organize Sua Vida;418;735;2478
3619;M, o Filho do Século;352;566;1326
3620;Minha Sombria Vanessa;317;735;1509
3621;Não se humilha, não;300;576;1310
3622;Cidade nas Trevas;335;685;1393
3623;M, o Filho do Século;297;663;1361
3624;Os segredos que guardamos;342;1133;1395
3625;Ferramentas dos Titãs;304;998;1447
3626;Baby Shark!;330;976;1376
3627;Os segredos que guardamos;360;898;1416
3628;Minha Sombria Vanessa;258;899;1343
3629;M, o Filho do Século;342;1038;1210
3630;As Suplicantes, Os Persas, Os Sete Contra Tebas;496;972;1669
3631;Orçamento sem falhas;310;863;1494
3632;Maldosas;411;979;1469
3633;Os segredos que guardamos;332;852;1520
3634;A Cidade em Fuga;465;1027;2038
3635;Cidade nas Trevas;332;933;1634
3636;Felizes para sempre...;337;798;1656
3637;Os segredos que guardamos;331;780;1359
3638;Tesouros da Terra - Volume 016 - Howlita;409;985;1509
3639;M, o Filho do Século;293;928;1452
3640;Orçamento sem falhas;322;1352;1051
3641;M, o Filho do Século;326;885;1070
3642;Os segredos que guardamos;348;927;1173
3643;Recursão;413;893;1229
3644;Não se humilha, não;347;581;1571
3645;Não se humilha, não;1248;773;1278
3646;Orçamento sem falhas;345;1677;1390
3647;Minha Sombria Vanessa;333;836;1314
3648;Recursão;344;765;1398
3649;Minha Sombria Vanessa;283;829;1585
3650;Os segredos que guardamos;312;625;2439
3651;Oblivion Song: Entre Dois Mundos;326;644;1422
3652;O Alquimista;496;964;1530
3653;Oblivion Song: Entre Dois Mundos;330;861;1342
3654;A Guerra Pela Uber;553;727;1434
3655;Minha vida de rata;447;713;1417
3656;Baby Shark!;303;617;1393
3657;Orçamento sem falhas;382;730;2068
3658;Oblivion Song: Entre Dois Mundos;301;664;1451
3659;M, o Filho do Século;288;910;1779
3660;Os segredos que guardamos;365;927;1249
3661;Os segredos que guardamos;329;928;2426
3662;M, o Filho do Século;325;914;1334
3663;Oblivion Song: Entre Dois Mundos;323;877;1335
3664;Cura da Dor Mais Profunda;1172;1075;1399
3665;Baby Shark!;447;894;1355
3666;meus contos peferidos;503;1192;1472
3667;O Código Da Vinci;394;1015;1448
3668;Os segredos que guardamos;399;890;1338
3669;Cidade nas Trevas;281;921;1299
3670;Minha Sombria Vanessa;311;913;1264
3671;Dominando os Recursos do Google;520;963;1401
3672;M, o Filho do Século;422;898;1346
3673;Minha Sombria Vanessa;297;891;1317
3674;Orçamento sem falhas;346;879;1330
3675;Recursão;368;949;1415
3676;Não se humilha, não;396;906;1297
3677;Não se humilha, não;335;915;1470
3678;O Complexo de Atlântida;422;994;1549
3679;O Superblog das Maravilhooosas Mari, Luma e Carol;427;892;1711
3680;Orçamento sem falhas;363;918;1449
3681;M, o Filho do Século;349;794;1627
3682;Orçamento sem falhas;392;853;1290
3683;Não se humilha, não;341;928;1317
3684;Os segredos que guardamos;347;922;1310
3685;Baby Shark!;354;968;1396
3686;A Guerra Pela Uber;330;933;1289
3687;Baby Shark!;494;957;1462
3688;Minas do Ouro;448;932;1712
3689;Baby Shark!;334;954;1551
3690;Orçamento sem falhas;376;929;1497
3691;O Testamento de São João;565;1026;1698
3692;Recursão;494;971;1352
3693;Os segredos que guardamos;368;846;1269
3694;A Guerra Pela Uber;373;934;1414
3695;Oblivion Song: Entre Dois Mundos;316;941;1363
3696;Oblivion Song: Entre Dois Mundos;366;982;1386
3697;Os segredos que guardamos;362;945;1386
3698;A Guerra Pela Uber;346;968;1273
3699;O Princípio de Crueldade;438;1023;1285
3700;M, o Filho do Século;312;936;2016
3701;Minha Sombria Vanessa;377;959;1300
3702;O Dilema;464;1048;1459
3703;M, o Filho do Século;302;933;1444
3704;Superficial;498;2160;2438
3705;M, o Filho do Século;296;901;1336
3706;M, o Filho do Século;355;845;1198
3707;A Dieta Grega;460;1018;1369
3708;Cidade nas Trevas;338;894;1072
3709;A Arte de Animais Fantásticos. Os Crimes de Grindelwald;415;988;1422
3710;Orçamento sem falhas;511;1750;1393
3711;Oblivion Song: Entre Dois Mundos;326;922;1278
3712;M, o Filho do Século;304;920;1264
3713;Não se humilha, não;316;898;1250
3714;A Garota Perfeita;337;902;1356
3715;A Guerra Pela Uber;318;877;1236
3716;Minha Sombria Vanessa;322;936;1250
3717;Oblivion Song: Entre Dois Mundos;369;902;1301
3718;Orçamento sem falhas;336;949;1191
3719;A Guerra Pela Uber;293;878;1209
3720;Recursão;368;885;1318
3721;Não se humilha, não;361;869;1274
3722;Orçamento sem falhas;252;870;1420
3723;Orçamento sem falhas;365;907;1342
3724;Império;580;1032;1578
3725;Não se humilha, não;306;888;1273
3726;A Guerra Pela Uber;334;900;1382
3727;Orçamento sem falhas;383;841;1363
3728;Recursão;389;917;1324
3729;Orçamento sem falhas;318;886;1180
3730;Os segredos que guardamos;224;875;1094
3731;Minha Sombria Vanessa;365;915;1377
3732;Oblivion Song: Entre Dois Mundos;358;918;1317
3733;Oblivion Song: Entre Dois Mundos;361;906;1375
3734;M, o Filho do Século;328;901;1267
3735;A Revolta das coisas;447;925;1403
3736;Dois Crimes;491;936;1426
3737;O Navio dos Mortos;562;888;1605
3738;Cidade nas Trevas;419;882;1264
3739;Orçamento sem falhas;338;894;1274
3740;A Guerra Pela Uber;354;898;1193
3741;Oblivion Song: Entre Dois Mundos;367;899;1279
3742;Sussurro;527;943;2422
3743;Orçamento sem falhas;372;890;1460
3744;Oblivion Song: Entre Dois Mundos;396;868;1347
3745;Oblivion Song: Entre Dois Mundos;345;864;1276
3746;O Santo;488;984;2902
3747;Os segredos que guardamos;403;838;1400
3748;Não se humilha, não;311;877;1273
3749;Recursão;350;939;1260
3750;A Guerra Pela Uber;390;887;1415
3751;A Guerra Pela Uber;356;884;1342
3752;Não se humilha, não;337;934;1438
3753;Cidade nas Trevas;370;920;1362
3754;M, o Filho do Século;372;915;1368
3755;Não se humilha, não;349;943;1241
3756;Minha Sombria Vanessa;288;918;1378
3757;Minha Sombria Vanessa;379;915;1332
3758;Os segredos que guardamos;346;912;1379
3759;O Livro dos Vilões;455;971;1478
3760;Oblivion Song: Entre Dois Mundos;316;882;1315
3761;Cidade nas Trevas;437;894;1391
3762;Baby Shark!;255;932;1378
3763;Os segredos que guardamos;303;897;1301
3764;Os segredos que guardamos;275;864;1351
3765;Não se humilha, não;343;881;1426
3766;Não se humilha, não;332;872;1347
3767;Recursão;317;923;1311
3768;Minha Sombria Vanessa;331;1644;1397
3769;Baby Shark!;611;941;1816
3770;Atherton - A Casa do Poder;562;947;1489
3771;Recursão;343;637;1322
3772;Não se humilha, não;346;644;1247
3773;Orçamento sem falhas;332;708;1324
3774;M, o Filho do Século;377;1637;1244
3775;Orçamento sem falhas;1205;876;1025
3776;Baby Shark!;394;920;1246
3777;Os segredos que guardamos;356;891;1410
3778;Noiva Irresistível;452;826;1329
3779;Oblivion Song: Entre Dois Mundos;322;921;1258
3780;A Guerra Pela Uber;297;878;1196
3781;Cidade nas Trevas;309;857;1208
3782;Comece Onde Você Está;447;903;1564
3783;Baby Shark!;376;929;1761
3784;Orçamento sem falhas;313;909;1149
3785;Cidade nas Trevas;393;896;1649
3786;Baby Shark!;385;936;1214
3787;O Vampiro Armand;459;1203;1225
3788;Memórias Inventadas - A Infância;429;958;922
3789;Baby Shark!;399;888;1653
3790;Orçamento sem falhas;344;889;1079
3791;M, o Filho do Século;350;917;1160
3792;A Guerra Pela Uber;294;1058;1151
3793;Não se humilha, não;514;892;916
3794;Oblivion Song: Entre Dois Mundos;285;911;790
3795;Julieta;502;1117;1384
3796;A Guerra Pela Uber;357;939;974
3797;Oblivion Song: Entre Dois Mundos;603;872;783
3798;Cidade nas Trevas;384;846;795
3799;Oblivion Song: Entre Dois Mundos;385;903;860
3800;A Garota das Sapatilhas Brancas;369;993;1054
3801;Recursão;333;934;929
3802;M, o Filho do Século;333;885;951
3803;Orçamento sem falhas;332;851;900
3804;M, o Filho do Século;377;915;854
3805;Oblivion Song: Entre Dois Mundos;343;918;825
3806;Baby Shark!;365;902;900
3807;Recursão;332;942;893
3808;Praticamente Inofensiva;434;986;864
3809;Recursão;352;715;1054
3810;A Guerra Pela Uber;254;915;845
3811;Um novo jeito de trabalhar;327;596;1047
3812;Baby Shark!;342;732;918
3813;Minha Sombria Vanessa;304;837;836
3814;Não se humilha, não;322;808;829
3815;M, o Filho do Século;337;765;776
3816;O Mestre da Vida;459;790;980
3817;História do Futuro [Versão Digital];518;937;1235
3818;Os segredos que guardamos;229;860;938
3819;M, o Filho do Século;289;840;979
3820;Minha Sombria Vanessa;333;679;967
3821;Aprendendo a Viver Plenamente;426;1061;1450
3822;A Guerra Pela Uber;333;907;1240
3823;Cidade nas Trevas;329;882;1564
3824;M, o Filho do Século;305;873;1627
3825;M, o Filho do Século;338;898;1455
3826;Desvendando Inferno;505;868;1521
3827;Cidade nas Trevas;321;818;1482
3828;A economia das crises;422;960;2112
3829;Baby Shark!;351;931;1542
3830;M, o Filho do Século;347;877;1401
3831;M, o Filho do Século;319;893;1317
3832;A Guerra Pela Uber;350;1637;2118
3833;Os segredos que guardamos;339;920;1312
3834;Minha Sombria Vanessa;367;912;1404
3835;Cidade nas Trevas;381;860;1361
3836;Cidade nas Trevas;347;923;1316
3837;A Guerra Pela Uber;369;905;1464
3838;Os segredos que guardamos;352;1628;1331
3839;M, o Filho do Século;320;910;1268
3840;Já tentei de tudo!;600;994;1367
3841;Não se humilha, não;357;906;1337
3842;Recursão;411;938;1759
3843;Os segredos que guardamos;399;931;1331
3844;A Guerra Pela Uber;352;872;1286
3845;Não se humilha, não;360;900;1313
3846;Mente, Linguagem e Sociedade;480;941;1530
3847;Revenge - Treinamento Para Vingança;605;978;1197
3848;Oblivion Song: Entre Dois Mundos;291;910;1249
3849;M, o Filho do Século;340;889;1306
3850;Não se humilha, não;1200;863;1258
3851;Para Sempre Minha;397;807;1253
3852;Minha Sombria Vanessa;367;859;1250
3853;M, o Filho do Século;349;867;1483
3854;Orçamento sem falhas;319;829;1372
3855;M, o Filho do Século;326;846;1288
3856;Jesus: a peregrinação - Galileia;402;978;1271
3857;A Guerra Pela Uber;346;908;1244
3858;Você é lider de sua vida ?;437;866;1447
3859;Cidade nas Trevas;353;929;1436
3860;A vida secreta das árvores;486;919;1413
3861;Não se humilha, não;302;872;1331
3862;A Guerra Pela Uber;357;900;1404
3863;Minha Sombria Vanessa;346;903;1286
3864;Baby Shark!;374;942;1461
3865;Minha Sombria Vanessa;424;928;1379
3866;Baby Shark!;365;952;1329
3867;Orçamento sem falhas;344;927;1337
3868;Recursão;372;949;1337
3869;Baby Shark!;1186;935;1425
3870;Os segredos que guardamos;353;914;1952
3871;Oblivion Song: Entre Dois Mundos;340;911;1522
3872;Baby Shark!;321;947;1263
3873;Na Mira da Arma;415;905;1523
3874;Baby Shark!;422;895;2489
3875;Doce Perdão;485;899;1439
3876;Hoje Acordei Gorda;444;923;1544
3877;Não se humilha, não;337;849;1308
3878;O Livro de Ouro das Revoluções;434;933;1247
3879;Os segredos que guardamos;331;893;1284
3880;Cidade nas Trevas;285;877;29166
3881;A Guerra Pela Uber;337;909;2183
3882;A Guerra Pela Uber;390;923;1366
3883;Minha Sombria Vanessa;330;927;1353
3884;Orçamento sem falhas;361;936;1461
3885;Orçamento sem falhas;366;919;1212
3886;Indecisão;455;1042;1348
3887;Ronaldo;631;1050;1707
3888;Os segredos que guardamos;319;920;1430
3889;Sussurro;394;902;1541
3890;Não se humilha, não;348;925;1454
3891;Orçamento sem falhas;353;922;1353
3892;Orçamento sem falhas;428;942;1473
3893;Recursão;420;988;1271
3894;M, o Filho do Século;341;922;1412
3895;A Guerra Pela Uber;335;795;1370
3896;Orçamento sem falhas;332;1372;1301
3897;Cidade nas Trevas;295;879;1263
3898;Recursão;285;919;1324
3899;Administração de Empresas com Excel;400;760;1503
3900;Não se humilha, não;378;751;1254
3901;Cidade nas Trevas;338;819;1280
3902;Recursão;358;1815;1278
3903;Orçamento sem falhas;350;896;1288
3904;Recursão;368;936;1306
3905;Cidade nas Trevas;349;903;1275
3906;Não se humilha, não;1116;926;1294
3907;Baby Shark!;409;931;1266
3908;M, o Filho do Século;330;915;1257
3909;M, o Filho do Século;346;943;1400
3910;Baby Shark!;382;925;1347
3911;Não se humilha, não;352;934;1421
3912;Orçamento sem falhas;389;934;1345
3913;Recursão;352;924;4454
3914;Baby Shark!;366;950;1456
3915;Um ano;503;988;1575
3916;Baby Shark!;384;899;1380
3917;A Guerra Pela Uber;338;929;2234
3918;Oblivion Song: Entre Dois Mundos;332;1016;1463
3919;Não se humilha, não;357;882;1385
3920;Conexões espirituais;436;1027;1372
3921;Cidade nas Trevas;300;859;1302
3922;Baby Shark!;343;738;1284
3923;Brasil: Primeiro Tempo;443;806;1434
3924;Recursão;434;954;1297
3925;A Guerra Pela Uber;356;914;1353
3926;A Guerra Pela Uber;297;912;1402
3927;Imortal;458;1049;1487
3928;A Guerra Pela Uber;322;951;1473
3929;Os segredos que guardamos;350;942;1461
3930;M, o Filho do Século;362;892;1337
3931;Minha Sombria Vanessa;200;929;1333
3932;M, o Filho do Século;333;904;1318
3933;Oblivion Song: Entre Dois Mundos;365;901;1372
3934;Baby Shark!;361;922;1279
3935;Oblivion Song: Entre Dois Mundos;326;893;1321
3936;A Guerra Pela Uber;337;900;1378
3937;Recursão;353;927;1271
3938;Cidade nas Trevas;307;899;1263
3939;Recursão;366;948;1346
3940;Os segredos que guardamos;330;897;1281
3941;Como criar em Iluminação;395;900;1367
3942;Filhotes;446;912;1294
3943;Esqueceram de Mim;418;965;1506
3944;Baby Shark!;282;918;1316
3945;Recursão;355;906;1363
3946;M, o Filho do Século;303;891;1316
3947;A Guerra Pela Uber;245;889;1258
3948;A Guerra Pela Uber;235;884;1310
3949;M, o Filho do Século;272;876;1354
3950;Orçamento sem falhas;301;872;1263
3951;Cidade nas Trevas;319;894;1282
3952;Oblivion Song: Entre Dois Mundos;385;1022;1238
3953;Orçamento sem falhas;274;877;1278
3954;Orçamento sem falhas;255;874;1206
3955;M, o Filho do Século;264;894;1272
3956;Cidade nas Trevas;206;889;1931
3957;Cowboys & Aliens;360;934;1358
3958;Baby Shark!;268;896;1315
3959;Recursão;268;922;1350
3960;A Tumba da Família de Jesus;351;1851;2302
3961;Orçamento sem falhas;297;961;1264
3962;O Rei Branco;381;1016;1585
3963;Não se humilha, não;244;1470;1373
3964;Minha Sombria Vanessa;339;922;1296
3965;Os segredos que guardamos;244;897;1312
3966;Nove Desconhecidos;406;1775;1472
3967;A guerra do Paraguai;343;923;1447
3968;Baby Shark!;242;880;1360
3969;O contorno do Sol;396;1012;1464
3970;Orçamento sem falhas;263;910;1361
3971;O Rei Fugitivo;361;887;1349
3972;Oblivion Song: Entre Dois Mundos;262;899;1305
3973;M, o Filho do Século;248;869;1300
3974;Orçamento sem falhas;366;914;1280
3975;M, o Filho do Século;244;897;1257
3976;A Guerra Pela Uber;225;940;1322
3977;Orçamento sem falhas;222;890;1254
3978;Baby Shark!;258;883;1354
3979;Recursão;240;888;1410
3980;Bichos-papões anônimos;294;931;1381
3981;Confissão;395;919;1548
3982;Orçamento sem falhas;230;901;1317
3983;Oblivion Song: Entre Dois Mundos;221;901;1303
3984;A Guerra Pela Uber;267;897;1321
3985;Egitomania: o fascinante mundo do antigo Egito, vol. 29;353;849;1347
3986;Orçamento sem falhas;216;919;1287
3987;A Guerra Pela Uber;221;881;1338
3988;Não se humilha, não;243;932;1483
3989;As Aventuras de Sherlock Holmes;311;967;1369
3990;Baby Shark!;251;914;1323
3991;Recursão;376;898;1313
3992;Minha Sombria Vanessa;347;881;64410
3993;Meditando com os anjos;564;896;1832
3994;Os segredos que guardamos;276;899;1527
3995;A Guerra Pela Uber;280;757;1390
3996;Cidade nas Trevas;297;701;1396
3997;Não se humilha, não;265;754;1387
3998;Não se humilha, não;245;702;2409
3999;Minha Sombria Vanessa;292;609;1422
4000;Minha Sombria Vanessa;317;690;1333
4001;Oblivion Song: Entre Dois Mundos;319;596;1272
4002;Crepúsculo e a História;349;652;2104
4003;Cidade nas Trevas;352;668;1356
4004;Os segredos que guardamos;297;662;1241
4005;Recursão;346;705;1277
4006;Não se humilha, não;259;683;1377
4007;A Sutil Arte de Ligar o F*da-se;349;720;1333
4008;Baby Shark!;243;660;1443
4009;M, o Filho do Século;290;610;1396
4010;Minha Sombria Vanessa;288;716;1257
4011;Recursão;288;637;1394
4012;Recursão;414;884;1458
4013;Cidade nas Trevas;286;710;1387
4014;Recursão;354;712;1315
4015;Baby Shark!;282;823;1401
4016;Minha Sombria Vanessa;299;682;1249
4017;Recursão;293;670;1241
4018;Minha Sombria Vanessa;317;651;1265
4019;Cidade nas Trevas;320;681;1262
4020;Cidade nas Trevas;291;598;1280
4021;Recursão;350;598;1331
4022;Não se humilha, não;315;629;1333
4023;Orçamento sem falhas;392;611;1344
4024;Baby Shark!;313;1411;1324
4025;As Flores do Mal;389;692;1458
4026;Baby Shark!;283;634;1320
4027;Baby Shark!;333;555;1315
4028;A Mente e o Significado da Vida;339;687;1419
4029;A história de Jesus para quem tem pressa;475;632;1559
4030;Sobre o perdão.;453;1403;1392
4031;A Jogadora de Go;594;688;1375
4032;Os segredos que guardamos;352;842;1374
4033;O Livro do Destino;359;739;1542
4034;Baby Shark!;317;638;1397
4035;Oblivion Song: Entre Dois Mundos;316;598;1316
4036;A Guerra Pela Uber;310;566;1279
4037;Minha Sombria Vanessa;326;643;1296
4038;Cidade nas Trevas;331;776;1266
4039;Minha Sombria Vanessa;291;655;1368
4040;Sal, Açúcar, Gordura;408;707;1412
4041;Oblivion Song: Entre Dois Mundos;314;695;1959
4042;Cidade nas Trevas;290;760;1356
4043;Não se humilha, não;271;654;1312
4044;Cidade nas Trevas;333;791;1361
4045;Os segredos que guardamos;358;551;2205
4046;O homem que falava de Otávia de Cádiz;425;624;1469
4047;Recursão;314;582;1376
4048;Minha Sombria Vanessa;319;646;1297
4049;Oblivion Song: Entre Dois Mundos;344;681;1381
4050;Baby Shark!;230;734;1378
4051;Minha Sombria Vanessa;321;593;1329
4052;Minha Sombria Vanessa;244;563;1358
4053;Orçamento sem falhas;376;624;1575
4054;Não se humilha, não;268;859;1384
4055;O Rei Corvo;1050;926;1456
4056;Oblivion Song: Entre Dois Mundos;339;599;1338
4057;Oblivion Song: Entre Dois Mundos;314;660;1294
4058;Baby Shark!;573;691;1317
4059;Os segredos que guardamos;341;600;1318
4060;Os segredos que guardamos;344;909;1314
4061;Orçamento sem falhas;310;854;1309
4062;A Guerra Pela Uber;338;651;1303
4063;O Amor Secreto;430;699;1588
4064;A Guerra Pela Uber;325;569;1319
4065;Recursão;357;753;1323
4066;Os segredos que guardamos;311;574;1327
4067;O Sorriso da Hiena;424;743;1503
4068;A Guerra Pela Uber;345;681;1406
4069;Orçamento sem falhas;357;610;1480
4070;Os segredos que guardamos;338;613;1302
4071;Os segredos que guardamos;339;636;1323
4072;Agente Secreto Zero Zero Ká;414;773;1370
4073;Minha Sombria Vanessa;301;736;1281
4074;M, o Filho do Século;1128;581;1295
4075;Os segredos que guardamos;281;785;1281
4076;A Guerra Pela Uber;298;566;1299
4077;Baby Shark!;368;576;1345
4078;Não se humilha, não;302;542;1403
4079;Minha Sombria Vanessa;343;562;1265
4080;Os segredos que guardamos;391;575;1283
4081;Recursão;289;660;1358
4082;Sangue nas veias;435;787;1517
4083;O Vendedor de Sonhos 3. O Semeador de Ideias;451;689;1404
4084;A Descoberta do Fluxo;420;691;2013
4085;Não se humilha, não;346;601;1289
4086;Depois De Deus;483;610;1357
4087;A Guerra Pela Uber;335;731;1290
4088;Recursão;381;1228;2193
4089;Os segredos que guardamos;338;694;1272
4090;Cidade nas Trevas;358;569;1243
4091;A Guerra Pela Uber;341;620;1254
4092;Orçamento sem falhas;364;677;1333
4093;A Miscelânea da Boa Mesa de Schott;423;678;1348
4094;A Guerra Pela Uber;336;1114;1255
4095;Os segredos que guardamos;287;602;1305
4096;Minha Sombria Vanessa;463;842;1553
4097;C.O.V.A.;497;765;1452
4098;Minha Sombria Vanessa;370;633;1301
4099;Não se humilha, não;351;608;1280
4100;Ligações Poderosas;573;686;1508
4101;Baby Shark!;324;668;1297
4102;Orçamento sem falhas;332;716;1259
4103;A Guerra Pela Uber;292;704;1327
4104;Os segredos que guardamos;340;585;1324
4105;M, o Filho do Século;335;545;1293
4106;Recursão;356;619;1314
4107;Warcraft - Durotan;339;894;1394
4108;Orçamento sem falhas;321;590;1286
4109;Oblivion Song: Entre Dois Mundos;339;613;1299
4110;Minha Sombria Vanessa;333;582;1286
4111;M, o Filho do Século;254;591;1269
4112;Recursão;342;602;1300
4113;Dentro do Espelho;405;698;1320
4114;Os segredos que guardamos;326;658;1328
4115;Oblivion Song: Entre Dois Mundos;311;711;1300
4116;Baby Shark!;379;785;1282
4117;O Trono das Sombras;443;966;1414
4118;Cidade nas Trevas;363;615;1360
4119;O Livro e a Espada;439;691;1455
4120;Os segredos que guardamos;245;648;1317
4121;Não se humilha, não;317;681;1196
4122;Orçamento sem falhas;273;700;1261
4123;Recursão;362;667;1246
4124;Não se humilha, não;337;788;1236
4125;Não se humilha, não;334;763;1302
4126;Baby Shark!;320;735;1959
4127;Não se humilha, não;561;686;1222
4128;Cidade nas Trevas;372;740;1161
4129;Cidade nas Trevas;326;616;1257
4130;Oblivion Song: Entre Dois Mundos;356;646;2137
4131;Os segredos que guardamos;401;629;1290
4132;Os segredos que guardamos;7329;632;1288
4133;Silêncio;42223;697;1429
4134;Cidade nas Trevas;802;661;1236
4135;Não se humilha, não;525;637;1309
4136;Cidade nas Trevas;406;692;1250
4137;Baby Shark!;397;597;1286
4138;Baby Shark!;404;738;1334
4139;Baby Shark!;378;845;1220
4140;Orçamento sem falhas;405;718;1294
4141;A Guerra Pela Uber;419;642;1308
4142;Os segredos que guardamos;393;643;1323
4143;Oblivion Song: Entre Dois Mundos;502;573;1236
4144;Não se humilha, não;375;612;1335
4145;Cidade nas Trevas;368;639;1262
4146;Oblivion Song: Entre Dois Mundos;316;656;1253
4147;Os segredos que guardamos;395;545;1229
4148;Orçamento sem falhas;359;666;1233
4149;Oblivion Song: Entre Dois Mundos;372;564;1287
4150;Os segredos que guardamos;378;737;1230
4151;Minha Sombria Vanessa;347;835;1345
4152;Não se humilha, não;373;1490;1284
4153;Os segredos que guardamos;373;674;1296
4154;Recursão;424;691;1329
4155;M, o Filho do Século;471;656;1289
4156;M, o Filho do Século;400;906;1217
4157;O Voo da Libélula;487;941;1362
4158;O Despertar do Coração Budista;449;1383;1366
4159;Diário de um Zumbi do Minecraft;458;803;1535
4160;A Guerra Pela Uber;306;739;1223
4161;M, o Filho do Século;296;782;1273
4162;Baby Shark!;380;932;1285
4163;A Guerra Pela Uber;361;805;1295
4164;Baby Shark!;366;772;1300
4165;Baby Shark!;423;637;1402
4166;Minha Sombria Vanessa;398;909;1518
4167;Não se humilha, não;380;866;1256
4168;Baby Shark!;374;967;1367
4169;Mulheres que Correm com os Lobos;459;1014;2041
4170;Os segredos que guardamos;392;945;1275
4171;A Guerra Pela Uber;363;916;1287
4172;M, o Filho do Século;396;934;1262
4173;A Guerra Pela Uber;383;934;2075
4174;Dossiê Hitler;708;1020;1417
4175;Não se humilha, não;349;668;1282
4176;Não se humilha, não;343;786;1358
4177;A Guerra Pela Uber;337;946;1235
4178;Não se humilha, não;331;757;1229
4179;Orçamento sem falhas;348;922;1324
4180;Os segredos que guardamos;327;936;1251
4181;M, o Filho do Século;336;693;1251
4182;Baby Shark!;356;716;1358
4183;Orçamento sem falhas;337;633;1311
4184;Não se humilha, não;361;756;1194
4185;Cidade nas Trevas;281;940;1292
4186;Palavras de Fogo;539;842;1390
4187;Oblivion Song: Entre Dois Mundos;304;843;1225
4188;M, o Filho do Século;276;780;1228
4189;Oblivion Song: Entre Dois Mundos;284;784;1264
4190;Recursão;349;655;1301
4191;M, o Filho do Século;347;706;1322
4192;A Guerra Pela Uber;326;594;1319
4193;Minha Sombria Vanessa;391;686;1279
4194;A Guerra Pela Uber;306;668;1346
4195;Orçamento sem falhas;358;598;1268
4196;Oblivion Song: Entre Dois Mundos;348;566;1311
4197;O motorista;515;687;1471
4198;Sandman Midnight Theatre;428;751;1309
4199;Recursão;367;699;1312
4200;A Guerra Pela Uber;384;898;1318
4201;Os segredos que guardamos;322;924;1240
4202;Não se humilha, não;301;919;1302
4203;Oblivion Song: Entre Dois Mundos;354;875;1349
4204;Recursão;343;866;1342
4205;Oblivion Song: Entre Dois Mundos;324;804;1319
4206;Orçamento sem falhas;319;643;1286
4207;M, o Filho do Século;315;726;1275
4208;Não se humilha, não;338;707;1256
4209;Os segredos que guardamos;374;909;1374
4210;A Guerra Pela Uber;253;1103;1231
4211;Baby Shark!;346;866;1291
4212;Baby Shark!;263;927;1954
4213;A Mulher Que Desvendava a Morte;382;816;1399
4214;M, o Filho do Século;244;681;1282
4215;Orçamento sem falhas;239;633;1256
4216;Star Wars - Figuras de Chumbo - 25;398;1539;2290
4217;Recursão;273;716;1225
4218;Oblivion Song: Entre Dois Mundos;331;762;1221
4219;Baby Shark!;267;811;1343
4220;Cidade nas Trevas;270;790;1332
4221;Oblivion Song: Entre Dois Mundos;256;783;1316
4222;Cidade nas Trevas;304;1658;1253
4223;Orçamento sem falhas;269;968;1224
4224;Orçamento sem falhas;244;861;1319
4225;Recursão;266;766;1560
4226;Não se humilha, não;225;877;1231
4227;Aldabra: A Tartaruga Que Amava Shakespeare;346;919;1475
4228;A Guerra Pela Uber;253;908;1202
4229;Oblivion Song: Entre Dois Mundos;303;765;1230
4230;Baby Shark!;256;919;1261
4231;Oblivion Song: Entre Dois Mundos;258;689;1309
4232;M, o Filho do Século;225;590;1253
4233;O Príncipe das Sombras;346;1010;1321
4234;Os Guardiões de Sangue;377;848;1439
4235;Aos Meus Filhos;395;817;1385
4236;Os segredos que guardamos;234;819;1355
4237;Os segredos que guardamos;269;751;1314
4238;Oblivion Song: Entre Dois Mundos;334;828;1253
4239;Oblivion Song: Entre Dois Mundos;288;919;1298
4240;Cidade nas Trevas;347;824;1291
4241;Baby Shark!;347;962;1342
4242;Só;595;1290;1635
4243;Abhorsen;575;1057;1584
4244;Cidade nas Trevas;340;2117;1204
4245;Não se humilha, não;296;729;1323
4246;Minha Sombria Vanessa;312;833;1242
4247;Não se humilha, não;328;671;1283
4248;Cidade nas Trevas;393;714;1279
4249;Oblivion Song: Entre Dois Mundos;331;628;1254
4250;Não se humilha, não;336;648;1229
4251;M, o Filho do Século;346;764;1292
4252;Sniper Americano;436;745;1391
4253;Oblivion Song: Entre Dois Mundos;286;701;1321
4254;Na Mira da Arma;354;730;2158
4255;M, o Filho do Século;316;633;1340
4256;Recursão;332;636;1392
4257;Recursão;283;737;1366
4258;M, o Filho do Século;299;651;2154
4259;Baby Shark!;1370;805;1272
4260;Os segredos que guardamos;520;726;1204
4261;Orçamento sem falhas;426;737;1279
4262;130 anos: Em busca da República;1057;6923;10939
4263;Cidade nas Trevas;559;726;1408
4264;Não se humilha, não;341;685;1185
4265;M, o Filho do Século;361;666;1183
4266;M, o Filho do Século;257;546;1235
4267;M, o Filho do Século;352;556;1213
4268;Recursão;270;780;1271
4269;Cidade nas Trevas;360;798;1275
4270;Onde o Amor Se Esconde;426;678;1489
4271;Os segredos que guardamos;301;809;1239
4272;A Guerra Pela Uber;329;827;1217
4273;Geração de valor 2;416;762;1333
4274;Recursão;390;587;1272
4275;Oblivion Song: Entre Dois Mundos;378;542;1260
4276;M, o Filho do Século;328;603;1265
4277;Baby Shark!;358;591;1291
4278;Baby Shark!;1031;721;1288
4279;E não é que deu certo?;465;627;1376
4280;A Gralha-Azul e Sua Lenda;470;2801;1354
4281;Fazendo pose;427;1049;1342
4282;Orçamento sem falhas;308;802;1312
4283;O que é o Brasil?;495;995;1378
4284;Oblivion Song: Entre Dois Mundos;263;1018;1303
4285;Orçamento sem falhas;251;820;1265
4286;Oblivion Song: Entre Dois Mundos;323;1415;1313
4287;A Guerra Pela Uber;308;652;1320
4288;Não se humilha, não;317;633;1285
4289;Oblivion Song: Entre Dois Mundos;342;659;1228
4290;Orçamento sem falhas;260;527;1204
4291;Não se humilha, não;529;553;1203
4292;Baby Shark!;488;695;1393
4293;Os segredos que guardamos;321;662;1229
4294;M, o Filho do Século;317;567;1303
4295;Orçamento sem falhas;393;812;1278
4296;Os segredos que guardamos;330;657;1281
4297;Orçamento sem falhas;417;562;2121
4298;Baby Shark!;401;568;1339
4299;Amnésia;728;1041;1479
4300;A Guerra Pela Uber;381;630;1279
4301;Recursão;425;576;2201
4302;Recursão;408;573;1306
4303;The Walking Dead;462;998;1379
4304;Orçamento sem falhas;357;941;1263
4305;Os segredos que guardamos;409;779;1311
4306;Minha Sombria Vanessa;403;636;1244
4307;Bandeira e Lilás;492;1058;1385
4308;A Guerra Pela Uber;358;619;1288
4309;A Guerra Pela Uber;429;574;1247
4310;O Labirinto do Fauno;495;622;1411
4311;M, o Filho do Século;382;554;1292
4312;A Coisa;612;853;1486
4313;A Guerra Pela Uber;423;648;1300
4314;Tempos Extremos;402;886;1477
4315;Oblivion Song: Entre Dois Mundos;386;608;1339
4316;Não se humilha, não;353;568;1254
4317;Minha Sombria Vanessa;393;586;1281
4318;Recursão;384;583;1269
4319;Oblivion Song: Entre Dois Mundos;352;582;1209
4320;O caminho para a liberdade financeira;461;711;1239
4321;O Doador;442;747;1370
4322;Orçamento sem falhas;301;598;1287
4323;Recursão;276;732;1376
4324;O Complexo de Atlântida;275;565;1523
4325;Orçamento sem falhas;232;575;1281
4326;A Guerra Pela Uber;311;580;1351
4327;Baby Shark!;294;552;1397
4328;Baby Shark!;280;754;1283
4329;Os segredos que guardamos;341;722;1264
4330;Opus Dei;477;773;1432
4331;Não se humilha, não;439;931;1331
4332;Minha Sombria Vanessa;299;666;1285
4333;Cidade nas Trevas;385;555;1919
4334;A Guerra Pela Uber;360;734;1259
4335;Oblivion Song: Entre Dois Mundos;357;791;1369
4336;Baby Shark!;422;564;1285
4337;Razões para continuar vivo;615;1048;1349
4338;Oblivion Song: Entre Dois Mundos;346;871;1295
4339;Recursão;417;925;1328
4340;Minha Sombria Vanessa;318;808;1908
4341;Os segredos que guardamos;226;840;1296
4342;Recursão;357;810;1286
4343;Oblivion Song: Entre Dois Mundos;412;735;1256
4344;A Guerra Pela Uber;360;1505;2033
4345;De Menina a Mulher;470;995;1326
4346;A Guerra Pela Uber;413;561;1234
4347;Eu Deveria Ter Confiado em Você;561;992;1299
4348;Cidade nas Trevas;372;675;1131
4349;Minha Sombria Vanessa;420;632;1204
4350;Do outro lado;516;1577;1330
4351;Cidade nas Trevas;404;603;1216
4352;Recursão;394;659;1234
4353;A Guerra Pela Uber;343;700;1270
4354;Baby Shark!;389;831;1315
4355;Não se humilha, não;357;761;1243
4356;M, o Filho do Século;358;618;1248
4357;Minha Sombria Vanessa;398;616;1267
4358;Não se humilha, não;375;572;1283
4359;O Cristo Cósmico e os Essênios;418;700;1403
4360;Cidade nas Trevas;366;817;1264
4361;Baby Shark!;320;675;1309
4362;Escola dos Sabores;446;682;1456
4363;Oblivion Song: Entre Dois Mundos;385;760;1379
4364;Baby Shark!;405;831;1332
4365;Orçamento sem falhas;375;693;1245
4366;Naomi & Ely e a Lista do Não-Beijo;372;751;1407
4367;A Guerra Pela Uber;279;673;1188
4368;Um caso de necessidade;436;828;1264
4369;Sem Coração;474;845;1288
4370;Minha Sombria Vanessa;399;964;1084
4371;Trilhos e Quintais;468;943;901
4372;Baby Shark!;395;926;846
4373;Oblivion Song: Entre Dois Mundos;362;640;1077
4374;Baby Shark!;437;879;1281
4375;Os Últimos Dias de Nossos Pais;515;1147;1387
4376;Curvas Perigosas;520;1031;1278
4377;Recursão;421;793;1267
4378;Refúgio no sábado;509;805;1369
4379;Orçamento sem falhas;346;717;1308
4380;Não se humilha, não;315;561;1225
4381;Os segredos que guardamos;293;698;1303
4382;Quem manda no mundo?;394;724;2046
4383;M, o Filho do Século;368;584;1260
4384;Baby Shark!;298;652;1326
4385;Oblivion Song: Entre Dois Mundos;326;790;1286
4386;Os segredos que guardamos;327;854;2251
4387;Orçamento sem falhas;277;917;1213
4388;Não se humilha, não;348;936;1219
4389;Cidade nas Trevas;282;798;1274
4390;A Visita Cruel do Tempo;597;809;1351
4391;Os Fantasmas;443;1020;1388
4392;Jogando xadrez com os anjos;404;733;1379
4393;Oblivion Song: Entre Dois Mundos;260;829;1270
4394;Os segredos que guardamos;345;605;1237
4395;Não se humilha, não;361;670;1241
4396;M, o Filho do Século;313;735;1355
4397;Minha Sombria Vanessa;282;823;1281
4398;Minha Sombria Vanessa;306;614;1228
4399;Malorie;410;831;1415
4400;Minha Sombria Vanessa;230;1275;1235
4401;Oblivion Song: Entre Dois Mundos;239;756;1182
4402;Os segredos que guardamos;222;632;1273
4403;Oblivion Song: Entre Dois Mundos;258;546;1232
4404;Minha Sombria Vanessa;318;816;1447
4405;Os segredos que guardamos;264;772;1276
4406;A Origem do Universo;380;1004;1362
4407;Orçamento sem falhas;280;578;1268
4408;Orçamento sem falhas;312;1418;1252
4409;Recursão;353;699;1343
4410;OS PRINCIPIOS DE LIDERANÇA DE JACK WELCH;373;768;1349
4411;Orçamento sem falhas;268;556;1232
4412;A Guerra Pela Uber;264;745;1221
4413;Rose Madder;490;864;1390
4414;Não se humilha, não;330;1303;1270
4415;Orçamento sem falhas;263;778;1579
4416;Os segredos que guardamos;285;593;1342
4417;Tristano morre;378;1149;1347
4418;Orçamento sem falhas;274;822;1240
4419;Orçamento sem falhas;279;682;1291
4420;Os segredos que guardamos;445;604;1270
4421;Anita Garibaldi;366;959;1329
4422;Cidade nas Trevas;278;862;1329
4423;Orçamento sem falhas;268;877;1263
4424;Orçamento sem falhas;303;913;1282
4425;Minha Sombria Vanessa;330;908;2400
4426;M, o Filho do Século;423;877;1326
4427;M, o Filho do Século;309;884;1273
4428;Driven;409;1116;1469
4429;Recursão;253;926;1988
4430;A Guerra Pela Uber;271;953;1340
4431;Você nasceu para isso;372;1032;1332
4432;Não se humilha, não;259;928;1318
4433;Cidade nas Trevas;249;890;1256
4434;Cidade nas Trevas;248;894;1528
4435;Cidade nas Trevas;271;864;1205
4436;A Guerra Pela Uber;297;694;1206
4437;Orçamento sem falhas;230;642;1220
4438;Não se humilha, não;256;618;1210
4439;Os segredos que guardamos;278;734;1380
4440;Oblivion Song: Entre Dois Mundos;315;606;1210
4441;A Magia do Silêncio;352;657;1406
4442;Cidade nas Trevas;284;759;1355
4443;Excesso de Luz;384;951;1610
4444;Não se humilha, não;267;766;1243
4445;Cidade nas Trevas;345;878;1356
4446;Cidade nas Trevas;266;706;2549
4447;Orçamento sem falhas;328;661;2010
4448;Baby Shark!;299;963;1623
4449;M, o Filho do Século;383;931;1243
4450;M, o Filho do Século;355;566;1242
4451;Baby Shark!;399;601;1249
4452;Na Cozinha com Carolina;468;779;1401
4453;O leitor fingido;519;862;1410
4454;Baby Shark!;378;819;1335
4455;O Harém de Kadafi;596;882;1543
4456;Guia do leitor para Uma breve história do tempo de Stephen Hawking;421;678;1388
4457;Oblivion Song: Entre Dois Mundos;617;707;1337
4458;Os segredos que guardamos;366;899;1294
4459;Minha Sombria Vanessa;421;903;1250
4460;Til;482;958;1488
4461;M, o Filho do Século;383;915;1255
4462;Oblivion Song: Entre Dois Mundos;368;756;1246
4463;Livro de Marcar Livros;1524;709;1319
4464;Cidade nas Trevas;758;924;1309
4465;Recursão;418;799;1334
4466;Oblivion Song: Entre Dois Mundos;354;620;1283
4467;Minha Sombria Vanessa;386;575;1224
4468;Cidade nas Trevas;345;835;2098
4469;A Guerra Pela Uber;343;641;1261
4470;Oblivion Song: Entre Dois Mundos;375;621;1281
4471;Minha Sombria Vanessa;343;839;1235
4472;A Guerra Pela Uber;333;1498;2271
4473;Os segredos que guardamos;371;868;1260
4474;Não se humilha, não;354;711;1346
4475;Minha Sombria Vanessa;373;1848;1295
4476;Cidade nas Trevas;358;813;1263
4477;Cidade nas Trevas;359;889;1247
4478;Desejos Macabros;492;1665;1353
4479;Orçamento sem falhas;475;785;1240
4480;Os segredos que guardamos;286;731;1257
4481;M, o Filho do Século;383;599;1270
4482;Oblivion Song: Entre Dois Mundos;346;728;1235
4483;Oblivion Song: Entre Dois Mundos;1200;825;1253
4484;A Guerra Pela Uber;402;880;1291
4485;Cidade nas Trevas;415;768;1294
4486;Recursão;403;848;1299
4487;Minha Sombria Vanessa;302;675;1380
4488;Cidade nas Trevas;377;571;1344
4489;Os segredos que guardamos;372;658;1569
4490;Minha Sombria Vanessa;375;615;1155
4491;Café-da-Manhã Com Tiffany;456;861;1408
4492;Cidade nas Trevas;341;837;1444
4493;Recursão;330;755;1339
4494;Não se humilha, não;368;578;1300
4495;Não se humilha, não;343;755;1251
4496;O Fascinante Império de Steve Jobs;462;1001;1384
4497;Oblivion Song: Entre Dois Mundos;376;602;1256
4498;Memórias Inventadas;663;833;1345
4499;Minha Sombria Vanessa;398;595;1223
4500;M, o Filho do Século;286;524;1306
4501;Lady Susan e outras histórias;506;760;1342
4502;Entrevista com Vampiro;406;838;1343
4503;M, o Filho do Século;364;566;1251
4504;Ofélia;485;936;1452
4505;Oblivion Song: Entre Dois Mundos;374;719;1307
4506;Recursão;402;752;1332
4507;Os segredos que guardamos;337;671;1145
4508;M, o Filho do Século;402;709;1254
4509;Minha Sombria Vanessa;391;696;1253
4510;Oblivion Song: Entre Dois Mundos;370;617;1863
4511;Orçamento sem falhas;375;555;1305
4512;Os segredos que guardamos;535;707;1304
4513;Cidade nas Trevas;397;700;1254
4514;Baby Shark!;334;808;2311
4515;Orçamento sem falhas;389;827;1268
4516;M, o Filho do Século;359;727;1285
4517;Orçamento sem falhas;365;724;1352
4518;M, o Filho do Século;324;655;1292
4519;Baby Shark!;389;816;1385
4520;A Guerra Pela Uber;395;1084;1319
4521;Oblivion Song: Entre Dois Mundos;383;923;1274
4522;Minha Sombria Vanessa;326;601;1241
4523;Os segredos que guardamos;253;919;1235
4524;Não se humilha, não;308;803;1308
4525;A Guerra Pela Uber;283;1048;1332
4526;Baby Shark!;538;932;1274
4527;A Traição;474;883;1415
4528;Não se humilha, não;355;907;1270
4529;M, o Filho do Século;452;775;1328
4530;Recursão;387;904;1260
4531;Recursão;391;905;1314
4532;Recursão;254;881;1298
4533;Orçamento sem falhas;276;812;1459
4534;Baby Shark!;236;976;1412
4535;Os segredos que guardamos;229;874;1128
4536;Os segredos que guardamos;238;1660;1291
4537;Cidade nas Trevas;244;933;1350
4538;M, o Filho do Século;243;845;1281
4539;Os segredos que guardamos;229;901;1263
4540;Baby Shark!;238;919;1339
4541;Middlesex;415;1019;1360
4542;Baby Shark!;234;1848;1286
4543;Orçamento sem falhas;251;887;1173
4544;Os segredos que guardamos;318;931;1233
4545;M, o Filho do Século;281;880;1247
4546;A Guerra Pela Uber;344;858;1215
4547;Cidade nas Trevas;283;990;1365
4548;O Futuro da Mente;482;968;1339
4549;Recursão;322;880;1343
4550;Orçamento sem falhas;291;1028;1314
4551;Oblivion Song: Entre Dois Mundos;250;883;1510
4552;Recursão;345;932;1255
4553;Você é mais capaz do que pensa;429;1035;1872
4554;Cidade nas Trevas;235;949;1241
4555;Minha Sombria Vanessa;253;967;1260
4556;Não se humilha, não;300;884;1233
4557;Minha Sombria Vanessa;321;873;2880634
4558;M, o Filho do Século;278;902;10366
4559;Orçamento sem falhas;311;941;1580
4560;M, o Filho do Século;261;938;1361
4561;O Caminho Para Casa;407;923;1377
4562;Recursão;329;935;1496
4563;Baby Shark!;305;951;1643
4564;Não se humilha, não;310;915;1425
4565;A Guerra Pela Uber;292;952;1356
4566;Vasos Sagrados - Ed. Rocco;434;1000;1423
4567;Oblivion Song: Entre Dois Mundos;263;928;1386
4568;Oblivion Song: Entre Dois Mundos;261;915;1226
4569;Orçamento sem falhas;280;1086;1231
4570;Cidade nas Trevas;308;922;1239
4571;O Quarto Reino;413;1055;1462
4572;Orçamento sem falhas;434;869;1265
4573;Recursão;406;963;1320
4574;Discurso do Método: Meditações;447;964;1494
4575;Recursão;267;1014;1286
4576;Vamos Fazer de Conta Que Isso Nunca Aconteceu...;434;960;1367
4577;A Mulher Na Janela;317;987;1347
4578;Orçamento sem falhas;232;904;1276
4579;Orçamento sem falhas;222;937;1256
4580;Os segredos que guardamos;221;960;1310
4581;Cidade nas Trevas;230;862;1325
4582;Não se humilha, não;398;864;1245
4583;Oblivion Song: Entre Dois Mundos;324;883;1313
4584;Os segredos que guardamos;279;837;1294
4585;Oblivion Song: Entre Dois Mundos;298;771;1273
4586;Peça e Será Atendido;369;795;1351
4587;Baby Shark!;279;769;1306
4588;Os segredos que guardamos;234;864;1275
4589;Os segredos que guardamos;254;753;1313
4590;Baby Shark!;246;867;1276
4591;Orçamento sem falhas;324;678;1302
4592;M, o Filho do Século;270;710;1285
4593;A Guerra Pela Uber;326;803;1269
4594;Cidade nas Trevas;316;859;1273
4595;Baby Shark!;321;801;1326
4596;Os segredos que guardamos;278;851;8207
4597;Cidade nas Trevas;300;940;1297
4598;M, o Filho do Século;326;929;1233
4599;A Conspiração Franciscana;433;1029;1371
4600;Minha Sombria Vanessa;357;1543;3061
4601;A Guerra Pela Uber;283;1060;1292
4602;Recursão;338;798;1366
4603;OS PRINCÍPIOS DAS LEIS MAÇÔNICAS;452;1199;1537
4604;A Busca;516;1024;1725
4605;A Guerra Pela Uber;340;962;1287
4606;Os segredos que guardamos;259;1916;1249
4607;Oblivion Song: Entre Dois Mundos;835;951;1240
4608;Os segredos que guardamos;248;800;1278
4609;Recursão;268;1008;1312
4610;Cidade nas Trevas;237;983;1305
4611;Uma Noite Com Audrey Hepburn;388;917;1438
4612;Os segredos que guardamos;230;992;1260
4613;Cidade nas Trevas;318;1011;1246
4614;Minha Sombria Vanessa;263;1022;1324
4615;o jogo das sombras;1375;6632;9180
4616;Cordialmente Cruel;558;1123;1526
4617;Diablo III: Livro de Cain;389;982;1331
4618;Não se humilha, não;310;841;1367
4619;Cidade nas Trevas;275;858;1235
4620;Não se humilha, não;259;897;1391
4621;Cidade nas Trevas;299;935;1430
4622;Orçamento sem falhas;327;895;1348
4623;Minha Sombria Vanessa;411;846;1395
4624;Minha Sombria Vanessa;309;904;1259
4625;A Guerra Pela Uber;1130;1016;1087
4626;M, o Filho do Século;380;834;1178
4627;Não se humilha, não;345;862;1206
4628;Caninos Brancos;382;958;1254
4629;Recursão;289;917;1265
4630;A Guerra Pela Uber;282;916;1104
4631;Recursão;330;980;1223
4632;Morte em Pleno Verão;477;1037;1504
4633;Crônicas;464;1008;1453
4634;Recursão;369;899;1466
4635;Não se humilha, não;303;884;1354
4636;Oblivion Song: Entre Dois Mundos;348;913;1319
4637;Os segredos que guardamos;515;886;1401
4638;Baby Shark!;362;896;1302
4639;Os segredos que guardamos;343;888;2053
4640;A Guerra Pela Uber;371;902;1259
4641;Cidade nas Trevas;331;882;1464
4642;A Guerra Pela Uber;342;878;1348
4643;Fãs do impossível;376;930;2424
4644;M, o Filho do Século;283;903;1423
4645;Chocolate para arianos, camarão para taurinos;520;978;1633
4646;Não se humilha, não;341;848;1265
4647;Oblivion Song: Entre Dois Mundos;382;895;1282
4648;Cidade nas Trevas;422;921;1426
4649;Minha Sombria Vanessa;308;896;1499
4650;Minha Sombria Vanessa;325;944;1291
4651;Baby Shark!;402;915;1290
4652;Não se humilha, não;394;910;1469
4653;A Guerra Pela Uber;369;889;1271
4654;Feliz Natal, Alex Cross;1015;1000;1378
4655;1968: O Ano que Não Terminou;613;3717;10552
4656;Minha Sombria Vanessa;654;1074;1506
4657;Recursão;408;1020;1525
4658;M, o Filho do Século;386;904;1300
4659;Oblivion Song: Entre Dois Mundos;351;846;1716
4660;Cidade nas Trevas;385;889;1215
4661;Oblivion Song: Entre Dois Mundos;305;1037;1272
4662;A Guerra Pela Uber;335;933;1354
4663;Minha Sombria Vanessa;350;941;1249
4664;Não se humilha, não;398;1835;1341
4665;Os segredos que guardamos;370;1285;1311
4666;Os segredos que guardamos;351;1825;1386
4667;Oblivion Song: Entre Dois Mundos;972;1020;1418
4668;Tesouros da Terra - Volume 06 - Quartzo Citrino;455;988;1506
4669;Recursão;421;953;1441
4670;Oblivion Song: Entre Dois Mundos;321;1836;1386
4671;Star Wars: Darth Bane: Dinastia do Mal;463;1011;1403
4672;Oblivion Song: Entre Dois Mundos;383;899;1265
4673;Baby Shark!;374;842;1336
4674;Não se humilha, não;340;864;2248
4675;Dançando Sobre Cacos de Vidro;476;991;2823
4676;Oblivion Song: Entre Dois Mundos;375;906;1353
4677;A Guerra Pela Uber;400;914;1308
4678;Não se humilha, não;404;925;1319
4679;Oblivion Song: Entre Dois Mundos;358;921;1366
4680;Não se humilha, não;348;911;1429
4681;Recursão;377;938;2091
4682;A hora da verdade;459;956;1616
4683;Oblivion Song: Entre Dois Mundos;374;905;1356
4684;Cidade nas Trevas;252;928;1155
4685;Não se humilha, não;360;914;2045
4686;A Guerra Pela Uber;1307;953;1379
4687;Cidade nas Trevas;341;918;1297
4688;Minha Sombria Vanessa;307;889;1273
4689;Minha Sombria Vanessa;285;943;1278
4690;Tigres em Dia Vermelho;651;1019;1377
4691;A Guerra Pela Uber;262;941;1174
4692;Garota Exemplar;357;1020;1465
4693;Baby Shark!;279;967;1396
4694;O Hipnotista;503;1074;1497
4695;Oblivion Song: Entre Dois Mundos;305;861;1355
4696;M, o Filho do Século;296;1192;1279
4697;À Primeira Vista;581;1419;1658
4698;Por favor, cuide da Mamãe;379;1125;1423
4699;Minha Sombria Vanessa;239;1482319;1107
4700;Cidade nas Trevas;366;6561;953
4701;Pequeno livro de etiqueta;281;1098;973
4702;Recursão;297;1191;825
4703;M, o Filho do Século;251;1114;822
4704;Cidade nas Trevas;345;847;883
4705;Orçamento sem falhas;355;725;977
4706;Ordem Vermelha: Filhos da Degradação;382;810;888
4707;Oblivion Song: Entre Dois Mundos;249;888;969
4708;Parte de Minha Alma;480;716;1018
4709;Recursão;329;1020;850
4710;A Guerra Pela Uber;284;680;1057
4711;Os segredos que guardamos;237;946;862
4712;A Guerra Pela Uber;322;875;925
4713;Não se humilha, não;273;932;876
4714;M, o Filho do Século;313;953;956
4715;Cidade nas Trevas;316;952;869
4716;Recursão;294;964;947
4717;Recursão;287;925;965
4718;Recursão;343;940;1046
4719;Os segredos que guardamos;342;952;1389
4720;A arte da meditação;347;1060;1439
4721;essencialismo;377;1052;1405
4722;A Guerra Pela Uber;283;901;1399
4723;Oblivion Song: Entre Dois Mundos;236;925;1369
4724;Cidade nas Trevas;253;909;2046
4725;Os Últimos Heróis;472;1011;1521
4726;Solidão, Solitude;442;976;1459
4727;Paisagem da Alma;405;798;1498
4728;A Guerra Pela Uber;342;8245;1937
4729;Cidade nas Trevas;286;930;1296
4730;Baby Shark!;288;626;1263
4731;Minha Sombria Vanessa;355;623;1257
4732;Oblivion Song: Entre Dois Mundos;242;714;1298
4733;M, o Filho do Século;235;625;1313
4734;Guia de Alimentos da Dieta de South Beach;327;2330;1428
4735;A Guerra Pela Uber;242;881;1558
4736;Recursão;260;787;1496
4737;Não se humilha, não;263;614;1379
4738;Oblivion Song: Entre Dois Mundos;252;731;1198
4739;Não se humilha, não;238;841;1272
4740;Orçamento sem falhas;268;622;1381
4741;A Guerra Pela Uber;305;844;1358
4742;Neurociência do Amor;409;763;1538
4743;Os segredos que guardamos;556;661;1359
4744;A Guerra Pela Uber;290;639;1374
4745;M, o Filho do Século;500;700;1476
4746;Os segredos que guardamos;360;946;1360
4747;Temporada de acidentes;392;781;1491
4748;Baby Shark!;244;654;1436
4749;Os segredos que guardamos;236;614;1394
4750;Minha Sombria Vanessa;230;824;1290
4751;Baby Shark!;265;800;1335
4752;A Guerra Pela Uber;238;1050;1391
4753;M, o Filho do Século;261;889;1341
4754;Cidade nas Trevas;259;867;1342
4755;Cidade nas Trevas;286;852;1231
4756;Os segredos que guardamos;301;668;1248
4757;Antes de você dormir;402;873;1594
4758;Recursão;340;785;1720
4759;Recursão;328;772;1465
4760;CÓDIGO DA VIDA;504;966;1495
4761;Não se humilha, não;264;736;1423
4762;Latitudes Piratas;388;710;1510
4763;Os segredos que guardamos;306;734;1443
4764;Recursão;358;853;1519
4765;Recursão;279;735;1092
4766;Minha Sombria Vanessa;296;837;1472
4767;A Guerra Pela Uber;337;839;2118
4768;M, o Filho do Século;726;896;1272
4769;Não se humilha, não;317;850;1241
4770;Oblivion Song: Entre Dois Mundos;312;774;1794
4771;Cidade nas Trevas;390;809;2248
4772;Baby Shark!;414;869;1383
4773;Baby Shark!;373;623;1212
4774;M, o Filho do Século;284;845;1333
4775;As Vítimas-Algozes;464;1105;1527
4776;Os segredos que guardamos;390;948;1369
4777;Orçamento sem falhas;351;861;1292
4778;Minha Sombria Vanessa;339;846;1338
4779;Baby Shark!;260;781;1034
4780;Cidade nas Trevas;249;730;1244
4781;A Guerra Pela Uber;349;838;1164
4782;Não se humilha, não;326;920;1242
4783;Imagine all the people;406;904;1410
4784;Otolina na escola;463;953;1517
4785;Baby Shark!;256;892;1416
4786;Minha Sombria Vanessa;372;725;1458
4787;Mundo Sem Fim;376;919;1543
4788;Uma literatura nos trópicos;484;977;1494
4789;Orçamento sem falhas;300;898;1148
4790;Baby Shark!;330;895;1345
4791;Orçamento sem falhas;319;886;1383
4792;A Guerra Pela Uber;294;1407;1240
4793;Brida;426;1309;1641
4794;Vitória;446;982;1707
4795;Recursão;245;851;1333
4796;Hollywood É Como A Escola;436;998;1376
4797;A Guerra Pela Uber;303;668;1263
4798;Cidade nas Trevas;274;1599;1428
4799;Baby Shark!;332;1021;1342
4800;Minha Sombria Vanessa;267;960;1340
4801;Recursão;267;947;1244
4802;Recursão;298;766;1307
4803;Minha Sombria Vanessa;271;780;1493
4804;Recursão;327;856;1420
4805;Cidade nas Trevas;313;906;1321
4806;Não se humilha, não;347;880;1354
4807;Baby Shark!;267;845;1422
4808;Os segredos que guardamos;378;775;1369
4809;Atraído;421;1019;1755
4810;Oblivion Song: Entre Dois Mundos;416;651;2227
4811;Minha Sombria Vanessa;303;768;1278
4812;Baby Shark!;304;913;1179
4813;Recursão;280;965;1295
4814;Baby Shark!;341;894;2189
4815;M, o Filho do Século;362;841;1255
4816;Recursão;379;789;1227
4817;A Guerra Pela Uber;363;802;1570
4818;Baby Shark!;315;890;1374
4819;Cidade nas Trevas;239;930;1528
4820;M, o Filho do Século;302;931;1391
4821;Recursão;350;854;1530
4822;Recursão;397;837;1554
4823;M, o Filho do Século;596;811;1368
4824;Cidade nas Trevas;306;846;1339
4825;Os Arquivos Secretos do Vaticano;352;826;1503
4826;M, o Filho do Século;269;895;1359
4827;Minha Sombria Vanessa;273;951;1340
4828;Goa;487;1094;1790
4829;A Guerra Pela Uber;275;824;1490
4830;Recursão;299;954;1394
4831;Oblivion Song: Entre Dois Mundos;351;692;1509
4832;Recursão;341;918;1281
4833;M, o Filho do Século;354;889;1274
4834;Orçamento sem falhas;334;914;1445
4835;A Guerra Pela Uber;295;745;1387
4836;O rato que roeu o rei;348;896;1501
4837;Recursão;325;868;1204
4838;Minha Sombria Vanessa;369;920;1231
4839;A Guerra Pela Uber;272;971;1302
4840;A Guerra Pela Uber;278;556;1239
4841;Minha Sombria Vanessa;249;585;1235
4842;A Guerra Pela Uber;269;629;1148
4843;Orçamento sem falhas;252;743;1246
4844;M, o Filho do Século;231;693;1257
4845;Orçamento sem falhas;267;824;1390
4846;Cidade do Fogo Celestial;514;681;1638
4847;Contos Escolhidos;441;677;1416
4848;Orçamento sem falhas;273;743;1306
4849;Minha Sombria Vanessa;253;631;1181
4850;Como Se Livrar de Um Vampiro Apaixonado;339;730;1430
4851;A Guerra dos Mundos;348;678;1359
4852;Cidade nas Trevas;252;738;2074
4853;Não se humilha, não;232;649;1224
4854;Baby Shark!;268;922;1293
4855;O velho e os lobos;411;969;1527
4856;M, o Filho do Século;310;1093;2147
4857;Não se humilha, não;364;647;1681
4858;Prisioneiro da Noite;442;939;1573
4859;M, o Filho do Século;351;621;1280
4860;Minha Sombria Vanessa;339;782;1309
4861;Cidade nas Trevas;325;588;1279
4862;Recursão;257;1658;1310
4863;Não se humilha, não;358;850;1264
4864;Cidade nas Trevas;344;767;1364
4865;Buick 8;415;984;1533
4866;M, o Filho do Século;291;923;1288
4867;Cidade nas Trevas;294;639;1395
4868;Minha Sombria Vanessa;299;852;1201
4869;M, o Filho do Século;328;794;1503
4870;Julieta;460;944;1527
4871;Aspiro ao Grande Labirinto;1493;787;1706
4872;Orçamento sem falhas;336;877;1367
4873;Um pássaro em vôo;461;744;1374
4874;Recursão;353;701;1343
4875;Cidade nas Trevas;385;576;1376
4876;Os segredos que guardamos;320;724;1253
4877;A Arte do Poder;421;947;1393
4878;Não se humilha, não;357;645;1274
4879;Os segredos que guardamos;385;762;1294
4880;Infinitas Possibilidades.;431;1050;1534
4881;O Prazer Sagrado;437;1041;1553
4882;Os segredos que guardamos;355;918;1310
4883;M, o Filho do Século;367;835;1301
4884;Minha Sombria Vanessa;345;757;1334
4885;Não se humilha, não;295;774;1355
4886;Sermão da Montanha;400;842;1667
4887;Recursão;303;758;1321
4888;Cidade nas Trevas;269;755;1423
4889;Não se humilha, não;294;788;1298
4890;Os segredos que guardamos;1072;830;1272
4891;Minha Sombria Vanessa;292;849;1353
4892;Recursão;422;908;1364
4893;A Irmandade das Calças Viajantes;435;835;1439
4894;Oblivion Song: Entre Dois Mundos;438;783;1377
4895;Pelo o amor de Cassandra;452;1307;2369
4896;Como Criar Uma Cadeira;265;864;1268
4897;Os segredos que guardamos;264;846;1261
4898;M, o Filho do Século;297;865;1225
4899;A Guerra Pela Uber;293;794;2518
4900;A Guerra Pela Uber;520;824;1380
4901;Orçamento sem falhas;352;819;1312
4902;Amor Súbito;404;996;1426
4903;M, o Filho do Século;271;893;1313
4904;Perto do Coração Selvagem;373;957;1480
4905;Um Amor para Recordar;392;789;1452
4906;Oblivion Song: Entre Dois Mundos;371;814;1315
4907;M, o Filho do Século;370;872;1380
4908;Joana D'arc - Uma Biografia;460;869;1439
4909;A Guerra Pela Uber;349;786;1343
4910;Perto do coração selvagem;469;917;1471
4911;A Guerra Pela Uber;317;1043;1288
4912;Cidade nas Trevas;243;881;1307
4913;Minha Sombria Vanessa;386;854;1318
4914;Minha Sombria Vanessa;366;819;1391
4915;Baby Shark!;369;678;1368
4916;Oblivion Song: Entre Dois Mundos;359;764;1179
4917;Senhorita Aurora;494;892;1351
4918;O Segredo de Jasper Jones;551;995;1503
4919;Recursão;346;867;1319
4920;Orçamento sem falhas;282;1460;1307
4921;Orçamento sem falhas;369;824;1256
4922;Oblivion Song: Entre Dois Mundos;374;575;1320
4923;M, o Filho do Século;387;699;1272
4924;Minha Sombria Vanessa;362;571;1305
4925;Baby Shark!;395;653;1403
4926;A Guerra Pela Uber;299;1418;1366
4927;Cidade nas Trevas;271;771;1321
4928;Oblivion Song: Entre Dois Mundos;529;697;1407
4929;M, o Filho do Século;516;898;1159
4930;Como Salvar Um Vampiro Apaixonado;1483;660;1351
4931;A Guerra Pela Uber;408;551;1394
4932;Vovô deu no pé;448;687;1374
4933;M, o Filho do Século;298;806;1471
4934;Não se humilha, não;345;855;1311
4935;Baby Shark!;344;837;1357
4936;Oblivion Song: Entre Dois Mundos;315;818;1143
4937;Água-Marinha;673;7073;4145
4938;Baby Shark!;678;770;2154
4939;Cidade nas Trevas;344;800;1389
4940;Os segredos que guardamos;266;786;1302
4941;Cidade nas Trevas;289;820;1247
4942;M, o Filho do Século;300;799;2222
4943;Cidade nas Trevas;287;651;1584
4944;Orçamento sem falhas;245;693;1359
4945;Orçamento sem falhas;310;729;1291
4946;10 Coisas Que Nós Fizemos;542;11891;6064
4947;Cidade nas Trevas;586;2623;1416
4948;Oblivion Song: Entre Dois Mundos;323;1748;1338
4949;Orçamento sem falhas;309;1302;1353
4950;Baby Shark!;267;1021;1379
4951;Oblivion Song: Entre Dois Mundos;247;854;1334
4952;Orçamento sem falhas;238;1012;1302
4953;Orçamento sem falhas;236;796;1353
4954;Recursão;274;910;1315
4955;Recursão;382;837;1380
4956;Baby Shark!;349;1037;1364
4957;Não se humilha, não;247;1055;1311
4958;Minha Sombria Vanessa;260;1239;1370
4959;Recursão;256;1077;1347
4960;Baby Shark!;314;1306;1330
4961;Cidade nas Trevas;310;1006;1331
4962;Não se humilha, não;376;905;1301
4963;Recursão;328;931;1375
4964;Oblivion Song: Entre Dois Mundos;280;1081;1191
4965;A Guerra Pela Uber;272;987;1355
4966;Recursão;292;888;1265
4967;Nada Certo em Saideperto;352;1110;1506
4968;Os segredos que guardamos;331;816;1312
4969;M, o Filho do Século;326;860;1329
4970;M, o Filho do Século;388;1408;1287
4971;Recursão;324;683;1278
4972;Orçamento sem falhas;260;875;1317
4973;Não se humilha, não;242;866;1424
4974;Os segredos que guardamos;249;857;1293
4975;Você Sabe Onde Me Encontrar;360;1028;1464
4976;Os amantes de Estocolmo;538;1029;1682
4977;Os segredos que guardamos;272;899;1452
4978;A Guerra Pela Uber;276;904;1391
4979;Dez Mil;455;1109;1567
4980;Minha Sombria Vanessa;284;955;1264
4981;M, o Filho do Século;349;917;1929
4982;Baby Shark!;249;946;1346
4983;Recursão;279;951;1308
4984;Minha Sombria Vanessa;311;927;1358
4985;Aniquilação;439;2106;2515
4986;Os segredos que guardamos;323;968;1336
4987;Não se humilha, não;334;913;1419
4988;A Guerra Pela Uber;354;2673;1582
4989;O Diário de um Mago;429;986;1267
4990;Recursão;274;974;1334
4991;Cidade nas Trevas;336;1744;1311
4992;Baby Shark!;316;985;1417
4993;A Guerra Pela Uber;301;964;1246
4994;Minha Sombria Vanessa;361;952;1365
4995;Cidade nas Trevas;350;919;1544
4996;Orçamento sem falhas;287;901;1319
4997;M, o Filho do Século;337;918;1243
4998;Minha Sombria Vanessa;327;904;1319
4999;Baby Shark!;350;976;1418
5000;A Guerra Pela Uber;342;921;1318
5001;A Guerra Pela Uber;393;941;1350
5002;O Romance dos Espíritos;490;1007;1350
5003;M, o Filho do Século;317;971;1274
5004;Não se humilha, não;338;937;1343
5005;Os Demônios;623;1018;1549
5006;M, o Filho do Século;270;957;1296
5007;Não se humilha, não;323;938;1653
5008;Os segredos que guardamos;318;901;1457
5009;Os segredos que guardamos;267;930;1570
5010;Não se humilha, não;359;913;1275
5011;Recursão;379;962;1381
5012;Oblivion Song: Entre Dois Mundos;305;885;1252
5013;Oblivion Song: Entre Dois Mundos;311;914;1292
5014;A Guerra Pela Uber;313;944;1437
5015;Advogado do Diabo;331;1019;1392
5016;Cidade nas Trevas;278;930;1346
5017;Irresistível Paixão;433;1017;2952
5018;Baby Shark!;348;972;1398
5019;Comece pelo porquê;358;1011;1555
5020;Orçamento sem falhas;245;927;1354
5021;Não se humilha, não;259;918;1372
5022;Egitomania: o fascinante mundo do antigo Egito, vol. 12;410;1027;1445
5023;Era uma vez O Corpo Humano;354;994;1877
5024;A Guerra Pela Uber;229;924;1291
5025;Baby Shark!;285;939;1426
5026;Oblivion Song: Entre Dois Mundos;227;904;1328
5027;Orçamento sem falhas;267;919;2065
5028;A Eternidade Numa Hora;551;1043;1581
5029;Nada menos que tudo;314;1010;1382
5030;200 Receitas de Bons Carboidratos;393;2323;1553
5031;Recursão;483;1138;1361
5032;Oblivion Song: Entre Dois Mundos;326;1008;1294
5033;Oblivion Song: Entre Dois Mundos;338;1002;1548
5034;Não se humilha, não;277;965;1293
5035;Recursão;388;1011;1319
5036;A Guerra Pela Uber;291;933;1316
5037;Não se humilha, não;348;927;1248
5038;Pedro, o Grande, da Rússia;451;1169;1739
5039;Sammy Keyes e o homem esqueleto;358;868;3013
5040;Tudo termina aqui;553;948;1661
5041;A Guerra Pela Uber;319;659;1272
5042;Minha Sombria Vanessa;303;550;1261
5043;Os segredos que guardamos;356;708;1231
5044;Não se humilha, não;284;669;1335
5045;Cidade nas Trevas;270;708;1325
5046;Não se humilha, não;386;529;1324
5047;Oblivion Song: Entre Dois Mundos;262;599;1405
5048;Operação Quase Perfeita;540;934;1655
5049;Os segredos que guardamos;294;1943;1308
5050;M, o Filho do Século;352;778;1309
5051;Cidade nas Trevas;277;754;1487
5052;Os segredos que guardamos;376;706;1368
5053;Baby Shark!;396;711;1253
5054;Canto dos malditos;475;817;1594
5055;A Guerra Pela Uber;357;1561;1285
5056;A Guerra Pela Uber;370;692;1233
5057;Baby Shark!;381;811;1316
5058;Minha Sombria Vanessa;258;817;1347
5059;Aprenda a falar em público;441;875;1537
5060;Não se humilha, não;385;707;1234
5061;Baby Shark!;271;586;1333
5062;Recursão;359;708;1355
5063;O regresso;497;855;1503
5064;Histórias que curam...;550;773;1570
5065;Recursão;325;695;1507
5066;Orçamento sem falhas;251;716;3945
5067;A Guerra Pela Uber;273;626;1471
5068;Faça Suas Escolhas;432;840;1432
5069;M, o Filho do Século;343;645;1339
5070;Como Conhecer Deus;396;908;2327
5071;Gente que Convence;338;864;1469
5072;Baby Shark!;313;753;1422
5073;Co-opetição;1458;939;1369
5074;A Guerra Pela Uber;305;1500;1289
5075;Não se humilha, não;351;921;1272
5076;Orçamento sem falhas;277;896;1375
5077;M, o Filho do Século;260;732;1644
5078;A Guerra Pela Uber;253;752;1403
5079;Oblivion Song: Entre Dois Mundos;293;601;1421
5080;M, o Filho do Século;316;598;1364
5081;Oblivion Song: Entre Dois Mundos;271;666;1438
5082;A Guerra Pela Uber;297;624;1304
5083;Cidade nas Trevas;300;801;1395
5084;Cidade nas Trevas;246;754;1467
5085;Baby Shark!;299;553;1314
5086;Recursão;323;603;1273
5087;Os Invisíveis e o Amuleto da Serpente;395;931;1561
5088;Cilada;460;783;1531
5089;Os segredos que guardamos;297;596;1306
5090;3096 Dias;579;1040;1745
5091;Cidade nas Trevas;1346;713;1330
5092;M, o Filho do Século;417;605;1500
5093;Cidade nas Trevas;323;761;1484
5094;Os segredos que guardamos;315;622;1493
5095;Baby Shark!;354;786;1591
5096;Os segredos que guardamos;277;659;1397
5097;Oblivion Song: Entre Dois Mundos;349;649;1339
5098;Orçamento sem falhas;250;621;1496
5099;A Guerra Pela Uber;279;633;1486
5100;Oblivion Song: Entre Dois Mundos;325;780;1404
5101;A Guerra Pela Uber;280;736;1623
5102;Minha Sombria Vanessa;324;704;1500
5103;Cidade nas Trevas;294;691;1407
5104;Não Haverá Mais Dores Nem Esquecimento;364;919;1520
5105;Oblivion Song: Entre Dois Mundos;297;627;1444
5106;Minha Sombria Vanessa;311;1005;1261
5107;Orçamento sem falhas;257;727;1512
5108;A Guerra Pela Uber;317;674;1312
5109;Oblivion Song: Entre Dois Mundos;315;692;1990
5110;A Fuga;416;941;1629
5111;Não se humilha, não;308;664;1497
5112;Não se humilha, não;258;711;1352
5113;Joana d'Arc;382;1460;2624
5114;Tempestade de Gelo;346;954;1377
5115;Orçamento sem falhas;340;830;1372
5116;Os segredos que guardamos;282;736;1314
5117;Fordlândia;437;908;1420
5118;Os segredos que guardamos;359;841;1239
5119;M, o Filho do Século;305;1524;1415
5120;Baby Shark!;438;1151;1799
5121;Baby Shark!;394;937;1458
5122;Cidade nas Trevas;331;740;1363
5123;Orçamento sem falhas;353;699;1479
5124;Recursão;421;683;1399
5125;Não se humilha, não;301;704;1340
5126;A Dieta de Wall Street;390;887;1323
5127;Breviário de Decomposição;431;853;1471
5128;Recursão;374;899;1353
5129;Minha Sombria Vanessa;331;875;1465
5130;O Segundo Verão da Irmandade;434;995;1393
5131;Recursão;400;897;1412
5132;M, o Filho do Século;341;924;1287
5133;O Que Acontece Em Londres;402;998;1399
5134;O Massacre;489;950;1450
5135;Baby Shark!;289;953;1296
5136;A Guerra Pela Uber;384;926;1329
5137;M, o Filho do Século;273;682;1347
5138;Trocando os Pés Pelas Mãos;370;846;1489
5139;A Guerra Pela Uber;243;619;1215
5140;Minha Sombria Vanessa;285;784;1271
5141;Oblivion Song: Entre Dois Mundos;326;661;1300
5142;Os segredos que guardamos;277;618;1321
5143;A Vingança;406;1044;1439
5144;Orçamento sem falhas;244;746;1311
5145;Minha Sombria Vanessa;296;856;1375
5146;Oblivion Song: Entre Dois Mundos;263;859;1316
5147;Fueled;459;892;1575
5148;M, o Filho do Século;297;853;1284
5149;A Guerra Pela Uber;377;713;1257
5150;A Guerra Pela Uber;401;799;1275
5151;Minha Sombria Vanessa;276;596;1271
5152;Recursão;283;826;2493
5153;Não se humilha, não;287;790;1365
5154;M, o Filho do Século;334;923;1362
5155;A Guerra Pela Uber;298;819;1348
5156;Cidade nas Trevas;305;968;2200
5157;O Inferno de Gabriel;397;953;1538
5158;Baby Shark!;422;862;1318
5159;Orçamento sem falhas;364;861;1358
5160;Recursão;411;625;1310
5161;Orçamento sem falhas;376;675;1299
5162;Não se humilha, não;292;888;1253
5163;Minha Sombria Vanessa;259;867;1428
5164;Orçamento sem falhas;274;711;1380
5165;Êxtase;744;3053;4898
5166;Orçamento sem falhas;436;1023;1363
5167;Orçamento sem falhas;348;1245;1308
5168;Oblivion Song: Entre Dois Mundos;265;649;1329
5169;Baby Shark!;333;987;1361
5170;Os segredos que guardamos;353;962;1283
5171;Baby Shark!;273;987;1317
5172;A Guerra Pela Uber;291;1149;1264
5173;Minha Sombria Vanessa;310;883;1273
5174;A Guerra Pela Uber;245;929;1331
5175;M, o Filho do Século;285;892;1349
5176;Não se humilha, não;344;743;1389
5177;Tempo de Regresso;631;1830;1459
5178;Recursão;290;925;1392
5179;Minha Sombria Vanessa;391;955;1343
5180;Minha Sombria Vanessa;292;1000;1542
5181;Recursão;290;961;1322
5182;Cidade nas Trevas;253;970;1167
5183;Harry Potter e o Enigma do Príncipe;386;2009;1609
5184;A Guerra Pela Uber;298;1060;1385
5185;As Dez Sociedades Mais Influentes da História;524;1003;1559
5186;Os segredos que guardamos;369;802;1283
5187;Orçamento sem falhas;343;788;1395
5188;Minha Sombria Vanessa;346;799;1365
5189;M, o Filho do Século;283;842;1437
5190;M, o Filho do Século;229;979;1419
5191;O Mar;485;1241;1609
5192;Baby Shark!;296;941;1416
5193;A Guerra Pela Uber;341;856;1377
5194;Não se humilha, não;270;942;2137
5195;Os segredos que guardamos;327;875;1364
5196;A Guerra Pela Uber;365;892;1337
5197;Você é lider de sua vida ?;453;998;1390
5198;M, o Filho do Século;304;729;2282
5199;Oblivion Song: Entre Dois Mundos;293;838;1260
5200;Oblivion Song: Entre Dois Mundos;289;835;1284
5201;Não se humilha, não;299;928;1394
5202;A Guerra Pela Uber;338;924;1345
5203;Os segredos que guardamos;380;926;1339
5204;Não se humilha, não;434;893;1372
5205;Não se humilha, não;372;862;1331
5206;Os segredos que guardamos;361;943;1321
5207;A Guerra Pela Uber;282;910;1296
5208;Cidade nas Trevas;319;1033;1277
5209;Baby Shark!;323;1271;1326
5210;Por Trás Da Fama;380;1191;1334
5211;Minha Sombria Vanessa;273;1216;1305
5212;M, o Filho do Século;295;942;1402
5213;Recursão;331;995;1339
5214;M, o Filho do Século;324;1017;1243
5215;Marte e Vênus no Quarto;497;1351;1334
5216;A Bruxa e o Capitão;373;1153;1318
5217;Não se humilha, não;323;964;1315
5218;Não se humilha, não;300;1012;1317
5219;Minha Sombria Vanessa;265;1022;1248
5220;A Guerra Pela Uber;352;983;1341
5221;Os segredos que guardamos;328;1089;1275
5222;Recursão;279;981;1249
5223;Iniciada;515;1308;1505
5224;Não se humilha, não;319;913;1272
5225;Temporada de acidentes;378;1032;1311
5226;Recursão;310;963;1363
5227;Ciranda de Pedra;353;1489;1454
5228;Orçamento sem falhas;238;1085;1222
5229;Os segredos que guardamos;269;1061;1312
5230;Os segredos que guardamos;305;992;1292
5231;A Passagem do Anjo;371;1227;1327
5232;Recursão;263;1024;1235
5233;Curso prático de Violão;459;1202;1607
5234;Oblivion Song: Entre Dois Mundos;415;1084;1201
5235;Orçamento sem falhas;278;1028;1304
5236;A Guerra Pela Uber;318;1084;1251
5237;Cidade nas Trevas;339;1113;2023
5238;Minha Sombria Vanessa;370;736;1317
5239;Não se humilha, não;533;875;1242
5240;Orçamento sem falhas;283;903;1278
5241;Minha Sombria Vanessa;262;1573;2212
5242;Oblivion Song: Entre Dois Mundos;398;797;1483
5243;Não se humilha, não;303;761;1339
5244;Os segredos que guardamos;325;968;1451
5245;Recursão;377;1005;1469
5246;Ariel e a Pérola da Sabedoria;421;1203;1595
5247;Não se humilha, não;284;2044;1340
5248;Baby Shark!;378;966;1487
5249;Recursão;280;957;1367
5250;Cozinhar;361;1103;1674
5251;Baby Shark!;290;1168;1495
5252;Cidade nas Trevas;278;1263;1505
5253;Recursão;333;1136;1452
5254;A Guerra Pela Uber;366;1141;1467
5255;A Guerra Pela Uber;330;1050;1473
5256;Baby Shark!;263;1056;1510
5257;Sonetos;482;1245;1643
5258;Recursão;336;1149;1383
5259;A Guerra Pela Uber;360;971;1367
5260;Minha Sombria Vanessa;275;940;1392
5261;Não se humilha, não;282;944;1261
5262;Baby Shark!;301;1044;1693
5263;A Promessa de um Amigo;478;1079;1501
5264;M, o Filho do Século;378;1117;1297
5265;Paris para Um e Outros Contos;439;1155;1318
5266;Diários de Stefan - Sede de sangue;390;1080;1361
5267;A Guerra Pela Uber;342;925;1354
5268;A Guerra Pela Uber;476;1024;1365
5269;Estou morrendo de raiva!;393;1039;1676
5270;Os segredos que guardamos;281;1014;1003
5271;Não se humilha, não;321;1002;1381
5272;Não se humilha, não;363;958;1350
5273;Os segredos que guardamos;307;961;1288
5274;Recursão;277;1130;1498
5275;Oblivion Song: Entre Dois Mundos;268;1156;1374
5276;Recursão;1395;1003;1281
5277;Orçamento sem falhas;345;991;1201
5278;Recursão;354;1008;1266
5279;O mistério dos elfos;393;1309;1698
5280;Os segredos que guardamos;304;1210;2610
5281;El Imperio Eres Tú;509;1050;1471
5282;Não se humilha, não;296;1037;1311
5283;Cidade nas Trevas;424;1047;1284
5284;Orçamento sem falhas;258;974;2206
5285;Baby Shark!;264;1072;1390
5286;M, o Filho do Século;258;938;1241
5287;A Guerra Pela Uber;224;932;1337
5288;Minha Sombria Vanessa;265;996;1264
5289;Recursão;377;1101;1335
5290;Minha Sombria Vanessa;310;990;1300
5291;A Noiva Ladra;596;934;1622
5292;Recursão;296;1021;1415
5293;Felicidade;600;1214;1598
5294;Orçamento sem falhas;255;961;1233
5295;Oblivion Song: Entre Dois Mundos;1065;946;1340
5296;M, o Filho do Século;351;1160;1298
5297;Oblivion Song: Entre Dois Mundos;369;1135;1392
5298;Os segredos que guardamos;371;1006;1306
5299;M, o Filho do Século;376;861;1250
5300;Não se humilha, não;372;798;1240
5301;Os segredos que guardamos;232;1146;1192
5302;Minha Sombria Vanessa;338;1048;1244
5303;Oblivion Song: Entre Dois Mundos;356;904;1201
5304;Oblivion Song: Entre Dois Mundos;277;1005;1383
5305;Minha Sombria Vanessa;285;1837;1342
5306;Recursão;371;900;1343
5307;Não se humilha, não;380;699;1303
5308;Os distorcidos;391;806;1454
5309;Minha Sombria Vanessa;337;922;1339
5310;Felicidade Clandestina;457;1281;1482
5311;Os segredos que guardamos;333;1887;1267
5312;Não se humilha, não;238;1153;1314
5313;Os segredos que guardamos;364;1144;1298
5314;Não se humilha, não;322;778;1192
5315;Orçamento sem falhas;274;810;1295
5316;Os segredos que guardamos;405;886;1416
5317;A Guerra Pela Uber;312;822;1339
5318;Minha Sombria Vanessa;345;781;1291
5319;Oblivion Song: Entre Dois Mundos;365;802;1533
5320;A Guerra Pela Uber;369;852;1349
5321;A Filha do Restaurador de Ossos;567;1005;1455
5322;Oblivion Song: Entre Dois Mundos;370;851;2082
5323;Orçamento sem falhas;334;666;1353
5324;Minha Sombria Vanessa;306;936;1393
5325;Orçamento sem falhas;334;970;1360
5326;Rastros na Neblina;434;1192;2228
5327;Baby Shark!;364;999;1456
5328;Animais Fantásticos E Onde Habitam;445;1172;1377
5329;Não se humilha, não;360;968;1273
5330;Oblivion Song: Entre Dois Mundos;377;990;1356
5331;Guia para inciantes;508;1255;1424
5332;Não se humilha, não;377;840;1306
5333;M, o Filho do Século;375;1002;1289
5334;M, o Filho do Século;440;996;1279
5335;Minha Sombria Vanessa;373;990;1346
5336;Minha Sombria Vanessa;351;1145;1425
5337;Ciúme, Chulé e um Apelido Ridículo;436;1220;1460
5338;Os Anos Perdidos de Jesus;425;1094;1328
5339;Baby Shark!;394;1011;1270
5340;Recursão;441;1065;1366
5341;Baby Shark!;388;1034;1387
5342;Recursão;455;1070;1346
5343;Orçamento sem falhas;344;1002;1337
5344;Lugares Escuros;686;1284;1394
5345;Recursão;362;994;1430
5346;A Guerra Pela Uber;369;1001;1385
5347;O Desconsolado;404;1155;1490
5348;Oblivion Song: Entre Dois Mundos;314;1074;1389
5349;Cidade nas Trevas;263;980;1310
5350;Minha Sombria Vanessa;368;1046;1262
5351;Os segredos que guardamos;559;953;1352
5352;Recursão;311;1033;1361
5353;A Guerra Pela Uber;293;1081;1349
5354;Minha Sombria Vanessa;304;1028;1220
5355;Cidade nas Trevas;289;1194;1441
5356;Seduzida;455;1285;1651
5357;A Guerra Pela Uber;331;1015;1375
5358;Orçamento sem falhas;355;939;2238
5359;Quatro autores em busca do Brasil;243;1239;1503
5360;Minha Sombria Vanessa;301;1071;1405
5361;Não se humilha, não;311;1024;1454
5362;Corte de Névoa e Fúria;278;1165;1407
5363;Homeopatia de A a Z;282;1069;1508
5364;Cidade nas Trevas;319;967;1337
5365;Não se humilha, não;264;1038;2253
5366;Baby Shark!;311;1169;1361
5367;Orçamento sem falhas;372;1029;1349
5368;Recursão;264;1075;1511
5369;Os segredos que guardamos;440;1994;2573
5370;A Guerra Pela Uber;358;984;1355
5371;Diário de Uma Garota Nada Popular - Vol. 6,5;346;970;1607
5372;Orçamento sem falhas;531;1179;1348
5373;365 dias que mudaram o Brasil;447;2005;3951
5374;Recursão;585;1257;1515
5375;Recursão;325;2177;1565
5376;Os segredos que guardamos;312;1087;1805
5377;Recursão;292;1158;1427
5378;Minha Sombria Vanessa;305;1180;1282
5379;Minha Sombria Vanessa;341;1064;1355
5380;Baby Shark!;406;1043;1358
5381;Não se humilha, não;323;944;1433
5382;Fazendo meu filme 1;475;970;1471
5383;Oblivion Song: Entre Dois Mundos;335;1010;1418
5384;Não se humilha, não;290;1067;1339
5385;Minha Sombria Vanessa;265;965;1674
5386;Baby Shark!;338;944;1515
5387;O fim da procrastinação;387;1126;2139
5388;Recursão;327;1160;1400
5389;Cidade nas Trevas;303;1012;1398
5390;Minha Sombria Vanessa;361;1173;1355
5391;Minha Sombria Vanessa;532;1103;1304
5392;Recursão;347;1071;1327
5393;Minha Sombria Vanessa;303;937;1327
5394;Os segredos que guardamos;318;963;1303
5395;Os segredos que guardamos;324;1145;1417
5396;Orçamento sem falhas;250;1111;1394
5397;Nos passos do... Rei Artur;293;1197;1384
5398;Não se humilha, não;329;1011;1314
5399;Footloose;324;1061;1813
5400;Minha Sombria Vanessa;319;1023;1454
5401;Oblivion Song: Entre Dois Mundos;293;890;1476
5402;Minha Sombria Vanessa;306;926;1271
5403;Os segredos que guardamos;277;1179;1179
5404;Oblivion Song: Entre Dois Mundos;303;1008;1249
5405;Os segredos que guardamos;332;1030;1324
5406;Tudo que você precisa saber sobre Umbanda;352;1186;1296
5407;Cidade nas Trevas;312;1097;1190
5408;M, o Filho do Século;345;1067;1931
5409;A Guerra Pela Uber;369;1055;1270
5410;M, o Filho do Século;497;948;1270
5411;Oblivion Song: Entre Dois Mundos;365;991;1322
5412;Não se humilha, não;387;1043;2337
5413;Orçamento sem falhas;288;993;1346
5414;A Guerra Pela Uber;345;877;1285
5415;Memorial do Fim;402;1000;1433
5416;Minha Sombria Vanessa;294;919;1294
5417;Cidade nas Trevas;348;943;1296
5418;Os segredos que guardamos;261;821;1323
5419;Torne-se mais jovem, viva por mais tempo;441;986;1428
5420;M, o Filho do Século;355;961;1323
5421;Não se humilha, não;276;1097;1546
5422;U2 A BIOGRAFIA;421;2744;1354
5423;Oblivion Song: Entre Dois Mundos;299;1246;1626
5424;Orçamento sem falhas;353;1127;1298
5425;Recursão;351;1073;1392
5426;A Guerra Pela Uber;435;1041;1107
5427;Não se humilha, não;324;936;1259
5428;M, o Filho do Século;367;939;1249
5429;Morrer Bem;431;1049;1308
5430;Noite Sobre as Águas;586;1140;1410
5431;Baby Shark!;331;760;1183
5432;Orçamento sem falhas;272;933;1285
5433;Ecopiratas: Uma aventura ecológica em Fernando de Noronha;507;2921;1595
5434;Os segredos que guardamos;343;893;1293
5435;Dançarinas;444;1277;1342
5436;Cidade nas Trevas;392;903;1232
5437;Orçamento sem falhas;339;944;1246
5438;Os segredos que guardamos;385;1011;1271
5439;M, o Filho do Século;354;1836;1206
5440;Os segredos que guardamos;378;974;1186
5441;M, o Filho do Século;298;933;1349
5442;Uma Constelação de Fenômenos Vitais;515;910;1443
5443;Não se humilha, não;379;965;1321
5444;Baby Shark!;359;850;1332
5445;A Música Que Mudou Minha Vida;587;1044;1335
5446;Cidade nas Trevas;425;963;1262
5447;Os segredos que guardamos;363;926;1346
5448;Os segredos que guardamos;424;923;1430
5449;Cadu e Mari;468;1175;1439
5450;Os segredos que guardamos;530;856;1401
5451;A Guerra Pela Uber;329;951;2163
5452;A Guerra Pela Uber;377;926;1376
5453;Cidade nas Trevas;272;901;1441
5454;Eu Me Mordo de Ciúmes;450;1248;1430
5455;Não se humilha, não;383;938;2322
5456;Orçamento sem falhas;397;978;1403
5457;Orçamento sem falhas;387;954;1136
5458;Os segredos que guardamos;498;907;1246
5459;Minha Sombria Vanessa;337;1028;1287
5460;Zé Perri;507;1054;1544
5461;Cidade nas Trevas;384;946;1302
5462;Recursão;389;938;1221
5463;Baby Shark!;371;939;1740
5464;Minha Sombria Vanessa;399;940;2463
5465;Cidade nas Trevas;379;837;1592
5466;Cidade nas Trevas;486;864;1424
5467;A Guerra Pela Uber;360;991;1352
5468;A Bandeira Inglesa;448;907;1623
5469;A Guerra Pela Uber;364;892;1389
5470;Sobreviventes e guerreiras;437;794;1592
5471;Orçamento sem falhas;343;925;1069
5472;M, o Filho do Século;368;908;1275
5473;Os segredos que guardamos;369;897;1330
5474;Oblivion Song: Entre Dois Mundos;332;945;1218
5475;Cidade nas Trevas;446;922;1238
5476;Orçamento sem falhas;361;956;1473
5477;Cidade nas Trevas;437;971;1594
5478;Aliados da Noite: Velhas Faces, Novos Pesadelos;480;907;1566
5479;Não se humilha, não;343;898;1137
5480;Recursão;1034;937;1229
5481;Os segredos que guardamos;408;884;1148
5482;Recursão;379;906;1244
5483;M, o Filho do Século;354;887;1185
5484;Recursão;392;915;1716
5485;Baby Shark!;406;905;1269
5486;Minha Sombria Vanessa;387;901;1257
5487;Não espere pelo príncipe encantado;539;1851;1486
5488;Oblivion Song: Entre Dois Mundos;1014;921;1362
5489;O Árabe do Futuro;459;736;1613
5490;A Guerra Pela Uber;410;740;1547
5491;Orçamento sem falhas;389;742;1172
5492;Recursão;358;921;1082
5493;Recursão;428;1052;2148
5494;Aléxandros;462;982;1482
5495;Não se humilha, não;357;765;1927
5496;Orçamento sem falhas;375;784;1721
5497;Cidade nas Trevas;414;2222;2953
5498;Minha Sombria Vanessa;420;943;1485
5499;Cidade nas Trevas;1417;1533;1405
5500;Recursão;459;1859;1361
5501;Oblivion Song: Entre Dois Mundos;408;866;1279
5502;Os segredos que guardamos;330;873;942
5503;Cidade nas Trevas;395;1828;791
5504;Oblivion Song: Entre Dois Mundos;408;887;1417
5505;Cidade nas Trevas;406;821;898
5506;TazerCraft;927;1026;1283
5507;Cidade nas Trevas;358;856;894
5508;Minha Sombria Vanessa;373;865;925
5509;Não se humilha, não;393;769;853
5510;Oblivion Song: Entre Dois Mundos;368;931;784
5511;Não se humilha, não;378;829;1156
5512;Não se humilha, não;440;942;886
5513;Minha Sombria Vanessa;375;886;866
5514;Não se humilha, não;364;860;876
5515;Oblivion Song: Entre Dois Mundos;388;903;879
5516;Oblivion Song: Entre Dois Mundos;503;817;856
5517;Mas será o Benedito?;462;1061;1221
5518;Não se humilha, não;480;940;879
5519;Minha Sombria Vanessa;359;881;908
5520;Baby Shark!;256;929;1493
5521;Minha Sombria Vanessa;259;953;1442
5522;Orçamento sem falhas;385;826;1350
5523;Baby Shark!;394;898;1445
5524;Os segredos que guardamos;411;866;1858
5525;Minha Sombria Vanessa;381;888;1438
5526;Orçamento sem falhas;348;881;1410
5527;Recursão;417;943;1553
5528;Não se humilha, não;542;961;1601
5529;A Menina que Roubava Livros;440;997;1603
5530;M, o Filho do Século;347;673;1367
5531;Minha Sombria Vanessa;377;681;1400
5532;Terra de Sombras;496;1086;1804
5533;Cidade nas Trevas;589;965;1371
5534;Não se humilha, não;253;960;1385
5535;Orçamento sem falhas;258;996;1383
5536;Cidade nas Trevas;406;972;2210
5537;Baby Shark!;401;1046;1468
5538;Oblivion Song: Entre Dois Mundos;445;1048;1383
5539;Os segredos que guardamos;407;970;1381
5540;Oblivion Song: Entre Dois Mundos;390;989;2188
5541;M, o Filho do Século;348;992;1424
5542;Recursão;415;225658;1478
5543;A Guerra Pela Uber;379;2276;1480
5544;O Amor Secreto;650;1068;1454
5545;Orçamento sem falhas;425;1038;1073
5546;A Mansão Hollow;911;1057;1286
5547;Orçamento sem falhas;473;964;1075
5548;O Fecho;817;1128;1076
5549;Oblivion Song: Entre Dois Mundos;392;971;986
5550;Não se humilha, não;384;952;904
5551;Baby Shark!;372;888;1112
5552;Recursão;549;984;1550
5553;Os segredos que guardamos;405;875;1202
5554;The Lake of Dreams;515;945;1794
5555;Cidade nas Trevas;383;880;1319
5556;A Hora da Estrela;538;1055;1479
5557;M, o Filho do Século;375;891;1371
5558;Baby Shark!;401;991;1363
5559;Orçamento sem falhas;343;974;1468
5560;Recursão;391;1169;1474
5561;Recursão;397;3272;1634
5562;M, o Filho do Século;361;929;1431
5563;Recursão;416;956;1434
5564;Inveja;505;1122;1525
5565;M, o Filho do Século;401;935;1278
5566;Oblivion Song: Entre Dois Mundos;354;942;1376
5567;Baby Shark!;395;1855;1450
5568;Redenção;499;989;1589
5569;Minha Sombria Vanessa;428;926;1410
5570;Os segredos que guardamos;407;1185;1299
5571;Cidade nas Trevas;326;1027;1506
5572;M, o Filho do Século;702;921;1298
5573;Recursão;426;988;1346
5574;Recursão;383;979;1445
5575;Oblivion Song: Entre Dois Mundos;400;1033;1529
5576;Os segredos que guardamos;386;947;1752
5577;Baby Shark!;413;964;1516
5578;Oblivion Song: Entre Dois Mundos;370;961;1415
5579;Recursão;696;967;2111
5580;Desenvolva a sua Inteligencia Emocional;462;1000;1824
5581;A Guerra Pela Uber;401;949;1142
5582;Minha Sombria Vanessa;357;929;1356
5583;Oblivion Song: Entre Dois Mundos;383;946;2294
5584;A Sombra da Serpente;485;1123;1470
5585;Cidade nas Trevas;383;887;1388
5586;Baby Shark!;440;969;1726
5587;M, o Filho do Século;379;986;1218
5588;Recursão;391;854;1467
5589;M, o Filho do Século;434;970;1355
5590;Não se humilha, não;397;976;1304
5591;Recursão;362;974;1459
5592;Meninas de Calças;577;1188;1798
5593;Orçamento sem falhas;367;989;1351
5594;Recursão;388;1039;1440
5595;M, o Filho do Século;393;955;1168
5596;M, o Filho do Século;454;937;1369
5597;L' Atalante;754;940;1643
5598;Não se humilha, não;376;944;1525
5599;Oblivion Song: Entre Dois Mundos;426;920;1289
5600;O que Aconteceu com Annie;506;963;1441
5601;Orçamento sem falhas;385;933;1276
5602;Minha Sombria Vanessa;407;912;1361
5603;Oblivion Song: Entre Dois Mundos;404;951;1321
5604;Antes Que Eu Vá;528;955;1498
5605;Espiritualidade para corajosos;1061;1004;1493
5606;Cidade nas Trevas;403;934;1284
5607;Não se humilha, não;386;941;1210
5608;Oblivion Song: Entre Dois Mundos;311;937;1288
5609;M, o Filho do Século;472;972;1395
5610;Minha Sombria Vanessa;354;949;1381
5611;Recursão;356;979;1488
5612;Guia de Uma Ciclista em Kashgar;471;912;1386
5613;Recursão;362;860;1390
5614;Sonho De Inocencio, O;447;964;1435
5615;A Alma Imoral;524;1062;1680
5616;O Sonho de Talitha;435;1032;1481
5617;Os segredos que guardamos;323;928;1399
5618;Minha Sombria Vanessa;352;924;1396
5619;Orçamento sem falhas;536;938;1305
5620;Os segredos que guardamos;368;943;1355
5621;Minha Sombria Vanessa;373;913;2218
5622;M, o Filho do Século;377;976;1351
5623;Os segredos que guardamos;371;974;1408
5624;Os Portais da Casa dos Mortos;675;960;1575
5625;Minha Sombria Vanessa;361;1600;2115
5626;Recursão;564;938;1431
5627;Oblivion Song: Entre Dois Mundos;359;927;1292
5628;Baby Shark!;386;969;1384
5629;Minha Sombria Vanessa;372;939;1422
5630;Recursão;368;921;1396
5631;Minha Sombria Vanessa;329;1793;1311
5632;Os segredos que guardamos;373;912;1248
5633;Oblivion Song: Entre Dois Mundos;325;945;1340
5634;M, o Filho do Século;345;947;1401
5635;Orçamento sem falhas;353;927;1282
5636;De Volta aos Sonhos;474;929;1879
5637;M, o Filho do Século;399;995;1389
5638;Cidade nas Trevas;325;944;1131
5639;A Guerra Pela Uber;371;943;1134
5640;Pista Perigosa;445;1096;1348
5641;Cidade nas Trevas;341;972;1111
5642;Orçamento sem falhas;334;897;1636
5643;Baby Shark!;377;964;1400
5644;Os segredos que guardamos;378;938;1337
5645;Recursão;359;951;1411
5646;Oblivion Song: Entre Dois Mundos;344;922;1712
5647;Os segredos que guardamos;341;974;1340
5648;Baby Shark!;587;978;1616
5649;Não se humilha, não;339;988;1461
5650;Tapete Vermelho;562;964;1387
5651;M, o Filho do Século;336;960;1404
5652;Serpente encantadora;434;1102;1725
5653;Não se humilha, não;380;673;1652
5654;Minha Sombria Vanessa;350;806;1334
5655;Não se humilha, não;356;718;1486
5656;Minha Sombria Vanessa;372;625;1473
5657;Os segredos que guardamos;361;778;1393
5658;Cidade nas Trevas;349;973;1390
5659;Oblivion Song: Entre Dois Mundos;366;886;1325
5660;A Guerra Pela Uber;368;722;1282
5661;Recursão;353;672;1323
5662;Minha Sombria Vanessa;394;735;1305
5663;Oblivion Song: Entre Dois Mundos;347;849;1336
5664;Minha Sombria Vanessa;361;887;1986
5665;O Mundo do Exterminador;478;921;1308
5666;Curso Pratico de Montagem e Manutenção de Redes;447;1012;1448
5667;Recursão;395;873;1287
5668;Trainspotting;454;941;2358
5669;Baby Shark!;403;912;1367
5670;Oblivion Song: Entre Dois Mundos;367;946;1324
5671;M, o Filho do Século;371;934;1334
5672;Os segredos que guardamos;388;790;1567
5673;Os segredos que guardamos;371;871;1299
5674;M, o Filho do Século;391;901;1283
5675;Um raio de sol;508;970;1379
5676;Não se humilha, não;332;930;1281
5677;Garota, pare de mentir pra você mesma;465;931;1453
5678;Não se humilha, não;388;901;1654
5679;A Guerra Pela Uber;386;786;1573
5680;Os segredos que guardamos;372;924;1299
5681;Cidade nas Trevas;358;857;1217
5682;Cidade nas Trevas;367;1006;1721
5683;A Guerra Pela Uber;339;831;1432
5684;Minha Sombria Vanessa;353;938;1336
5685;M, o Filho do Século;1372;936;1368
5686;Recursão;389;984;1365
5687;No Ardor das Chamas;454;1009;1506
5688;Os segredos que guardamos;356;873;1343
5689;Não se humilha, não;372;1625;1388
5690;Oblivion Song: Entre Dois Mundos;331;917;1388
5691;Vivendo Buda, vivendo Cristo;376;934;1420
5692;Os segredos que guardamos;319;735;1399
5693;Cidade nas Trevas;397;837;1302
5694;A Guerra Pela Uber;367;932;1397
5695;Capitu Vem Para o Jantar;386;1770;1426
5696;Oblivion Song: Entre Dois Mundos;225;935;1511
5697;Recursão;238;938;1393
5698;Um caso de amor com a vida;376;971;2318
5699;Os segredos que guardamos;252;924;1405
5700;Minha Sombria Vanessa;255;961;2396
5701;O Passeador;338;945;1440
5702;Oblivion Song: Entre Dois Mundos;261;921;1303
5703;Tudo Sobre Arte;344;939;1307
5704;Baby Shark!;1083;960;1372
5705;Os Segredos das Investigações Criminais Volume 1;504;952;1421
5706;M, o Filho do Século;265;960;1728
5707;Livre Para Voar;371;974;2328
5708;Dono do Próprio Nariz;374;986;1437
5709;Cidade nas Trevas;271;936;1446
5710;Os segredos que guardamos;273;986;1353
5711;Minha Sombria Vanessa;263;957;2169
5712;Os segredos que guardamos;253;961;1343
5713;Rush Sem Limites;375;1070;1489
5714;Baby Shark!;697;962;1377
5715;A Guerra Pela Uber;280;964;1322
5716;Minha Sombria Vanessa;241;961;1373
5717;A Cruz de Fogo;435;1049;1428
5718;Os últimos passos de Jesus;335;1079;1494
5719;Cidade nas Trevas;233;928;1332
5720;Quatro;473;1095;1601
5721;Os segredos que guardamos;263;930;1349
5722;Cidade nas Trevas;267;881;1404
5723;Cidade nas Trevas;254;948;1385
5724;Oblivion Song: Entre Dois Mundos;284;887;1391
5725;Cidade nas Trevas;306;949;1324
5726;Não se humilha, não;243;946;1450
5727;Cidade nas Trevas;230;987;1336
5728;Quando Sopra o Vento;412;927;1484
5729;M, o Filho do Século;285;1273;1349
5730;Baby Shark!;352;986;1555
5731;Recursão;353;973;1346
5732;A Guerra Pela Uber;384;923;1556
5733;Daqui Pra Baixo;453;1019;1503
5734;M, o Filho do Século;344;947;1378
5735;Não se humilha, não;320;963;1401
5736;M, o Filho do Século;299;971;1664
5737;A Escolha;506;1087;1595
5738;Não se humilha, não;264;928;1360
5739;O Príncipe da Neblina;461;1200;1614
5740;Oblivion Song: Entre Dois Mundos;350;969;1383
5741;Baby Shark!;381;972;1311
5742;Cidade nas Trevas;319;959;1294
5743;Equilíbrio e Resultado;401;922;1316
5744;Recursão;345;1154;1351
5745;Quase Uma Rockstar;440;927;1384
5746;Os segredos que guardamos;321;809;1539
5747;Os segredos que guardamos;322;923;1226
5748;Dever de Capitão;531;896;1448
5749;O Homem das sombras;373;941;2117
5750;A Esposa Silenciosa;538;930;1323
5751;Orçamento sem falhas;372;935;1264
5752;Minha Sombria Vanessa;338;924;1373
5753;Oblivion Song: Entre Dois Mundos;365;1771;2101
5754;Baby Shark!;392;969;1576
5755;O Livro dos Valores;373;1002;1594
5756;Oblivion Song: Entre Dois Mundos;301;932;1274
5757;Recursão;354;919;1177
5758;A Sutil Arte de Ligar o F*da-se;438;924;1439
5759;Minha Sombria Vanessa;274;2175;1373
5760;Recursão;268;955;1451
5761;Orçamento sem falhas;373;912;1639
5762;Orçamento sem falhas;351;930;1293
5763;Cidade nas Trevas;430;887;1471
5764;Minha Sombria Vanessa;312;916;1320
5765;Recursão;405;959;1402
5766;Baby Shark!;436;957;1377
5767;A guardiã dos segredos do amor;564;992;1480
5768;A Guerra Pela Uber;624;949;1261
5769;Recursão;370;998;1355
5770;Baby Shark!;303;986;1383
5771;Delícia, Delícia;416;908;1434
5772;Oblivion Song: Entre Dois Mundos;318;922;1386
5773;Oblivion Song: Entre Dois Mundos;364;939;1340
5774;Recursão;383;1131;1295
5775;Orçamento sem falhas;375;930;1288
5776;A Guerra Pela Uber;392;918;1349
5777;Orçamento sem falhas;789;935;1363
5778;A Guerra Pela Uber;779;969;1336
5779;Minha Sombria Vanessa;446;898;1322
5780;Cidade nas Trevas;433;940;1567
5781;Baby Shark!;336;986;2631
5782;Não se humilha, não;339;950;1437
5783;Moneyball;520;1115;1690
5784;Orçamento sem falhas;441;963;1362
5785;Baby Shark!;415;944;1399
5786;Os segredos que guardamos;380;765;1241
5787;Baby Shark!;399;925;1682
5788;Não se humilha, não;350;930;1470
5789;Orçamento sem falhas;355;964;1310
5790;M, o Filho do Século;353;830;1323
5791;Recursão;326;953;1535
5792;A Guerra Pela Uber;356;875;2244
5793;As dez orações que Deus sempre atende 3 º edição;451;785;1431
5794;Oblivion Song: Entre Dois Mundos;384;677;1332
5795;Não se humilha, não;342;843;1349
5796;M, o Filho do Século;375;941;2090
5797;Orçamento sem falhas;333;885;1368
5798;M, o Filho do Século;311;910;1275
5799;A Guerra Pela Uber;351;913;1466
5800;Cidade nas Trevas;315;868;1346
5801;Oblivion Song: Entre Dois Mundos;328;919;1358
5802;Baby Shark!;262;914;1363
5803;M, o Filho do Século;229;905;1242
5804;M, o Filho do Século;228;943;1373
5805;Três mulheres;344;942;1387
5806;M, o Filho do Século;1437;955;1187
5807;A Guerra Pela Uber;467;886;1349
5808;Não se humilha, não;377;869;1267
5809;O Trono de Fogo;459;1004;1485
5810;Baby Shark!;365;863;1415
5811;Oblivion Song: Entre Dois Mundos;340;893;1930
5812;Recursão;373;883;1383
5813;A Guerra Pela Uber;330;800;1542
5814;Não se humilha, não;340;937;1288
5815;Não se humilha, não;256;937;1694
5816;A Guerra Pela Uber;331;898;1372
5817;Baby Shark!;304;1486;1416
5818;De Carona Com Restart;454;887;1453
5819;Minha Sombria Vanessa;342;703;1317
5820;Orçamento sem falhas;375;657;1439
5821;Minha Sombria Vanessa;343;577;1871
5822;Baby Shark!;323;894;1395
5823;Os segredos que guardamos;282;1601;1322
5824;Os segredos que guardamos;314;963;1365
5825;Orçamento sem falhas;285;1038;1381
5826;Oblivion Song: Entre Dois Mundos;310;953;1418
5827;13 Segundos;824;53676;5831
5828;Baby Shark!;390;1608;1416
5829;Minha Sombria Vanessa;282;1044;1333
5830;M, o Filho do Século;258;1014;1281
5831;M, o Filho do Século;290;977;1296
5832;A Guerra Pela Uber;279;946;1310
5833;Orçamento sem falhas;311;944;1387
5834;A Guerra Pela Uber;283;949;1406
5835;Orçamento sem falhas;343;934;2654
5836;Os segredos que guardamos;359;961;1269
5837;Minha Sombria Vanessa;334;844;1299
5838;Os Pilares da Terra;394;1183;1485
5839;Orçamento sem falhas;304;879;2550
5840;Os segredos que guardamos;296;1001;1264
5841;Os segredos que guardamos;313;977;1253
5842;Se quiser mudar o mundo;374;1075;1436
5843;Não se humilha, não;242;954;1271
5844;Minha Sombria Vanessa;268;951;1347
5845;Cidade nas Trevas;433;924;1361
5846;Cidade nas Trevas;319;980;1427
5847;Os segredos que guardamos;384;924;1218
5848;Baby Shark!;352;984;1263
5849;A Guerra Pela Uber;356;999;1237
5850;Os segredos que guardamos;354;956;1252
5851;Baby Shark!;386;965;1279
5852;Os homens preferem mesmo as loiras?;433;1268;1481
5853;Os Lobos da Invernia;389;1029;1499
5854;Minha Sombria Vanessa;300;931;1338
5855;Orçamento sem falhas;292;978;1636
5856;A Guerra Pela Uber;350;952;1349
5857;M, o Filho do Século;330;971;1293
5858;Não se humilha, não;301;933;1284
5859;A Guerra Pela Uber;306;979;1822
5860;Recursão;299;957;1351
5861;Minha Sombria Vanessa;313;951;1225
5862;A Mulher Que Desvendava a Morte;404;1066;1409
5863;M, o Filho do Século;279;953;1278
5864;Minha Sombria Vanessa;321;947;1246
5865;O Monte Cinco;430;1367;1680
5866;Orçamento sem falhas;309;919;1328
5867;Uma Pálida Visão dos Montes;489;996;1409
5868;Minha Sombria Vanessa;348;911;1491
5869;Orçamento sem falhas;359;918;1321
5870;Capitão de Sangue;375;997;1386
5871;A Guerra Pela Uber;494;905;1336
5872;Cidade nas Trevas;545;716;1350
5873;Baby Shark!;347;969;1384
5874;A Guerra Pela Uber;262;944;1290
5875;Baby Shark!;300;967;1685
5876;Não se humilha, não;269;949;1392
5877;Oblivion Song: Entre Dois Mundos;314;970;2208
5878;Os segredos que guardamos;321;964;1422
5879;Baby Shark!;317;1002;1359
5880;Objetos Cortantes;456;1192;1448
5881;Levantai-vos! Vamos!;611;2162;2247
5882;Não se humilha, não;384;895;1317
5883;Baby Shark!;297;968;1339
5884;A Guerra Pela Uber;343;920;1376
5885;Não se humilha, não;340;697;261510
5886;Oblivion Song: Entre Dois Mundos;343;790;2814
5887;Orçamento sem falhas;319;1737;1690
5888;Minha Sombria Vanessa;295;931;1590
5889;Orçamento sem falhas;1272;933;1732
5890;Cidade nas Trevas;319;937;1715
5891;Uma Breve História do Tempo;394;1009;1756
5892;Os segredos que guardamos;324;836;1136
5893;Minha Sombria Vanessa;283;936;991
5894;Baby Shark!;334;953;1151
5895;Recursão;346;941;1310
5896;Recursão;379;939;1058
5897;Não se humilha, não;315;974;530005
5898;M, o Filho do Século;349;980;7641
5899;A Guerra Pela Uber;406;969;1331
5900;Não se humilha, não;374;947;1093
5901;Os segredos que guardamos;385;971;1130
5902;Orçamento sem falhas;512;954;1503
5903;Cidade nas Trevas;452;957;1356
5904;Baby Shark!;401;958;1818
5905;Cidade nas Trevas;311;920;1424
5906;Não se humilha, não;285;919;1039
5907;M, o Filho do Século;284;902;1360
5908;M, o Filho do Século;1255;930;1347
5909;Os Arquivos Secretos do Vaticano;420;1044;1401
5910;A Guerra Pela Uber;346;945;1238
5911;Os segredos que guardamos;325;927;1215
5912;Orçamento sem falhas;311;776;1207
5913;Não se humilha, não;376;998;1295
5914;Não se humilha, não;293;1484;1479
5915;Oblivion Song: Entre Dois Mundos;339;595;1637
5916;Escola do Terror: O ciclista sem cabeça;502;1042;1602
5917;Na Margem do Rio Piedra Eu Sentei e Chorei;451;1098;1604
5918;Cidade nas Trevas;299;988;1191
5919;Recursão;360;977;1245
5920;Baby Shark!;469;938;13786
5921;Cidade nas Trevas;404;948;1404
5922;Recursão;329;971;1555
5923;Os segredos que guardamos;342;942;1391
5924;A Guerra Pela Uber;317;945;3763
5925;Cidade nas Trevas;349;955;1336
5926;Recursão;258;955;1141
5927;A Guerra Pela Uber;307;634;1289
5928;M, o Filho do Século;320;917;1361
5929;Minha Sombria Vanessa;242;944;1451
5930;A Guerra Pela Uber;965;864;1073
5931;Expert em Vinhos em 24 Horas;609;1027;1370
5932;A roda do vento;488;1102;1428
5933;Orçamento sem falhas;302;932;1107
5934;Dupla obsessão;474;993;937
5935;Cidade nas Trevas;388;938;1105
5936;A Guerra Pela Uber;284;937;997
5937;O Hagakure;454;1091;1055
5938;Não se humilha, não;306;940;1024
5939;Recursão;330;980;974
5940;Baby Shark!;452;992;983
5941;Baby Shark!;338;985;1169
5942;Cidade nas Trevas;398;927;1106
5943;A vida secreta das árvores;429;1042;1261
5944;Não se humilha, não;356;967;1192
5945;M, o Filho do Século;317;1531;1071
5946;Oblivion Song: Entre Dois Mundos;363;939;1054
5947;Autobiografia de Um Místico Espiritualmente Incorreto;453;971;13167
5948;O arqueólogo do Futuro;454;1019;1109
5949;A alquimia dos sabores;444;816;1360
5950;Não se humilha, não;288;846;1145
5951;Os segredos que guardamos;399;1666;1031
5952;Oblivion Song: Entre Dois Mundos;324;969;1018
5953;Os segredos que guardamos;327;985;1011
5954;Sempre Foi Você;1347;934;1321
5955;Oblivion Song: Entre Dois Mundos;298;917;809
5956;Orçamento sem falhas;401;929;1122
5957;Baby Shark!;405;946;1262
5958;Pelos Caminhos da Bíblia;445;1081;22008
5959;Não se humilha, não;418;909;1562
5960;Oblivion Song: Entre Dois Mundos;478;905;1254
5961;A Guerra Pela Uber;284;930;1448
5962;A Guerra Pela Uber;373;932;1076
5963;A Guerra Pela Uber;266;953;11840
5964;Cidade nas Trevas;333;942;1256
5965;Oblivion Song: Entre Dois Mundos;330;944;1136
5966;Recursão;316;953;1438
5967;Os segredos que guardamos;343;912;3733
5968;Recursão;289;960;930
5969;Devoradores de Mortos;533;942;1066
5970;Minha Sombria Vanessa;291;942;1081
5971;Não se humilha, não;323;964;1099
5972;Cidade nas Trevas;402;966;1039
5973;M, o Filho do Século;424;973;1098
5974;Os segredos que guardamos;325;955;1181
5975;Cidade nas Trevas;271;952;995
5976;Baby Shark!;317;963;1364
5977;Não se humilha, não;307;947;1132
5978;Vou Te Contar;773;996;1296
5979;M, o Filho do Século;406;972;1098
5980;Madrugada;493;975;1307
5981;Uma Esperança Mais Forte Que o Mar;525;1042;1228
5982;Orçamento sem falhas;459;970;1366
5983;Oblivion Song: Entre Dois Mundos;278;951;1238
5984;Cidade nas Trevas;314;940;1227
5985;Minha Sombria Vanessa;301;836;1261
5986;Oblivion Song: Entre Dois Mundos;442;855;970
5987;No Mundo Da Luna;454;910;1128
5988;M, o Filho do Século;367;951;1032
5989;Cidade nas Trevas;228;980;1187
5990;As Dez Sociedades Mais Influentes da História;452;1075;1692
5991;Baby Shark!;267;996;1094
5992;M, o Filho do Século;251;973;1066
5993;A Guerra Pela Uber;273;958;1107
5994;Minha Sombria Vanessa;259;1202;1327
5995;Não se humilha, não;225;816;1078
5996;Orçamento sem falhas;334;925;1282
5997;Oblivion Song: Entre Dois Mundos;304;730;1183
5998;Baby Shark!;343;954;1035
5999;Baby Shark!;375;917;1016
6000;Minha Sombria Vanessa;365;874;973
6001;Oblivion Song: Entre Dois Mundos;355;898;1117
6002;A Besta;484;1012;1571
6003;Minha Sombria Vanessa;320;899;1314
6004;Os segredos que guardamos;325;878;1106
6005;Não se humilha, não;386;909;1672
6006;Os segredos que guardamos;385;883;988
6007;Cidade nas Trevas;304;929;1164
6008;Oblivion Song: Entre Dois Mundos;329;736;1483
6009;Orçamento sem falhas;321;1422;1746
6010;A Guerra Pela Uber;343;922;865
6011;Oblivion Song: Entre Dois Mundos;425;967;908
6012;Depois que Caímos;368;81766;984
6013;O Poder da Gratidão;474;1329;956
6014;Os segredos que guardamos;342;975;778
6015;Marco Zero;484;2424;1062
6016;A uma só voz;418;1175;1067
6017;Os segredos que guardamos;335;940;1158
6018;M, o Filho do Século;325;935;1168
6019;Uma aprendizagem ou O livro dos prazeres;458;1056;914
6020;Baby Shark!;504;872;928
6021;Cidade nas Trevas;317;972;1065
6022;A Guerra Pela Uber;372;992;1421
6023;M, o Filho do Século;345;965;1337
6024;Orçamento sem falhas;334;968;1291
6025;Não se humilha, não;317;997;1243
6026;Água viva;879;6226;9651
6027;Não se humilha, não;506;1063;1231
6028;Cidade dos Ossos;533;1052;1321
6029;Os segredos que guardamos;315;962;1220
6030;Planetas de sombra e de luz;420;1144;1320
6031;Orçamento sem falhas;320;989;1210
6032;Orçamento sem falhas;318;942;1176
6033;M, o Filho do Século;350;928;998
6034;Orçamento sem falhas;391;857;1321
6035;Recursão;334;589;1011
6036;Não se humilha, não;346;771;1705
6037;A Magia;455;1192;1136
6038;Era Uma Vez Minha Primeira Vez;459;1092;1107
6039;Não se humilha, não;333;906;743
6040;Recursão;359;950;851
6041;A Dívida;530;1061;885
6042;Cidade nas Trevas;438;941;2514
6043;Recursão;365;968;901
6044;Orçamento sem falhas;391;948;812
6045;Não se humilha, não;344;962;850
6046;Recursão;404;924;917
6047;Baby Shark!;445;965;865
6048;Oblivion Song: Entre Dois Mundos;364;916;1372
6049;Baby Shark!;373;923;802
6050;Não se humilha, não;378;906;803
6051;A Guerra Pela Uber;349;923;900
6052;1942;529;2969;11177
6053;Oblivion Song: Entre Dois Mundos;694;977;1206
6054;A Guerra Pela Uber;364;970;998
6055;Harry Potter e a Ordem da Fênix;430;1063;887
6056;Andaluz;480;1208;1136
6057;Mister Sandman;372;1017;1197
6058;Box - Sherlock Holmes - 4 Volumes;460;1123;1141
6059;Piadas Nerds;578;1160;1369
6060;A Guerra Pela Uber;420;966;912
6061;Baby Shark!;386;949;1002
6062;Orçamento sem falhas;297;853;943
6063;Minha Sombria Vanessa;385;886;823
6064;Não se humilha, não;336;911;830
6065;Cidade nas Trevas;319;955;1234
6066;Minha Sombria Vanessa;399;940;838
6067;Baby Shark!;382;1155;1359
6068;Cidade nas Trevas;322;953;1209
6069;Baby Shark!;360;944;971
6070;Não se humilha, não;348;921;874
6071;Não se humilha, não;384;849;1076
6072;Campos de Londres;449;977;1247
6073;A Guerra Pela Uber;382;1640;1091
6074;Minha Sombria Vanessa;391;915;1303
6075;O Iluminado;468;1069;1361
6076;Baby Shark!;359;925;906
6077;Minha Sombria Vanessa;433;864;1005
6078;Anjos Caidos;469;981;971
6079;M, o Filho do Século;331;1798;889
6080;Não se humilha, não;302;884;988
6081;As Chamas do Paraíso;461;959;914
6082;A Guerra Pela Uber;342;865;894
6083;Baby Shark!;338;876;1085
6084;Oblivion Song: Entre Dois Mundos;379;932;1352
6085;Baby Shark!;324;930;1081
6086;Minha Sombria Vanessa;291;902;910
6087;Cidade nas Trevas;408;904;992
6088;Oblivion Song: Entre Dois Mundos;339;898;977
6089;Não se humilha, não;323;843;962
6090;M, o Filho do Século;386;746;1119
6091;Os segredos que guardamos;357;862;1796
6092;Não se humilha, não;1071;974;1029
6093;Orçamento sem falhas;371;1116;1106
6094;Pátria;600;1063;1339
6095;A Guerra Pela Uber;363;902;1913
6096;M, o Filho do Século;353;913;1017
6097;A Guerra Pela Uber;330;944;884
6098;Minha Sombria Vanessa;307;863;921
6099;M, o Filho do Século;321;942;1053
6100;Oblivion Song: Entre Dois Mundos;336;936;946
6101;Minha Sombria Vanessa;335;948;938
6102;Recursão;392;1006;1241
6103;M, o Filho do Século;399;789;930
6104;Baby Shark!;339;872;1040
6105;Eldest;503;1077;989
6106;Não se humilha, não;385;956;1240
6107;Batalhas Nas Ruas;539;1160;1085
6108;Não se humilha, não;337;624;904
6109;Nos passos de... Marco Polo;534;773;919
6110;Não se humilha, não;328;808;787
6111;Os segredos que guardamos;1135;702;1137
6112;Fazendo Meu Filme;460;981;1338
6113;Cidade nas Trevas;381;856;896
6114;Cidade nas Trevas;324;880;1216
6115;A Guerra Pela Uber;372;773;1044
6116;Cidade nas Trevas;370;714;1214
6117;Os segredos que guardamos;329;947;1263
6118;Os segredos que guardamos;336;698;1257
6119;A Guerra Pela Uber;355;945;1189
6120;O Cadáver que Ri;468;993;1428
6121;Lady Almina e a verdadeira Downton Abbey;396;1030;1272
6122;História do Futuro;482;957;1376
6123;Baby Shark!;696;718;1368
6124;A Guerra Pela Uber;334;729;1143
6125;Os segredos que guardamos;344;716;1175
6126;Baby Shark!;418;743;1281
6127;M, o Filho do Século;380;623;1250
6128;A Guerra Pela Uber;333;726;1342
6129;Orçamento sem falhas;358;722;1288
6130;Passageiros do Tempo;461;921;1534
6131;Baby Shark!;377;805;1325
6132;M, o Filho do Século;326;935;1270
6133;Orçamento sem falhas;402;1133;1390
6134;A Guerra Pela Uber;363;959;2033
6135;De Volta Para o Futuro;418;1029;1491
6136;Cidade nas Trevas;373;915;1359
6137;Os segredos que guardamos;359;1642;1344
6138;Minha Sombria Vanessa;301;942;2194
6139;A prova;467;1102;1541
6140;Baby Shark!;344;985;1381
6141;Orçamento sem falhas;378;948;1260
6142;M, o Filho do Século;343;945;1333
6143;Cidade nas Trevas;322;1381;1180
6144;Recursão;439;1105;1402
6145;Baby Shark!;393;1037;1358
6146;Um Estudo Em Vermelho;417;928;1498
6147;Baby Shark!;414;966;1140
6148;Cidade nas Trevas;347;752;1139
6149;Baby Shark!;352;858;1137
6150;Cidade nas Trevas;363;753;1192
6151;Recursão;378;773;1088
6152;Recursão;337;842;929
6153;Oblivion Song: Entre Dois Mundos;360;876;1060
6154;M, o Filho do Século;372;894;1079
6155;Minha Sombria Vanessa;431;910;1063
6156;Os segredos que guardamos;360;835;1157
6157;M, o Filho do Século;348;897;1327
6158;M, o Filho do Século;244;916;1285
6159;Cidades afundam em dias normais;421;965;1346
6160;Não se humilha, não;364;737;1279
6161;Recursão;333;945;1356
6162;Oblivion Song: Entre Dois Mundos;456;893;1226
6163;Descubra seu Destino;475;1068;1443
6164;Cinema Pirata;477;855;1572
6165;Os segredos que guardamos;353;804;1347
6166;Cidade nas Trevas;426;778;1382
6167;A Guerra Pela Uber;340;927;1396
6168;Recursão;339;854;1268
6169;Minha Sombria Vanessa;333;863;1299
6170;A Dança;521;1157;1485
6171;Oblivion Song: Entre Dois Mundos;339;936;1334
6172;Cidade nas Trevas;320;948;1279
6173;Os segredos que guardamos;380;863;1240
6174;Comer Para Não Morrer;501;968;1331
6175;Minha Sombria Vanessa;334;921;1187
6176;Escola dos Sabores;468;924;2158
6177;Os segredos que guardamos;368;930;1136
6178;Orçamento sem falhas;414;947;1093
6179;Como se tornar mais confiante e assertivo;504;995;1022
6180;Minha Sombria Vanessa;441;875;1689
6181;Recursão;321;974;1176
6182;Recursão;289;1030;1214
6183;Só Pode Ser Brincadeira, Sr. Feynman!;432;928;1057
6184;Melhor que você mesmo;463;950;1263
6185;Orçamento sem falhas;322;917;792
6186;M, o Filho do Século;336;948;900
6187;M, o Filho do Século;314;866;1046
6188;Destrua este diário em qualquer lugar;579;932;720
6189;M, o Filho do Século;325;886;821
6190;Os segredos que guardamos;381;941;842
6191;Cidade nas Trevas;308;883;1047
6192;Recursão;326;935;982
6193;Oblivion Song: Entre Dois Mundos;348;901;843
6194;Orçamento sem falhas;352;1021;902
6195;Técnicas de Masturbação entre Batman e Robin;461;989;870
6196;Recursão;449;950;789
6197;M, o Filho do Século;320;938;833
6198;A Guerra Pela Uber;371;902;789
6199;Os segredos que guardamos;306;790;932
6200;Orçamento sem falhas;368;925;857
6201;Baby Shark!;355;1821;838
6202;Oblivion Song: Entre Dois Mundos;344;905;797
6203;Muffins & Cupcakes;448;953;880
6204;O Que Acontece Em Londres;601;928;1160
6205;Não se humilha, não;353;951;726
6206;Minha Sombria Vanessa;321;923;732
6207;Pequenos incêndios por toda parte;286;238035;818
6208;Oblivion Song: Entre Dois Mundos;426;1649;799
6209;Corinthians campeão paulista 2009;408;1129;863
6210;Orçamento sem falhas;400;1158;804
6211;Cidade nas Trevas;414;1017;909
6212;Os segredos que guardamos;387;916;944
6213;Minha Sombria Vanessa;359;940;771
6214;Recursão;348;1014;855
6215;M, o Filho do Século;323;970;827
6216;Minha vida com mamãe;552;1052;1045
6217;Orçamento sem falhas;348;913;979
6218;Baby Shark!;315;906;818
6219;Reconstruindo Amelia;445;1038;1430
6220;M, o Filho do Século;748;939;796
6221;A Guerra Pela Uber;322;1001;818
6222;Orçamento sem falhas;332;796;794
6223;Minha Sombria Vanessa;355;806;1645
6224;A Guerra Pela Uber;425;904;951
6225;Orçamento sem falhas;420;890;915
6226;Baby Shark!;352;945;873
6227;Recursão;348;867;1041
6228;Não se humilha, não;352;924;1006
6229;Trevayne;422;1015;891
6230;Não se humilha, não;350;868;731
6231;Não se humilha, não;364;891;1061
6232;Orçamento sem falhas;486;899;838
6233;Orçamento sem falhas;344;906;852
6234;Minha Sombria Vanessa;285;919;1027
6235;A Guerra Pela Uber;337;880;829
6236;Timeshifting;446;1050;1032
6237;Orçamento sem falhas;320;908;852
6238;Os monstros sabem o que estão fazendo;428;956;937
6239;A Rainha do Nada;424;1019;878
6240;Recursão;396;934;869
6241;Lonely Hearts Club;427;750;1011
6242;Não se humilha, não;386;679;1248
6243;Minha Sombria Vanessa;319;709;787
6244;Minha Sombria Vanessa;338;746;894
6245;M, o Filho do Século;325;770;1098
6246;Os segredos que guardamos;371;644;1076
6247;Filhos do Universo;426;740;1213
6248;Recursão;325;745;1017
6249;Conexão Explosiva;509;988;1259
6250;A Guerra Pela Uber;360;837;1103
6251;Recursão;344;608;1075
6252;Os segredos que guardamos;380;896;1210
6253;Não se humilha, não;423;960;967
6254;Esposa 22;419;1084;981
6255;Oblivion Song: Entre Dois Mundos;377;965;808
6256;Casei com você para ser feliz;411;1076;1092
6257;Orçamento sem falhas;386;985;947
6258;Os segredos que guardamos;288;979;934
6259;Não se humilha, não;909;1008;791
6260;Furacão Dourado;526;1016;1127
6261;Planetas de sombra e de luz;359;892;1015
6262;Sozinha mundo afora;586;723;1643
6263;Artemis Fowl;474;922;1062
6264;Caco e o Dragão;500;910;1329
6265;Orçamento sem falhas;345;2227;1203
6266;Não se humilha, não;350;774;2177
6267;Os segredos que guardamos;320;799;1179
6268;Orçamento sem falhas;369;791;1157
6269;Baby Shark!;313;872;1195
6270;Sra. Fletcher;455;965;1124
6271;Hideaway;523;1677;994
6272;M, o Filho do Século;356;756;997
6273;Minha Sombria Vanessa;327;696;916
6274;A Guerra Pela Uber;343;789;873
6275;Não se humilha, não;334;784;1138
6276;Minha Sombria Vanessa;388;851;795
6277;Diário De Uma Garota Nada Popular;601;957;1077
6278;Os segredos que guardamos;387;895;898
6279;Lea Michele;482;1048;978
6280;Cidade nas Trevas;379;941;896
6281;se o sucesso é um jogo, estas são as regras;711;5428;6499
6282;Oblivion Song: Entre Dois Mundos;560;895;1031
6283;Minha Sombria Vanessa;453;932;868
6284;Orçamento sem falhas;335;938;861
6285;A Guerra Pela Uber;325;956;1002
6286;O que é Tao ?;427;1064;1262
6287;A Guerra Pela Uber;348;960;886
6288;M, o Filho do Século;348;957;819
6289;Minha Sombria Vanessa;343;985;861
6290;Orçamento sem falhas;378;1021;924
6291;Orçamento sem falhas;322;776;993
6292;M, o Filho do Século;365;738;803
6293;Uma História Descomplicada da Filosofia;654;933;968
6294;Não se humilha, não;343;864;995
6295;A História do Mundo em 100 Objetos;471;858;1238
6296;Não se humilha, não;1407;911;820
6297;Os segredos que guardamos;326;761;820
6298;Não se humilha, não;276;904;933
6299;Mulheres Inteligentes, Relações Saudáveis;453;989;963
6300;Os segredos que guardamos;525;919;862
6301;A Guerra Pela Uber;368;820;872
6302;Baby Shark!;328;908;911
6303;Cidade nas Trevas;309;751;959
6304;Baby Shark!;289;978;1004
6305;A Guerra Pela Uber;254;808;1444
6306;Recursão;297;967;905
6307;Não se humilha, não;301;929;1018
6308;Esta Noite é Nossa;425;1005;919
6309;Orçamento sem falhas;304;919;1704
6310;M, o Filho do Século;278;916;824
6311;Não se humilha, não;338;925;866
6312;Recursão;322;939;871
6313;Minha Sombria Vanessa;313;904;970
6314;Minha Sombria Vanessa;279;922;1060
6315;Recursão;1334;913;841
6316;Oblivion Song: Entre Dois Mundos;353;937;831
6317;Não se humilha, não;337;955;793
6318;Recursão;340;950;806
6319;Os segredos que guardamos;336;945;900
6320;A Guerra Pela Uber;373;853;794
6321;Os segredos que guardamos;427;951;889
6322;Os segredos que guardamos;308;921;922
6323;Oblivion Song: Entre Dois Mundos;304;930;958
6324;Recursão;477;963;1010
6325;Oblivion Song: Entre Dois Mundos;346;1238;972
6326;Baby Shark!;326;987;890
6327;Minha Sombria Vanessa;315;942;900
6328;Baby Shark!;342;1011;803
6329;A Guerra Pela Uber;273;1574;909
6330;Recursão;340;976;854
6331;Equipes brilhantes;447;1042;1028
6332;Cidade nas Trevas;324;951;872
6333;Oblivion Song: Entre Dois Mundos;325;921;866
6334;Oblivion Song: Entre Dois Mundos;319;988;761
6335;Minha Sombria Vanessa;321;1810;774
6336;Os segredos que guardamos;323;960;944
6337;Não se humilha, não;284;709;805
6338;O Nome de Deus É Misericórdia;352;988;927
6339;A Guerra Pela Uber;311;766;1003
6340;Não se humilha, não;276;735;1045
6341;Recursão;266;590;1062
6342;Orçamento sem falhas;319;746;1046
6343;Recursão;336;940;831
6344;Oblivion Song: Entre Dois Mundos;320;863;822
6345;Baby Shark!;292;973;841
6346;Não se humilha, não;398;943;883
6347;Oblivion Song: Entre Dois Mundos;341;915;1486
6348;Os segredos que guardamos;340;587;797
6349;Cidade nas Trevas;295;669;866
6350;Não se humilha, não;359;739;986
6351;Quarto;446;1012;1693
6352;Orçamento sem falhas;357;952;858
6353;Pesadelos E Paisagens Noturnas - vol. 1;567;1039;982
6354;Dominadas;452;947;1142
6355;Nascido do Crime;436;1197;1003
6356;Recursão;353;963;902
6357;Golpe De Vista;319;977;988
6358;Recursão;303;947;834
6359;A Guerra Pela Uber;397;975;1141
6360;Adultério;706;976;1126
6361;A Guerra Pela Uber;305;952;917
6362;A Guerra Pela Uber;226;843;1039
6363;Os segredos que guardamos;245;944;1087
6364;A Guerra Pela Uber;271;923;927
6365;Baby Shark!;311;943;1192
6366;Meu Pai Fala Cada Uma;335;1012;991
6367;Na Sombra com edgar allan poe;487;605326;865
6368;A Guerra Pela Uber;253;4341;754
6369;Não se humilha, não;268;1075;795
6370;Minha Sombria Vanessa;251;1313;905
6371;Cidade nas Trevas;247;971;885
6372;Oblivion Song: Entre Dois Mundos;238;1089;922
6373;I-Juca Pirama, Os Timbiras, Outros Poemas;393;1015;896
6374;Minha Sombria Vanessa;582;858;807
6375;O Despertar da Meia-Noite;398;992;1117
6376;Cidade nas Trevas;287;913;797
6377;Cidade nas Trevas;242;972;867
6378;M, o Filho do Século;265;875;826
6379;Cidade nas Trevas;269;956;1003
6380;Baby Shark!;283;1068;895
6381;Oblivion Song: Entre Dois Mundos;244;1026;1014
6382;Oblivion Song: Entre Dois Mundos;265;1013;833
6383;Cidade nas Trevas;278;914;1934
6384;O amor segundo Buenos Aires;461;1068;920
6385;Minha Sombria Vanessa;280;944;895
6386;Recursão;285;974;1052
6387;Oblivion Song: Entre Dois Mundos;273;949;917
6388;Recursão;284;971;1014
6389;Minha Sombria Vanessa;284;882;781
6390;Cidade nas Trevas;250;1003;1685
6391;Baby Shark!;262;954;843
6392;A Campanha;375;1053;1005
6393;M, o Filho do Século;247;6679;892
6394;Minha Sombria Vanessa;266;1035;1488
6395;Os Caminhos da Lembrança;350;992;37334
6396;Oblivion Song: Entre Dois Mundos;256;893;1293
6397;M, o Filho do Século;238;916;1009
6398;Cidade nas Trevas;254;902;1264
6399;Cidade nas Trevas;314;3518;1077
6400;A Guerra Pela Uber;305;958;966
6401;Não se humilha, não;255;916;947
6402;O Enigma de Andrômeda;379;1047;945
6403;Oblivion Song: Entre Dois Mundos;248;962;853
6404;Os segredos que guardamos;257;1062;842
6405;Minha Sombria Vanessa;255;893;824
6406;A Guerra Pela Uber;323;992;788
6407;Recursão;273;984;996
6408;The Originals - Ascensão;413;1166;852
6409;Oblivion Song: Entre Dois Mundos;306;922;917
6410;Recursão;306;1033;904
6411;Baby Shark!;249;1007;998
6412;Cidade nas Trevas;240;926;842
6413;Recursão;316;1003;991
6414;Oblivion Song: Entre Dois Mundos;277;899;954
6415;O Tipo Certo de Garota Errada;350;1010;1190
6416;Recursão;311;1050;847
6417;A Guerra Pela Uber;303;903;819
6418;Philomena;374;975;1017
6419;Oblivion Song: Entre Dois Mundos;262;872;798
6420;Bhagavati;400;1045;1107
6421;Cidade nas Trevas;229;894;1011
6422;A Guerra Pela Uber;262;876;932
6423;Os segredos que guardamos;248;854;1260
6424;Baby Shark!;242;957;973
6425;A Guerra Pela Uber;310;884;741
6426;Diário de Um Zumbi do Minecraft;372;1145;907
6427;Não se humilha, não;238;942;793
6428;Orçamento sem falhas;267;1151;847
6429;Mãe, eu tenho direito!;346;1109;954
6430;A Guerra Pela Uber;251;1021;859
6431;Mentes poderosas;518;973;1044
6432;Recursão;384;873;852
6433;A Temporada das Marchas;332;1085;4566
6434;Cidade nas Trevas;282;1022;906
6435;Cidade nas Trevas;568;896;903
6436;M, o Filho do Século;299;986;940
6437;Não se humilha, não;373;894;2253
6438;Oblivion Song: Entre Dois Mundos;291;949;1752
6439;M, o Filho do Século;270;890;1600
6440;Oblivion Song: Entre Dois Mundos;337;915;817
6441;Uma Noite Em Curitiba;376;1017;1193
6442;Baby Shark!;419;914;1012
6443;M, o Filho do Século;317;986;888
6444;Não se humilha, não;307;967;917
6445;Os segredos que guardamos;265;939;801
6446;Pocket - Maquiavel;414;906;1131
6447;Baby Shark!;375;970;985
6448;Minha Sombria Vanessa;262;809;952
6449;Oblivion Song: Entre Dois Mundos;267;755;946
6450;Oblivion Song: Entre Dois Mundos;250;793;797
6451;Orçamento sem falhas;286;848;886
6452;Oblivion Song: Entre Dois Mundos;358;838;838
6453;M, o Filho do Século;270;761;796
6454;Não se humilha, não;346;884;873
6455;Baby Shark!;312;931;929
6456;Não se humilha, não;282;914;838
6457;Recursão;264;2023;1031
6458;Orçamento sem falhas;234;950;992
6459;Cidade nas Trevas;251;977;1142
6460;A Hora da Estrela;380;1072;1048
6461;Orçamento sem falhas;279;905;894
6462;Oblivion Song: Entre Dois Mundos;260;930;1081
6463;Não se humilha, não;290;1838;896
6464;Minha Sombria Vanessa;267;867;853
6465;Recursão;299;994;1041
6466;M, o Filho do Século;256;919;913
6467;Almas Antigas;379;1127;1029
6468;Egitomania: o fascinante mundo do antigo Egito, vol. 27;428;1012;960
6469;Recursão;287;939;930
6470;A Guerra Pela Uber;274;947;1103
6471;Os segredos que guardamos;257;953;871
6472;Cérebro;472;1224;1044
6473;Oblivion Song: Entre Dois Mundos;279;847;958
6474;M, o Filho do Século;265;880;837
6475;Oblivion Song: Entre Dois Mundos;257;883;1441
6476;M, o Filho do Século;285;946;935
6477;Orçamento sem falhas;382;929;1019
6478;Quatro Casamentos e um Funeral;487;1030;1019
6479;Baby Shark!;366;980;1880
6480;Orçamento sem falhas;310;916;1098
6481;Recursão;270;912;1168
6482;Recursão;448;931;1192
6483;A Múmia ou Ramsés, o Maldito;422;1121;1047
6484;Oblivion Song: Entre Dois Mundos;256;930;1080
6485;Minha Sombria Vanessa;264;949;1257
6486;Minha Sombria Vanessa;243;922;983
6487;Os diários do semideus;393;1053;1218
6488;Não se humilha, não;289;902;841
6489;M, o Filho do Século;330;883;761
6490;Recursão;264;944;1045
6491;Não se humilha, não;375;910;1165
6492;Recursão;370;914;1282
6493;Os segredos que guardamos;328;935;1294
6494;Recursão;377;962;1243
6495;Guia da Culinária Ogra;407;978;1171
6496;O Duque Que Eu Conquistei;407;1016;1365
6497;Flamenco;571;1047;1118
6498;Orçamento sem falhas;271;948;946
6499;Oblivion Song: Entre Dois Mundos;391;928;1165
6500;O Despertar do Príncipe;1211;942;1062
6501;Os segredos que guardamos;310;918;899
6502;Os segredos que guardamos;321;877;880
6503;A Guerra Pela Uber;289;921;838
6504;Amor sustentável;466;970;961
6505;M, o Filho do Século;340;829;927
6506;M, o Filho do Século;333;930;1070
6507;Os segredos que guardamos;317;939;984
6508;A Praça e a Torre;440;1006;1164
6509;Will & Will;373;1003;1169
6510;Crepúsculo;381;1062;918
6511;Orçamento sem falhas;406;932;1060
6512;M, o Filho do Século;1125;930;949
6513;Recursão;478;927;808
6514;Os segredos que guardamos;357;900;1027
6515;Baby Shark!;388;954;1106
6516;Oblivion Song: Entre Dois Mundos;294;946;1083
6517;Minha Sombria Vanessa;243;710;919
6518;O Poder do Agora;629;985;1834
6519;O Senhor do Sétimo Trono;434;1101;1271
6520;Minha Sombria Vanessa;1011;921;1121
6521;Oblivion Song: Entre Dois Mundos;314;1468;958
6522;M, o Filho do Século;352;944;2127
6523;A Guerra Pela Uber;376;1767;1217
6524;Espetinho de gafanhoto, nem pensar !;457;2434;1322
6525;Um Tempo Aceitável;379;1042;1320
6526;Alexander Hamilton;436;979;1451
6527;Orçamento sem falhas;336;1734;1285
6528;Esperando o amor chegar;609;1096;1317
6529;Minha queda por heróis;437;1036;1371
6530;Jane Precisa de Ajuda;450;1012;1351
6531;Os segredos que guardamos;319;935;1296
6532;Cidade nas Trevas;265;895;1271
6533;Não se humilha, não;272;886;1194
6534;Uma Questão de Caráter;517;944;1302
6535;Princesa Para Sempre;500;964;1323
6536;A Viúva;397;1076;1400
6537;Cidade nas Trevas;306;923;1374
6538;Orçamento sem falhas;361;919;1294
6539;Neurociência do Amor;435;1083;1014
6540;A Mutação;424;1085;1451
6541;Cidade nas Trevas;243;1002;1225
6542;A Guerra Pela Uber;242;1089;1247
6543;Recursão;389;994;1362
6544;Não Tenha Medo de Ser Chefe;380;984;1392
6545;Oblivion Song: Entre Dois Mundos;329;841;1260
6546;Cidade nas Trevas;353;928;1212
6547;M, o Filho do Século;359;882;1188
6548;Orçamento sem falhas;314;964;1230
6549;Os segredos que guardamos;334;973;1207
6550;M, o Filho do Século;241;910;1232
6551;Orçamento sem falhas;283;933;1202
6552;Baby Shark!;256;939;1372
6553;Recursão;331;835;1327
6554;Os segredos que guardamos;313;930;1307
6555;Minha Sombria Vanessa;238;878;1132
6556;A Guerra Pela Uber;262;902;1143
6557;Cidade nas Trevas;250;879;1195
6558;Baby Shark!;274;894;1298
6559;Recursão;321;976;1102
6560;Oblivion Song: Entre Dois Mundos;296;907;1186
6561;Os segredos que guardamos;254;974;1960
6562;A Guerra Pela Uber;281;929;1212
6563;A Guerra Pela Uber;387;896;945
6564;Recursão;297;912;921
6565;A Guerra Pela Uber;257;904;1517
6566;A Guerra Pela Uber;348;804;849
6567;Baby Shark!;373;831;928
6568;A Guerra Pela Uber;358;925;1085
6569;Minha Sombria Vanessa;363;895;1098
6570;Cidade nas Trevas;320;898;944
6571;O potencial erótico de minha mulher;531;1064;1065
6572;Abrace seus Clientes;434;977;1094
6573;M, o Filho do Século;349;951;961
6574;Minha Sombria Vanessa;376;923;1149
6575;Orçamento sem falhas;336;916;911
6576;Não se humilha, não;257;877;872
6577;Robert Pattinson Biografia Não Autorizada;408;945;1070
6578;A Revolta de Atlas;372;966;1169
6579;Orçamento sem falhas;303;915;1037
6580;Os segredos que guardamos;304;894;810
6581;Cidade nas Trevas;282;886;1082
6582;Minha Sombria Vanessa;339;954;850
6583;As Coisas Que Fazemos Por Amor;462;1167;1105
6584;Por que fazemos o que fazemos?;359;1063;1069
6585;Humana, Demasiado Humana;349;1653;1298
6586;M, o Filho do Século;247;944;754
6587;Obrigado por Existir (de Bolso);386;1013;1095
6588;Os segredos que guardamos;337;903;1115
6589;EntreMundos;380;1008;1099
6590;Recursão;262;893;973
6591;Orçamento sem falhas;265;1597;1280
6592;Baby Shark!;298;961;923
6593;Os segredos que guardamos;342;918;808
6594;Minha Sombria Vanessa;291;919;1210
6595;Orçamento sem falhas;279;1016;942
6596;Cidade nas Trevas;366;884;1038
6597;A Guerra Pela Uber;350;925;793
6598;M, o Filho do Século;301;919;774
6599;A Guerra Pela Uber;313;1003;892
6600;Transtorno moral;372;1035;1050
6601;Oblivion Song: Entre Dois Mundos;320;901;845
6602;Cidade nas Trevas;379;898;996
6603;Cidade nas Trevas;398;896;1588
6604;O Véu da Meia-Noite;463;979;1465
6605;Orçamento sem falhas;377;908;974
6606;Oblivion Song: Entre Dois Mundos;353;919;910
6607;Não se humilha, não;343;937;1505
6608;Orçamento sem falhas;353;907;894
6609;A Guerra Pela Uber;365;937;907
6610;A Guerra Pela Uber;372;940;846
6611;Harry Potter e o Enigma do Príncipe;446;954;1088
6612;Baby Shark!;366;954;901
6613;Não se humilha, não;381;896;963
6614;Recursão;405;905;890
6615;Não se humilha, não;267;943;908
6616;Não se humilha, não;334;927;1047
6617;Orçamento sem falhas;347;882;946
6618;Oblivion Song: Entre Dois Mundos;387;897;774
6619;Orçamento sem falhas;335;971;989
6620;Minha Sombria Vanessa;391;886;1100
6621;Orçamento sem falhas;389;889;1364
6622;M, o Filho do Século;304;939;1209
6623;Oblivion Song: Entre Dois Mundos;340;916;843
6624;Os segredos que guardamos;372;929;958
6625;Recursão;391;941;885
6626;Cidade nas Trevas;367;938;879
6627;Buracos Negros;584;1072;1051
6628;Tudo pode mudar;466;975;1040
6629;Baby Shark!;399;928;816
6630;Os segredos que guardamos;386;875;951
6631;Os segredos que guardamos;354;897;872
6632;Minha Sombria Vanessa;365;915;917
6633;Palhaços sagrados;768;1005;986
6634;Minha Sombria Vanessa;367;861;1002
6635;Reflexão, equilíbrio e paz;505;1009;933
6636;Espetinho de gafanhoto, nem pensar !;372;895;991
6637;Onde o Amor Se Esconde;587;945;1167
6638;Baby Shark!;386;894;1047
6639;Oblivion Song: Entre Dois Mundos;385;881;1026
6640;Minha Sombria Vanessa;375;931;819
6641;Querido diário, eu morri;462;993;1097
6642;M, o Filho do Século;296;994;867
6643;Minha Sombria Vanessa;360;928;852
6644;Mister;528;1233;1309
6645;A Guerra Pela Uber;343;909;893
6646;Não se humilha, não;340;893;1360
6647;A Guerra Pela Uber;363;935;1084
6648;Cidade nas Trevas;361;934;1125
6649;Os segredos que guardamos;367;1658;863
6650;Os Tambores de Outono;426;1035;1921
6651;Os segredos que guardamos;361;938;982
6652;Cidade nas Trevas;382;854;1107
6653;Baby Shark!;386;947;894
6654;Baby Shark!;391;889;953
6655;O Teatro de Machado de Assis;433;1660;1761
6656;Cavalos Roubados;493;919;1243
6657;Orçamento sem falhas;296;1005;841
6658;Os segredos que guardamos;339;953;1196
6659;Não se humilha, não;37244;1018;1194
6660;Cidade nas Trevas;847;966;839
6661;M, o Filho do Século;578;748;1091
6662;Os segredos que guardamos;338;937;896
6663;Oblivion Song: Entre Dois Mundos;340;873;1021
6664;Baby Shark!;335;965;885
6665;Os segredos que guardamos;326;969;820
6666;Antologia do Retrato;376;1064;871
6667;Recursão;274;1019;1023
6668;Cidade nas Trevas;297;854;994
6669;Baby Shark!;320;1016;875
6670;Não se humilha, não;322;846;1010
6671;Os segredos que guardamos;293;820;1159
6672;A Guerra Pela Uber;314;960;891
6673;Orçamento sem falhas;340;960;1031
6674;M, o Filho do Século;323;952;1202
6675;Cidade nas Trevas;341;982;929
6676;Minha Sombria Vanessa;269;927;1002
6677;Não se humilha, não;253;1065;1266
6678;Oblivion Song: Entre Dois Mundos;236;758;860
6679;Out of the Ashes;368;1041;1199
6680;Oblivion Song: Entre Dois Mundos;332;839;903
6681;Recursão;343;894;1070
6682;A Guerra Pela Uber;2233;895;941
6683;M, o Filho do Século;503;875;1238
6684;M, o Filho do Século;339;960;938
6685;Recursão;305;973;972
6686;A Guerra Pela Uber;314;889;1141
6687;Requentando Repolhos;489;1116;1274
6688;Os segredos que guardamos;407;974;866
6689;Oblivion Song: Entre Dois Mundos;346;951;1948
6690;M, o Filho do Século;335;956;893
6691;Minha Sombria Vanessa;308;786;1062
6692;A Guerra Pela Uber;264;793;1026
6693;Orçamento sem falhas;333;993;1840
6694;Oblivion Song: Entre Dois Mundos;317;823;1246
6695;Recursão;353;971;986
6696;M, o Filho do Século;285;958;924
6697;Cidade nas Trevas;313;926;1020
6698;5O ideias de ética que você precisa conhecer;718;8780;10984
6699;M, o Filho do Século;442;1047;1328
6700;Não se humilha, não;309;942;1125
6701;Orçamento sem falhas;401;885;1046
6702;Baby Shark!;320;887;972
6703;Cidade nas Trevas;277;966;1135
6704;O Peculiar;868;1161;1076
6705;Baby Shark!;342;782;986
6706;Cidade nas Trevas;266;912;940
6707;Minha Sombria Vanessa;296;930;800
6708;Baby Shark!;308;925;820
6709;M, o Filho do Século;283;877;934
6710;Os segredos que guardamos;272;861;824
6711;Os segredos que guardamos;372;843;832
6712;Oblivion Song: Entre Dois Mundos;332;887;933
6713;Recursão;345;1850;903
6714;Oblivion Song: Entre Dois Mundos;317;864;868
6715;O carrinho branco;396;1018;989
6716;Cidade nas Trevas;268;955;863
6717;Os segredos que guardamos;244;951;914
6718;James Hetfield: O Lobo À Frente do Metallica;346;1034;1006
6719;Minha Sombria Vanessa;281;1721;1003
6720;Não se humilha, não;347;899;932
6721;Os segredos que guardamos;300;938;973
6722;Os segredos que guardamos;325;1045;2179
6723;Oblivion Song: Entre Dois Mundos;352;942;915
6724;Minha Sombria Vanessa;1160;951;830
6725;A Guerra Pela Uber;329;895;1605
6726;O Capítulo do Julian;456;1011;1462
6727;Orçamento sem falhas;357;908;1151
6728;A Guerra Pela Uber;361;908;881
6729;Não se humilha, não;316;927;954
6730;A Porta;488;1062;942
6731;Baby Shark!;366;902;1599
6732;M, o Filho do Século;321;917;887
6733;Oblivion Song: Entre Dois Mundos;345;930;949
6734;Minha Sombria Vanessa;368;924;846
6735;Orçamento sem falhas;329;932;1411
6736;Os segredos que guardamos;335;989;991
6737;Cidade nas Trevas;300;906;832
6738;Oblivion Song: Entre Dois Mundos;333;855;845
6739;Os segredos que guardamos;345;885;945
6740;Recursão;371;1009;817
6741;Os segredos que guardamos;345;783;1102
6742;Orçamento sem falhas;355;933;1002
6743;Não se humilha, não;328;916;925
6744;Orçamento sem falhas;249;899;862
6745;Recursão;311;914;869
6746;A Guerra Pela Uber;265;873;945
6747;A Guerra Pela Uber;267;777;826
6748;Recursão;263;876;846
6749;A Guerra Pela Uber;222;848;889
6750;No Sufoco;395;978;1008
6751;Minha Sombria Vanessa;268;893;874
6752;Oblivion Song: Entre Dois Mundos;277;867;960
6753;Baby Shark!;243;982;1007
6754;Não se humilha, não;224;961;833
6755;Recursão;294;940;763
6756;Cidade nas Trevas;297;925;742
6757;A Guerra Pela Uber;281;940;738
6758;Cem Gramas de Centeio;628;1061;937
6759;A Guerra Pela Uber;323;971;1082
6760;Os segredos que guardamos;377;1265;1128
6761;Uma manhã em Tidewater;394;1023;1104
6762;M, o Filho do Século;326;929;1038
6763;Não se humilha, não;326;887;1032
6764;Orçamento sem falhas;347;936;961
6765;Não se humilha, não;300;908;900
6766;Cidade nas Trevas;356;903;869
6767;Minha Sombria Vanessa;250;917;814
6768;Não se humilha, não;330;779;845
6769;Oblivion Song: Entre Dois Mundos;357;709;1041
6770;Oblivion Song: Entre Dois Mundos;334;926;869
6771;Não se humilha, não;368;1016;863
6772;Os segredos que guardamos;315;894;933
6773;Oblivion Song: Entre Dois Mundos;237;997;987
6774;A Guerra Pela Uber;310;968;1521
6775;Orçamento sem falhas;284;987;1162
6776;Lady Almina e a verdadeira Downton Abbey;403;1034;1189
6777;Baby Shark!;360;1575;965
6778;Recursão;357;1023;1817
6779;Orçamento sem falhas;411;1010;770
6780;Cidade nas Trevas;346;977;792
6781;Recursão;397;936;844
6782;M, o Filho do Século;400;951;1152
6783;Recursão;336;1851;1245
6784;Recursão;368;910;1099
6785;Oblivion Song: Entre Dois Mundos;395;938;912
6786;Recursão;414;953;1080
6787;Os segredos que guardamos;391;895;938
6788;Os segredos que guardamos;322;882;841
6789;Os segredos que guardamos;393;915;1045
6790;Recursão;259;973;1249
6791;Oblivion Song: Entre Dois Mundos;351;928;1253
6792;Recursão;331;957;975
6793;A Trilha Luminosa;475;997;876
6794;Oblivion Song: Entre Dois Mundos;309;950;1116
6795;Orçamento sem falhas;351;872;1068
6796;Uma Semana no Aeroporto;483;982;972
6797;Minha Sombria Vanessa;403;944;977
6798;Cidade nas Trevas;423;906;941
6799;Oblivion Song: Entre Dois Mundos;365;973;865
6800;A Guerra Pela Uber;418;967;819
6801;Cidade nas Trevas;370;921;711
6802;Baby Shark!;377;891;1188
6803;Indesejadas;1030;959;1126
6804;Orçamento sem falhas;690;961;962
6805;Não se humilha, não;640;1025;843
6806;M, o Filho do Século;496;982;751
6807;Baby Shark!;448;995;1085
6808;Não se humilha, não;492;967;1065
6809;O Terno Tanto Faz como Tanto Fez;532;1016;973
6810;Não se humilha, não;523;806;829
6811;A Guerra Pela Uber;398;897;1093
6812;Civilização;555;1233;1238
6813;Sniper de Elite;604;988;1116
6814;Orçamento sem falhas;328;920;911
6815;Baby Shark!;424;998;948
6816;O Mago;481;1121;1301
6817;Recursão;526;974;1582
6818;Minha Sombria Vanessa;373;883;1152
6819;Os segredos que guardamos;363;922;1116
6820;Baby Shark!;378;949;1143
6821;Minha Sombria Vanessa;404;955;1808
6822;Baby Shark!;428;1013;851
6823;Bruxa de Sangue;475;1012;1028
6824;Os Jogos da Atração;608;969;995
6825;Minha Sombria Vanessa;393;983;858
6826;A História da Mitologia Para Quem Tem Pressa;467;1004;1048
6827;Orçamento sem falhas;404;1001;802
6828;1789;780;1435;2244
6829;A Guerra Pela Uber;715;1012;831
6830;Não se humilha, não;331;938;1011
6831;Baby Shark!;393;947;1217
6832;A Guerra Pela Uber;331;891;1160
6833;Qadehar, o Feiticeiro;478;864;982
6834;A Maldição do Titã;594;956;1228
6835;Baby Shark!;390;838;1298
6836;Minha Sombria Vanessa;372;805;979
6837;Não se humilha, não;363;808;1022
6838;M, o Filho do Século;379;820;847
6839;Uma Célula Renegada;465;871;1243
6840;Não se humilha, não;399;822;1203
6841;Oblivion Song: Entre Dois Mundos;388;1343;986
6842;Recursão;357;903;1078
6843;Minha Sombria Vanessa;367;842;939
6844;A Guerra Pela Uber;390;821;1042
6845;Recursão;418;882;887
6846;Oblivion Song: Entre Dois Mundos;373;821;948
6847;Cidade nas Trevas;369;1759;909
6848;Orçamento sem falhas;387;929;969
6849;Baby Shark!;415;1237;947
6850;Voz ao verbo;466;1050;1118
6851;Orçamento sem falhas;376;931;1034
6852;A Guerra Pela Uber;353;857;908
6853;M, o Filho do Século;381;927;902
6854;Os segredos que guardamos;338;883;1000
6855;Que Tal Esta Noite?;372;994;1032
6856;Recursão;428;896;1047
6857;A Guerra Pela Uber;387;933;778
6858;Não se humilha, não;327;914;907
6859;O Laço cor-de-rosa;478;1087;1144
6860;Baby Shark!;394;969;1684
6861;Não se humilha, não;339;954;945
6862;Adoro Música, Adoro Dançar;470;964;1079
6863;M, o Filho do Século;390;918;825
6864;Baby Shark!;351;1012;1476
6865;M, o Filho do Século;375;865;1267
6866;Minha Sombria Vanessa;367;894;1119
6867;Baby Shark!;378;965;1258
6868;A Guerra Pela Uber;375;908;1168
6869;Não se humilha, não;298;896;1030
6870;Star Wars: Uma Nova Esperança. A Vida de Luke Skywalker;461;1000;1111
6871;UTOPIA E PAIXÃO;453;986;1168
6872;Minha Sombria Vanessa;399;885;1134
6873;Orçamento sem falhas;333;931;1138
6874;Não se humilha, não;367;920;908
6875;Orçamento sem falhas;403;934;827
6876;A Guerra Pela Uber;436;907;939
6877;Cidade nas Trevas;382;907;821
6878;Baby Shark!;411;951;844
6879;A Guerra Pela Uber;373;896;857
6880;O nome de Deus é Misericórdia;570;1125;1176
6881;A Guerra Pela Uber;358;916;854
6882;Baby Shark!;360;1005;913
6883;Recursão;386;995;1088
6884;Memorização Para Falar em Público;465;1034;975
6885;Inquieta Companhia;464;973;992
6886;Do Cinetoscópio ao Cinema Digital;615;1159;1006
6887;Orçamento sem falhas;352;1004;799
6888;A Guerra Pela Uber;375;942;814
6889;Oblivion Song: Entre Dois Mundos;372;926;854
6890;Baby Shark!;381;927;1006
6891;A Guerra Pela Uber;368;913;861
6892;Baby Shark!;379;899;1030
6893;Os segredos que guardamos;376;886;916
6894;A Guerra Pela Uber;351;991;958
6895;Recursão;421;937;926
6896;Livro de Ouro da Mitologia;471;1078;1935
6897;Orçamento sem falhas;352;926;955
6898;Recursão;383;934;1045
6899;Irresistível Paixão;425;1136;1358
6900;Orçamento sem falhas;372;953;1106
6901;Oblivion Song: Entre Dois Mundos;317;910;1212
6902;Os segredos que guardamos;307;897;1517
6903;Os segredos que guardamos;334;935;961
6904;Os segredos que guardamos;352;892;1163
6905;TED Talks: O guia oficial do TED para falar em público;445;1736;1237
6906;Os segredos que guardamos;351;1168;1599
6907;A Fascinação pelo Pior;475;1012;1026
6908;Orçamento sem falhas;2094;901;929
6909;Recursão;436;965;1000
6910;M, o Filho do Século;375;878;1250
6911;Cidade nas Trevas;320;1786;953
6912;Cidade nas Trevas;358;920;991
6913;Os segredos que guardamos;380;927;1155
6914;Orçamento sem falhas;354;937;1211
6915;A Guerra Pela Uber;375;971;1227
6916;Você e suas circunstâncias;501;986;1076
6917;Cidade nas Trevas;369;911;889
6918;Recursão;378;872;898
6919;Os segredos que guardamos;369;953;1116
6920;M, o Filho do Século;383;930;1024
6921;Orçamento sem falhas;413;909;1051
6922;M, o Filho do Século;376;1002;1026
6923;Baby Shark!;391;966;960
6924;Os segredos que guardamos;336;1007;1080
6925;Como praticar;512;1083;1144
6926;Os segredos que guardamos;326;919;1117
6927;Tudo o que Eu Sempre Quis Dizer, mas só Consegui Escrevendo;496;1069;1013
6928;Baby Shark!;1516;934;1049
6929;A Guerra Pela Uber;431;945;1102
6930;Orçamento sem falhas;377;938;855
6931;Cidade nas Trevas;351;987;825
6932;Eu Me Mordo de Ciúmes;444;1069;1045
6933;Recursão;415;954;952
6934;Confesse;517;1148;1267
6935;Baby Shark!;406;987;1228
6936;Os segredos que guardamos;333;991;1060
6937;M, o Filho do Século;366;860;882
6938;Reality Boy;472;1107;978
6939;Baby Shark!;392;979;814
6940;M, o Filho do Século;368;929;923
6941;Cantando a Plenos Pulmões;431;968;1190
6942;Apenas Um Olhar;492;959;1233
6943;Oblivion Song: Entre Dois Mundos;349;866;950
6944;Notícias: Manual do usuário;458;893;1372
6945;Cidade nas Trevas;375;960;1547
6946;Oblivion Song: Entre Dois Mundos;375;915;969
6947;Minha Sombria Vanessa;379;898;832
6948;Orçamento sem falhas;342;987;885
6949;Os segredos que guardamos;382;919;1555
6950;Sem Esperança;492;1070;1071
6951;M, o Filho do Século;388;935;1023
6952;A Senhora Do Trílio;485;1030;784
6953;Oblivion Song: Entre Dois Mundos;336;878;1027
6954;Cidade nas Trevas;392;943;750
6955;Cidade nas Trevas;355;836;820
6956;Recursão;365;828;1323
6957;Nevermoor;533;1156;1167
6958;A Guerra Pela Uber;313;944;785
6959;Alta Fidelidade;457;989;1201
6960;Baby Shark!;361;960;1114
6961;Não se humilha, não;369;922;1110
6962;A técnica Pomodoro;422;1061;1240
6963;Baby Shark!;451;982;795
6964;Beijo de Sangue;431;1022;1041
6965;Baby Shark!;397;937;1223
6966;Minha Sombria Vanessa;376;897;1172
6967;Minha Sombria Vanessa;381;945;1126
6968;Cidade nas Trevas;350;920;1076
6969;A Guerra Pela Uber;386;1679;1145
6970;Recursão;372;820;794
6971;Oblivion Song: Entre Dois Mundos;394;955;1071
6972;A Guerra Pela Uber;339;803;1161
6973;O Dom Supremo;543;1037;1254
6974;Minha Sombria Vanessa;389;825;1243
6975;Minha Sombria Vanessa;405;1761;895
6976;Minha Sombria Vanessa;341;968;906
6977;A Guerra Pela Uber;358;937;1065
6978;Orçamento sem falhas;1090;974;1182
6979;M, o Filho do Século;374;969;879
6980;Minha Sombria Vanessa;358;955;972
6981;M, o Filho do Século;330;935;1099
6982;Os segredos que guardamos;369;927;844
6983;Uma Longa Jornada;497;1096;1300
6984;Cidade nas Trevas;328;904;741
6985;Minha Sombria Vanessa;388;955;759
6986;Não se humilha, não;320;921;711
6987;Cidade nas Trevas;346;966;902
6988;Os segredos que guardamos;362;885;1283
6989;Recursão;400;995;1068
6990;Não se humilha, não;377;920;754
6991;Minha Sombria Vanessa;320;893;821
6992;Orçamento sem falhas;401;901;1392
6993;Orçamento sem falhas;392;928;1214
6994;Recursão;419;956;874
6995;Minha Sombria Vanessa;383;919;930
6996;Recursão;335;955;877
6997;M, o Filho do Século;410;950;955
6998;Não se humilha, não;357;845;870
6999;Minha Sombria Vanessa;360;971;881
7000;Acima de tudo;517;958;1138
7001;M, o Filho do Século;376;926;793
7002;Oblivion Song: Entre Dois Mundos;431;932;855
7003;Muu;606;1208;1040
7004;A Guerra Pela Uber;381;950;800
7005;Minha Sombria Vanessa;378;971;767
7006;M, o Filho do Século;357;918;839
7007;Recursão;322;1074;1338
7008;Oblivion Song: Entre Dois Mundos;429;917;833
7009;Orçamento sem falhas;348;906;935
7010;Não se humilha, não;332;918;822
7011;Não se humilha, não;348;951;811
7012;Operação Miami;432;1041;909
7013;Orçamento sem falhas;367;913;921
7014;Não se humilha, não;377;969;738
7015;Recursão;397;1018;965
7016;Criando Magia;503;1057;974
7017;Os segredos que guardamos;360;938;799
7018;Orçamento sem falhas;380;919;797
7019;M, o Filho do Século;352;924;791
7020;Orçamento sem falhas;370;977;805
7021;Recursão;308;948;818
7022;M, o Filho do Século;406;989;826
7023;Baby Shark!;401;959;829
7024;Orçamento sem falhas;377;930;1031
7025;Orçamento sem falhas;404;910;927
7026;Orçamento sem falhas;429;824;1009
7027;A Guerra Pela Uber;383;822;953
7028;No exército do faraó;651;994;896
7029;A Guerra Pela Uber;298;871;856
7030;Os segredos que guardamos;334;984;1455
7031;Cidade nas Trevas;305;959;918
7032;Orçamento sem falhas;379;944;764
7033;Baby Shark!;382;1773;918
7034;Os segredos que guardamos;360;1035;3235
7035;Oblivion Song: Entre Dois Mundos;409;886;1185
7036;Minha Sombria Vanessa;320;1933;875
7037;Os segredos que guardamos;409;864;857
7038;Cidade nas Trevas;300;1034;746
7039;Orçamento sem falhas;381;2526;757
7040;A Sociedade literária e a torta de casca de batata;481;1055;875
7041;Histórias Não (Ou Mal) Contadas: Revoltas, Golpes e Revoluções no Brasil;579;1272;991
7042;Harry Potter e a Pedra Filosofal;510;1007;1023
7043;Em Busca De El Chapo;398;987;936
7044;Recursão;378;982;891
7045;M, o Filho do Século;400;1079;894
7046;Serpente encantadora;539;960;1073
7047;Marley & Eu;518;1094;949
7048;Não se humilha, não;398;879;842
7049;Baby Shark!;395;843;912
7050;Os segredos que guardamos;390;1020;879
7051;A Guerra Pela Uber;359;868;1057
7052;Baby Shark!;402;950;949
7053;Mr. Sebastian e o Fantástico Mágico Negro;463;1035;1103
7054;Minha Sombria Vanessa;244;934;899
7055;A Guerra Pela Uber;389;980;893
7056;Corpos em Movimento;460;798;1112
7057;Oblivion Song: Entre Dois Mundos;375;785;1256
7058;Minha Sombria Vanessa;386;826;872
7059;Os segredos que guardamos;344;906;903
7060;Os segredos que guardamos;363;908;956
7061;Cidade nas Trevas;360;905;967
7062;Oblivion Song: Entre Dois Mundos;354;878;840
7063;Oblivion Song: Entre Dois Mundos;342;885;1035
7064;Brida;455;1216;1287
7065;Cidade nas Trevas;343;896;1135
7066;Oblivion Song: Entre Dois Mundos;379;1009;2151
7067;Baby Shark!;364;836;1015
7068;M, o Filho do Século;389;841;1149
7069;Minha Sombria Vanessa;332;854;940
7070;M, o Filho do Século;404;871;1109
7071;M, o Filho do Século;353;802;1266
7072;Baby Shark!;414;867;979
7073;Os segredos que guardamos;318;826;1759
7074;Recursão;367;893;1147
7075;Não se humilha, não;344;1061;1083
7076;Cidade nas Trevas;355;931;1153
7077;M, o Filho do Século;373;957;2028
7078;Recursão;404;902;899
7079;O Mundo Sagrado;486;951;1090
7080;Os segredos que guardamos;388;839;925
7081;M, o Filho do Século;376;846;1017
7082;M, o Filho do Século;359;899;928
7083;Minha Sombria Vanessa;382;901;967
7084;Os segredos que guardamos;366;846;863
7085;Não Pare!;546;1119;1090
7086;A cidade secreta da maçonaria;482;955;1290
7087;Os segredos que guardamos;398;911;1094
7088;Baby Shark!;390;902;858
7089;M, o Filho do Século;370;1197;1042
7090;Baby Shark!;381;907;1130
7091;Oblivion Song: Entre Dois Mundos;384;974;1286
7092;M, o Filho do Século;366;873;1205
7093;Recursão;390;1293;988
7094;M, o Filho do Século;320;938;1060
7095;Cidade nas Trevas;373;994;1049
7096;Cidade nas Trevas;379;942;964
7097;Não se humilha, não;364;1982;890
7098;Não se humilha, não;376;953;1311
7099;Cidade nas Trevas;364;970;900
7100;Breves Respostas Para Grandes Questões;443;1042;1292
7101;Orçamento sem falhas;371;945;1026
7102;Minha Sombria Vanessa;375;977;1043
7103;Minha Sombria Vanessa;351;1803;1214
7104;Baby Shark!;342;1008;934
7105;Os segredos que guardamos;387;875;1189
7106;Recursão;397;965;1188
7107;M, o Filho do Século;378;989;1225
7108;Baby Shark!;398;873;1211
7109;As Garotas;483;1123;1266
7110;Não se humilha, não;348;875;1115
7111;Cidade nas Trevas;296;957;1218
7112;Ética da Vida;993;7311;7913
7113;Cidade nas Trevas;1808;1226;1580
7114;M, o Filho do Século;441;942;1122
7115;Minha Sombria Vanessa;425;723;1212
7116;Os segredos que guardamos;390;937;2015
7117;Amanhã Não Tem Ninguém;469;1024;1460
7118;Orçamento sem falhas;435;894;1247
7119;Os segredos que guardamos;357;964;1338
7120;Oblivion Song: Entre Dois Mundos;372;898;2115
7121;Não se iluda, não;592;1149;1562
7122;Orçamento sem falhas;373;919;1334
7123;Aliados da Noite: Velhas Faces, Novos Pesadelos;444;980;1279
7124;Pablo Escobar;633;1048;1556
7125;Oblivion Song: Entre Dois Mundos;291;862;1334
7126;O Jogo do Fugitivo;1825;924;1425
7127;Cidade nas Trevas;502;846;1294
7128;Não se humilha, não;405;893;1286
7129;Os segredos que guardamos;363;1018;1333
7130;Oblivion Song: Entre Dois Mundos;381;886;1218
7131;A Guerra Pela Uber;341;899;1327
7132;Baby Shark!;1278;941;1276
7133;Não se humilha, não;389;913;1555
7134;Esta Noite é Nossa;472;1118;1628
7135;Os segredos que guardamos;387;944;1431
7136;Orçamento sem falhas;391;1278;1542
7137;Orçamento sem falhas;318;1008;976
7138;Minha Sombria Vanessa;291;913;1294
7139;Orçamento sem falhas;524;846;1235
7140;M, o Filho do Século;407;892;1095
7141;Baby Shark!;405;1019;1109
7142;Cidade nas Trevas;370;939;1380
7143;Não se humilha, não;313;903;1216
7144;Jogando xadrez com os anjos;537;1032;1347
7145;Baby Shark!;435;910;1184
7146;Orçamento sem falhas;393;930;932
7147;Não se humilha, não;368;930;1314
7148;O Turista Interior;511;947;951
7149;A Guerra Pela Uber;382;853;944
7150;Barbara Debaixo Da Chuva;472;956;873
7151;M, o Filho do Século;342;931;940
7152;Orçamento sem falhas;382;894;834
7153;Cidade nas Trevas;377;896;952
7154;Quem tem fé não precisa de sorte;436;968;1079
7155;Cidade nas Trevas;391;894;936
7156;Cidade nas Trevas;380;897;948
7157;Cidade nas Trevas;355;1042;982
7158;Oblivion Song: Entre Dois Mundos;516;872;1387
7159;Oblivion Song: Entre Dois Mundos;376;909;860
7160;Um pássaro em vôo;430;945;964
7161;O Herói Perdido;486;1713;941
7162;M, o Filho do Século;383;987;1685
7163;A Guerra Pela Uber;362;901;839
7164;Orçamento sem falhas;370;947;830
7165;Baby Shark!;374;978;1280
7166;Baby Shark!;397;953;874
7167;Oblivion Song: Entre Dois Mundos;380;1688;924
7168;Os segredos que guardamos;513;1399;1494
7169;Contos de Terror do Navio Negro;488;1077;1155
7170;A Guerra Pela Uber;372;953;893
7171;O Vizinho;477;1025;1217
7172;Recursão;393;1015;1195
7173;Minha Sombria Vanessa;449;923;1182
7174;Minha Sombria Vanessa;378;893;1116
7175;A Guerra Pela Uber;370;835;1033
7176;Recursão;398;909;908
7177;A Guerra Pela Uber;366;822;947
7178;levantai-vos! vamos!;471;939;1066
7179;Recursão;367;872;956
7180;Histórias Extraordinárias;468;1002;1116
7181;Orçamento sem falhas;355;1167;994
7182;Recursão;385;869;1176
7183;Baby Shark!;386;947;1049
7184;Trabalhe 4 Horas por Semana (ampliado e atualizado);500;1165;1301
7185;Minha Sombria Vanessa;365;889;1295
7186;Não se humilha, não;464;955;1703
7187;Água Viva;537;1247;1685
7188;M, o Filho do Século;525;857;1012
7189;Minha Sombria Vanessa;369;845;1015
7190;Oblivion Song: Entre Dois Mundos;375;853;994
7191;M, o Filho do Século;376;905;839
7192;Cidade nas Trevas;376;861;923
7193;Simisola;493;995;1099
7194;Oblivion Song: Entre Dois Mundos;358;892;1020
7195;Recursão;383;935;954
7196;Oblivion Song: Entre Dois Mundos;370;1123;855
7197;Os segredos que guardamos;341;860;928
7198;Não se humilha, não;357;890;1103
7199;Os segredos que guardamos;372;886;987
7200;Cidade nas Trevas;374;981;899
7201;Recursão;389;918;1707
7202;A Guerra Pela Uber;303;905;1006
7203;M, o Filho do Século;367;897;990
7204;M, o Filho do Século;371;889;1074
7205;Baby Shark!;366;910;1756
7206;Só Pode Ser Brincadeira, Sr. Feynman!;413;2400;1249
7207;Oblivion Song: Entre Dois Mundos;334;1069;862
7208;Recursão;397;877;995
7209;M, o Filho do Século;352;1075;1022
7210;Recursão;388;951;1122
7211;Recursão;400;977;1052
7212;Oblivion Song: Entre Dois Mundos;382;935;866
7213;A Porta;508;1059;1088
7214;A Guerra Pela Uber;397;945;907
7215;Não se humilha, não;385;922;910
7216;O caminho para casa;464;1013;1101
7217;Apenas um Jogo;411;1100;1057
7218;Recursão;391;1096;904
7219;Minha Sombria Vanessa;332;932;844
7220;Os segredos que guardamos;397;844;882
7221;Oblivion Song: Entre Dois Mundos;372;1030;903
7222;A Guerra Pela Uber;315;974;1012
7223;Oblivion Song: Entre Dois Mundos;314;902;867
7224;A Guerra Pela Uber;349;857;835
7225;Oblivion Song: Entre Dois Mundos;362;3421;916
7226;Os segredos que guardamos;386;948;836
7227;Baby Shark!;390;1020;1060
7228;Orçamento sem falhas;317;901;953
7229;Os segredos que guardamos;349;849;1055
7230;Os segredos que guardamos;329;940;908
7231;Oblivion Song: Entre Dois Mundos;341;1814;983
7232;M, o Filho do Século;377;1024;834
7233;Tutor;512;1109;1262
7234;Platão para Sonhadores;486;984;1154
7235;Cidade nas Trevas;341;932;833
7236;M, o Filho do Século;347;889;746
7237;M, o Filho do Século;442;986;820
7238;M, o Filho do Século;383;940;994
7239;M, o Filho do Século;347;1007;846
7240;Me Poupe!;525;1035;1079
7241;Os segredos que guardamos;367;909;1070
7242;Harry Potter e a Criança Amaldiçoada (Capa Dura);447;1072;920
7243;A Guerra Pela Uber;424;1058;1002
7244;Se você é tão esperto, por que não é feliz?;558;982;1811
7245;Jogo Perigoso;457;1099;1283
7246;Minha Sombria Vanessa;388;965;955
7247;Cidade nas Trevas;381;893;1142
7248;A Guerra Pela Uber;382;915;2022
7249;Não se humilha, não;395;906;817
7250;A Guerra Pela Uber;360;932;910
7251;Orçamento sem falhas;371;882;902
7252;Oblivion Song: Entre Dois Mundos;371;884;913
7253;Orçamento sem falhas;368;984;760
7254;A Guerra Pela Uber;365;1083;933
7255;Juntos somos melhores;450;980;1027
7256;Recursão;371;905;1012
7257;A Guerra Pela Uber;362;814;1029
7258;Não se humilha, não;369;814;988
7259;M, o Filho do Século;373;914;913
7260;A Guerra Pela Uber;354;858;938
7261;M, o Filho do Século;337;905;854
7262;Os segredos que guardamos;379;976;1033
7263;Ganhar, Gastar, Investir;436;1036;1054
7264;Orçamento sem falhas;358;961;861
7265;Não se humilha, não;450;903;918
7266;Orçamento sem falhas;395;849;865
7267;Obrigado por existir;671;1098;1045
7268;Não se humilha, não;350;937;898
7269;O óbvio também precisa ser dito;468;1085;1008
7270;A Guerra Pela Uber;368;955;1017
7271;Nate está com tudo;433;979;1011
7272;Tartarugas Até Lá Embaixo;361;917;968
7273;Recursão;344;1028;984
7274;Os segredos que guardamos;387;955;883
7275;Caleidoscópio;460;861;1091
7276;A Guerra Pela Uber;404;924;831
7277;Viagem no Tempo;466;1119;901
7278;Não se humilha, não;368;768;814
7279;A Guerra Pela Uber;677;897;869
7280;A Guerra Pela Uber;401;1058;794
7281;Recursão;381;1042;953
7282;A Guerra Pela Uber;355;862;1032
7283;Oblivion Song: Entre Dois Mundos;378;878;1256
7284;Orçamento sem falhas;377;883;849
7285;Recursão;402;886;1147
7286;M, o Filho do Século;395;865;1165
7287;O homem que só tinha certezas;360;1052;1504
7288;M, o Filho do Século;392;904;1081
7289;Baby Shark!;415;1634;928
7290;M, o Filho do Século;365;1017;856
7291;Oblivion Song: Entre Dois Mundos;399;997;1572
7292;Não se humilha, não;388;906;865
7293;A Guerra Pela Uber;381;979;861
7294;Recursão;397;983;1145
7295;Orçamento sem falhas;365;1814;900
7296;Oblivion Song: Entre Dois Mundos;365;992;1018
7297;M, o Filho do Século;344;1004;897
7298;Cidade nas Trevas;373;889;914
7299;A Guerra Pela Uber;364;1011;1056
7300;A Guerra Pela Uber;370;908;802
7301;A ilha dos 5 faróis;339;989;1087
7302;Baby Shark!;385;940;1019
7303;A Guerra Pela Uber;367;900;937
7304;Cidade nas Trevas;372;949;818
7305;Recursão;352;1100;776
7306;Como mudar uma história de dragão;442;1080;955
7307;Recursão;366;969;1000
7308;Cidade nas Trevas;387;914;1048
7309;M, o Filho do Século;368;825;1032
7310;O ÚLTIMO MEROVÍNGIO;648;1007;946
7311;M, o Filho do Século;377;906;1028
7312;Não se humilha, não;337;922;897
7313;A Zona Azul;379;1038;1535
7314;Estranho Irresistível;464;999;1593
7315;Minha Sombria Vanessa;328;816;1363
7316;Não se humilha, não;368;813;825
7317;M, o Filho do Século;1028;924;1041
7318;Os segredos que guardamos;399;919;1008
7319;Hera : rainha dos deuses e esposa exemplar, até certo ponto;474;1019;1017
7320;Oblivion Song: Entre Dois Mundos;364;924;845
7321;M, o Filho do Século;365;882;906
7322;Baby Shark!;385;995;929
7323;M, o Filho do Século;374;911;780
7324;S.;637;1164;1060
7325;Cidade nas Trevas;364;908;893
7326;Noite Sem Fim;546;1187;1146
7327;Orçamento sem falhas;402;855;1130
7328;Mulheres que Correm com os Lobos;593;1033;1036
7329;Orçamento sem falhas;348;949;1392
7330;Salsichas Galácticas;501;1038;1044
7331;A Guerra Pela Uber;351;975;921
7332;Paris para Um e Outros Contos;393;1005;1133
7333;Não se humilha, não;758;766;1558
7334;Oblivion Song: Entre Dois Mundos;407;994;799
7335;Oblivion Song: Entre Dois Mundos;354;1034;1060
7336;Oito Vias Para Ser Feliz;1386;958;1020
7337;M, o Filho do Século;414;1023;833
7338;Recursão;422;949;820
7339;Oblivion Song: Entre Dois Mundos;388;862;880
7340;Orçamento sem falhas;398;920;942
7341;O Terceiro Gêmeo;651;1005;1067
7342;Os segredos que guardamos;330;936;1099
7343;M, o Filho do Século;356;968;998
7344;Baby Shark!;364;912;1080
7345;Oblivion Song: Entre Dois Mundos;370;968;1197
7346;Não se humilha, não;328;929;1152
7347;Os segredos que guardamos;359;868;887
7348;Os segredos que guardamos;398;954;1248
7349;Baby Shark!;356;1061;999
7350;Coleção Eu Me Chamo Antonio;455;1008;1189
7351;Não se humilha, não;343;966;885
7352;M, o Filho do Século;384;1081;902
7353;A cada dia um novo começo;486;1913;1350
7354;Oblivion Song: Entre Dois Mundos;340;940;1224
7355;A Guerra Pela Uber;397;954;1218
7356;Oblivion Song: Entre Dois Mundos;387;913;1054
7357;Os segredos que guardamos;371;931;872
7358;O uruguaio;461;1063;1346
7359;Os segredos que guardamos;342;1710;1053
7360;Os segredos que guardamos;362;999;1242
7361;Cidade nas Trevas;395;994;863
7362;Os segredos que guardamos;361;891;956
7363;Peça e Será Atendido;552;1038;944
7364;O Talismã;528;1032;1192
7365;Recursão;455;916;1201
7366;Como Falar em Público;459;665;1120
7367;Orçamento sem falhas;379;521;1104
7368;Recursão;404;807;1159
7369;M, o Filho do Século;378;774;821
7370;Minha Sombria Vanessa;389;835;882
7371;Baby Shark!;411;759;1096
7372;Minha Sombria Vanessa;324;825;1437
7373;Oblivion Song: Entre Dois Mundos;344;849;1026
7374;Vivienne Westwood;468;762;1184
7375;Orçamento sem falhas;367;769;1099
7376;Qual é a moral da história?;648;1007;1804
7377;Minha Sombria Vanessa;363;658;1184
7378;Orçamento sem falhas;344;790;995
7379;Diários de Stefan - Desejo;401;831;1235
7380;Oblivion Song: Entre Dois Mundos;276;538;1048
7381;Os segredos que guardamos;357;621;1079
7382;Minha Sombria Vanessa;353;583;1216
7383;Oblivion Song: Entre Dois Mundos;378;646;1072
7384;Catalyst;468;1058;1220
7385;Os segredos que guardamos;303;666;1164
7386;Oblivion Song: Entre Dois Mundos;336;672;1322
7387;Baby Shark!;400;718;1135
7388;Minha Sombria Vanessa;378;599;1169
7389;Orçamento sem falhas;390;961;1176
7390;Orçamento sem falhas;407;834;1263
7391;A Guerra Pela Uber;401;874;1234
7392;Não se humilha, não;330;961;1273
7393;A Família Urso comendo bobagens demais;439;977;1395
7394;Minha Sombria Vanessa;305;901;1275
7395;Orçamento sem falhas;314;955;1306
7396;Oblivion Song: Entre Dois Mundos;278;956;1232
7397;Se eu não te vir primeiro;404;1147;1358
7398;Oblivion Song: Entre Dois Mundos;362;920;1265
7399;Orçamento sem falhas;404;955;1201
7400;Perfeitas;494;1108;1433
7401;M, o Filho do Século;384;939;1539
7402;Recursão;349;1020;1252
7403;Orçamento sem falhas;377;932;1220
7404;Minha Sombria Vanessa;351;934;1252
7405;Oblivion Song: Entre Dois Mundos;361;833;1125
7406;Recursão;382;946;1074
7407;Baby Shark!;461;1020;1355
7408;Mulan;496;1017;2789
7409;Os segredos que guardamos;341;952;1315
7410;Orçamento sem falhas;385;984;1303
7411;M, o Filho do Século;327;971;1293
7412;Como a Geração Sexo-Drogas-e-Rock'n'Roll Salvou Hollywood;425;1120;1330
7413;Oblivion Song: Entre Dois Mundos;620;940;1263
7414;M, o Filho do Século;396;958;1256
7415;Não se humilha, não;357;911;1991
7416;A Guerra Pela Uber;339;956;1204
7417;Recursão;404;1760;1198
7418;Minha Sombria Vanessa;300;966;1226
7419;Os Judeus Que Construíram O Brasil;526;1104;2067
7420;Não se humilha, não;366;946;1012
7421;Não se humilha, não;419;926;1257
7422;M, o Filho do Século;492;902;1290
7423;Não se humilha, não;391;1756;1160
7424;M, o Filho do Século;579;969;1380
7425;Minha Sombria Vanessa;376;935;1262
7426;Os segredos que guardamos;406;945;1207
7427;Recursão;400;1096;986
7428;O Sobrevivente;444;1026;959
7429;M, o Filho do Século;406;1039;838
7430;Coração?;650;1103;1047
7431;Recursão;361;937;1098
7432;Orçamento sem falhas;360;883;1015
7433;Oblivion Song: Entre Dois Mundos;441;979;972
7434;Minha Sombria Vanessa;333;938;897
7435;Oblivion Song: Entre Dois Mundos;316;897;1019
7436;A Guerra Pela Uber;389;988;1338
7437;O Clã de Rhett Butler (Rhett Butler's People);457;1029;1098
7438;M, o Filho do Século;340;892;1013
7439;Os segredos que guardamos;375;919;862
7440;Orçamento sem falhas;398;859;1133
7441;As Vantagens de ser Invisivel;464;1035;963
7442;A Guerra Pela Uber;381;762;1124
7443;A Guerra Pela Uber;352;900;951
7444;Não se humilha, não;365;897;1011
7445;M, o Filho do Século;331;898;929
7446;Não se humilha, não;363;912;1180
7447;Recursão;456;934;860
7448;Baby Shark!;414;853;925
7449;Feios;767;1025;1070
7450;Oblivion Song: Entre Dois Mundos;405;852;1018
7451;A Guerra Pela Uber;375;1045;1087
7452;Cidade nas Trevas;399;963;939
7453;A Guerra Pela Uber;394;939;894
7454;Minha Sombria Vanessa;405;1164;976
7455;Baby Shark!;440;1020;1071
7456;A mulher na janela;424;974;961
7457;Oblivion Song: Entre Dois Mundos;374;1005;1466
7458;Oblivion Song: Entre Dois Mundos;347;880;1199
7459;M, o Filho do Século;318;908;1085
7460;Pequeno Livro de Estilo;450;1055;1018
7461;Eu acho que amo você;533;1009;1576
7462;Orçamento sem falhas;371;884;870
7463;Dupla cilada para Cross;482;994;945
7464;M, o Filho do Século;384;927;936
7465;ABC do lavrador e outros cantos;605;1034;994
7466;Não se humilha, não;366;882;893
7467;Orçamento sem falhas;353;907;921
7468;Não se humilha, não;369;916;900
7469;Recursão;363;963;1095
7470;M, o Filho do Século;322;916;877
7471;Cidade nas Trevas;415;898;812
7472;Cidade nas Trevas;472;838;1041
7473;Os segredos que guardamos;326;859;1220
7474;Não se humilha, não;441;736;1123
7475;Misbehaving;496;1025;1014
7476;Orçamento sem falhas;355;844;938
7477;Orçamento sem falhas;450;793;927
7478;Não se humilha, não;469;839;1134
7479;Não se humilha, não;341;964;985
7480;Deu bolo;526;1109;1173
7481;A grande arte de se reinventar;381;1988;963
7482;Recursão;416;906;1339
7483;O Dia Em Que Te Toquei;555;1039;1100
7484;Tudo o que você precisou desaprender para virar um idiota;408;919;985
7485;M, o Filho do Século;380;1051;959
7486;Oblivion Song: Entre Dois Mundos;385;1039;1049
7487;Orçamento sem falhas;370;1581;936
7488;Não se humilha, não;329;854;889
7489;Confissões de Um Amigo Imaginário;535;1151;1065
7490;M, o Filho do Século;417;976;1040
7491;Recursão;443;884;1016
7492;Não se humilha, não;445;1077;1070
7493;Orçamento sem falhas;396;1076;960
7494;Baby Shark!;522;976;840
7495;Oblivion Song: Entre Dois Mundos;393;903;1145
7496;Minha Sombria Vanessa;404;903;912
7497;Oblivion Song: Entre Dois Mundos;367;1050;908
7498;Minha Sombria Vanessa;365;1032;1099
7499;Não se humilha, não;358;870;1162
7500;O arqueólogo do futuro;431;1031;1803
7501;Cidade nas Trevas;368;1126;986
7502;Recursão;405;1042;990
7503;Recursão;394;924;862
7504;Orçamento sem falhas;362;1005;1998
7505;Literatura Comparada;509;984;1116
7506;Só saio daqui MAGRA!;459;1043;1084
7507;Eu odeio meu chefe? (Capa Dura);622;1172;1245
7508;O Vendedor De Sonhos 2 - E A Revolcao Dos Anonimos;466;1021;1167
7509;Oblivion Song: Entre Dois Mundos;319;1037;934
7510;A Guerra Pela Uber;414;948;828
7511;Os segredos que guardamos;409;924;953
7512;M, o Filho do Século;480;927;960
7513;Minha Sombria Vanessa;308;1151;1098
7514;Minha Sombria Vanessa;406;1000;1072
7515;Recursão;360;954;927
7516;Recursão;361;967;1016
7517;A Guerra Pela Uber;317;977;1015
7518;M, o Filho do Século;1554;861;1044
7519;Minha Sombria Vanessa;401;947;926
7520;Os segredos que guardamos;323;907;979
7521;Fascinada Por Você;514;907;1167
7522;Cidade nas Trevas;1230;904;1001
7523;A Guerra Pela Uber;429;873;1234
7524;Cidade nas Trevas;366;957;1114
7525;Dossiê Getúlio Vargas;727;1006;1178
7526;Vaclav & Lena;635;1292;1316
7527;Baby Shark!;425;965;1056
7528;Oblivion Song: Entre Dois Mundos;412;950;1033
7529;Cidade nas Trevas;348;937;931
7530;M, o Filho do Século;274;913;872
7531;Oblivion Song: Entre Dois Mundos;313;855;919
7532;Os segredos que guardamos;493;959;1020
7533;A Guerra Pela Uber;375;968;813
7534;Baby Shark!;343;938;1038
7535;Você foi enganado;480;1089;1063
7536;Orçamento sem falhas;716;1243;959
7537;Orçamento sem falhas;380;944;893
7538;Recursão;382;984;866
7539;Recursão;368;1020;943
7540;Os segredos que guardamos;381;978;1091
7541;M, o Filho do Século;1196;1262;1066
7542;Minha Sombria Vanessa;383;967;1078
7543;A Transformação de Raven;489;794;1493
7544;Os segredos que guardamos;407;976;901
7545;Os segredos que guardamos;284;1785;1014
7546;Não se humilha, não;302;911;856
7547;Os segredos que guardamos;298;1739;1576
7548;Cidade nas Trevas;387;1584;1046
7549;Não se humilha, não;346;1015;1075
7550;Não se humilha, não;321;986;979
7551;Minha Sombria Vanessa;363;1763;33172
7552;Baby Shark!;447;925;1605
7553;mentiras e confissões;439;1015;1157
7554;Oblivion Song: Entre Dois Mundos;356;868;903
7555;A Guerra Pela Uber;442;961;907
7556;Orçamento sem falhas;416;952;1025
7557;Minha Sombria Vanessa;407;966;1085
7558;Oblivion Song: Entre Dois Mundos;375;811;1085
7559;Não se humilha, não;329;916;954
7560;Orçamento sem falhas;388;944;943
7561;Baby Shark!;370;935;924
7562;Baby Shark!;417;973;986
7563;M, o Filho do Século;375;910;881
7564;Recursão;366;983;962
7565;Orçamento sem falhas;367;931;861
7566;Baby Shark!;416;982;905
7567;Baby Shark!;421;1049;1304
7568;Inocência;421;933;1236
7569;Minha Sombria Vanessa;389;999;1173
7570;A Guerra Pela Uber;392;949;1172
7571;Cidade nas Trevas;348;974;1165
7572;Não se humilha, não;337;864;1197
7573;A Guerra Pela Uber;386;947;1080
7574;Os segredos que guardamos;408;1026;1185
7575;Cidade nas Trevas;377;998;1133
7576;M, o Filho do Século;386;925;950
7577;Veneza, A Cidade dos Anjos Caídos;467;1004;1091
7578;A Última Chance;557;1076;1084
7579;Orçamento sem falhas;329;1006;1158
7580;Oblivion Song: Entre Dois Mundos;326;927;1093
7581;Os segredos que guardamos;383;873;1212
7582;O Monte Cinco;668;1039;1346
7583;A Guerra Pela Uber;349;1027;948
7584;Os segredos que guardamos;385;925;959
7585;Recursão;395;931;3192
7586;Cidade nas Trevas;388;972;1138
7587;Cidade nas Trevas;393;873;1080
7588;Oblivion Song: Entre Dois Mundos;351;924;1067
7589;Minha Sombria Vanessa;361;836;1788
7590;Não se humilha, não;366;866;1002
7591;Orçamento sem falhas;339;849;853
7592;Baby Shark!;342;961;989
7593;Livro - O Guia Essencial de Costumes e Cultura: Itália;554;996;888
7594;Orçamento sem falhas;345;768;849
7595;Minha Sombria Vanessa;383;938;1023
7596;Cidade dos Sonhos;446;1108;1317
7597;Não se humilha, não;400;851;960
7598;A Guerra Pela Uber;374;935;930
7599;Os segredos que guardamos;349;910;880
7600;A esperança é uma travessia;467;1249;1160
7601;Recursão;462;976;896
7602;A Guerra Pela Uber;360;977;934
7603;Não se humilha, não;433;961;1029
7604;Star Wars: Darth Bane - Regra de Dois;483;1031;1005
7605;Os segredos que guardamos;364;873;1042
7606;Terceiro Reich em Guerra;474;1093;1159
7607;Minha Sombria Vanessa;389;909;1001
7608;Baby Shark!;391;879;1038
7609;A Arte da Ilusão;466;1786;1070
7610;Minha Sombria Vanessa;359;894;719
7611;A Irmã da Sombra;510;1294;883
7612;Oblivion Song: Entre Dois Mundos;360;1279;1152
7613;Recursão;391;1321;1212
7614;Missão Justiça;479;1087;904
7615;O Monge e o Executivo;458;1892;1158
7616;Baby Shark!;332;933;947
7617;A Guerra Pela Uber;333;962;1017
7618;Não se humilha, não;391;934;1167
7619;Não se humilha, não;375;922;1228
7620;Os segredos que guardamos;403;989;841
7621;Orçamento sem falhas;445;983;817
7622;A história de O Nariz;515;1178;1325
7623;Orçamento sem falhas;371;983;897
7624;A Guerra Pela Uber;537;959;955
7625;A Guerra Pela Uber;375;765;1109
7626;Oblivion Song: Entre Dois Mundos;380;899;810
7627;Minha Sombria Vanessa;330;832;809
7628;Oblivion Song: Entre Dois Mundos;398;924;1481
7629;Minha Sombria Vanessa;410;947;1022
7630;Baby Shark!;405;967;974
7631;Oblivion Song: Entre Dois Mundos;369;952;966
7632;Os segredos que guardamos;337;962;1598
7633;Orçamento sem falhas;401;867;965
7634;Não se humilha, não;448;911;844
7635;Glamorama;541;1208;1111
7636;A Guerra Pela Uber;332;959;1015
7637;Oblivion Song: Entre Dois Mundos;421;799;877
7638;Lago do lodo;465;1014;997
7639;A Guerra Pela Uber;410;872;940
7640;Os segredos que guardamos;355;954;907
7641;A Guerra Pela Uber;300;896;1038
7642;M, o Filho do Século;420;889;1023
7643;M, o Filho do Século;400;901;1211
7644;Recursão;371;920;928
7645;Inexplicável Amor;461;967;978
7646;Os segredos que guardamos;358;871;1042
7647;Oblivion Song: Entre Dois Mundos;377;847;1052
7648;No Meu Sonho Te Amei;457;996;1230
7649;Não se humilha, não;400;993;1073
7650;Recursão;397;943;1186
7651;Cidade nas Trevas;450;896;1194
7652;M, o Filho do Século;401;881;894
7653;Oblivion Song: Entre Dois Mundos;374;884;929
7654;Black Sabbath: Biografia ilustrada;600;1129;951
7655;Cidade nas Trevas;344;884;950
7656;Antologia Fantástica Biblioteca;485;1083;1090
7657;Recursão;491;939;1083
7658;O Dom da História;486;894;1262
7659;Orçamento sem falhas;461;945;1154
7660;Oblivion Song: Entre Dois Mundos;416;881;1116
7661;A Guerra Pela Uber;406;922;856
7662;Fergus Voador;417;1116;1093
7663;M, o Filho do Século;334;937;1122
7664;Orçamento sem falhas;389;925;1100
7665;M, o Filho do Século;362;841;890
7666;M, o Filho do Século;391;891;902
7667;Larga Quem Não Te Agarra;705;1070;1071
7668;Baby Shark!;385;1128;1041
7669;Os segredos que guardamos;305;945;1021
7670;Baby Shark!;381;1008;953
7671;Minha Sombria Vanessa;313;1088;1443
7672;Não se humilha, não;320;781;1217
7673;Cidade nas Trevas;334;1442;1019
7674;Oblivion Song: Entre Dois Mundos;528;849;967
7675;Não se humilha, não;306;843;1942
7676;Os segredos que guardamos;380;992;856
7677;Os segredos que guardamos;337;1022;1069
7678;Não se humilha, não;312;892;981
7679;Vendedor Fora de Série;430;1647;910
7680;Cidade nas Trevas;400;913;1012
7681;M, o Filho do Século;367;754;874
7682;A Guerra Pela Uber;341;942;1044
7683;Minha Sombria Vanessa;353;908;765
7684;Oblivion Song: Entre Dois Mundos;481;922;880
7685;Não se humilha, não;485;1052;1007
7686;Minha Sombria Vanessa;368;905;846
7687;Recursão;370;958;980
7688;As Irmãs Esquisitas;471;1265;993
7689;Carlos Diegues;542;928;1149
7690;Cidade nas Trevas;555;964;1038
7691;Como Eu Era Antes de Você;456;941;1004
7692;Os segredos que guardamos;390;1003;815
7693;Não se humilha, não;425;1383;800
7694;Oblivion Song: Entre Dois Mundos;400;1025;966
7695;0 fator ego;756;7415;8398
7696;Orçamento sem falhas;625;1397;976
7697;Minha Sombria Vanessa;393;1003;805
7698;A força invisivel - 365 maneiras de incorporar o poder da intenção à sua vida;432;1138;968
7699;Oblivion Song: Entre Dois Mundos;307;851;826
7700;Os segredos que guardamos;391;905;1012
7701;Recursão;368;809;798
7702;Os segredos que guardamos;377;890;1254
7703;O Rei Fugitivo;437;969;1029
7704;A paixão de Maria Madalena;471;983;1076
7705;De Bem com a Vida;457;1087;1516
7706;Orçamento sem falhas;376;924;992
7707;Oblivion Song: Entre Dois Mundos;392;870;894
7708;Não se humilha, não;337;929;864
7709;Oblivion Song: Entre Dois Mundos;388;954;811
7710;75 Hábitos dos casais felizes;478;1257;1076
7711;Minha Sombria Vanessa;584;943;835
7712;Os segredos que guardamos;401;943;987
7713;M, o Filho do Século;378;852;845
7714;Não se humilha, não;377;913;3472
7715;O Jogo da Mentira;667;1190;1053
7716;Os segredos que guardamos;456;890;1013
7717;M, o Filho do Século;507;1036;933
7718;Os segredos que guardamos;391;952;1489
7719;Minha Sombria Vanessa;399;931;915
7720;Orçamento sem falhas;383;1059;1062
7721;Minha Sombria Vanessa;385;918;839
7722;MUNDO DE DOWNTON ABBEY, O;422;1183;1439
7723;Os segredos que guardamos;385;895;911
7724;M, o Filho do Século;309;1032;1097
7725;Os segredos que guardamos;564;1038;1415
7726;Orçamento sem falhas;976;1081;1280
7727;O Processo;513;1196;1797
7728;Recursão;567;1026;1255
7729;Diário;480;1300;1433
7730;Baby Shark!;400;1040;1482
7731;Orçamento sem falhas;431;1042;1464
7732;Baby Shark!;390;1024;1028
7733;Orçamento sem falhas;371;1004;1125
7734;Os segredos que guardamos;335;919;950
7735;M, o Filho do Século;360;948;913
7736;Cidade nas Trevas;383;975;822
7737;Cidade nas Trevas;357;1919;1071
7738;Cemitério de navios;504;1077;1186
7739;Os segredos que guardamos;571;1073;990
7740;Não se humilha, não;380;1016;801
7741;Os segredos que guardamos;395;1009;992
7742;Minha Sombria Vanessa;397;871;1064
7743;A Guerra Pela Uber;369;1834;1208
7744;Baby Shark!;397;1012;987
7745;A Guerra Pela Uber;1118;879;809
7746;Orçamento sem falhas;355;961;1848
7747;Cidade nas Trevas;375;924;997
7748;Orçamento sem falhas;368;862;944
7749;Serafina e a Capa Preta;485;971;1442
7750;Cidade nas Trevas;311;931;1702
7751;Baby Shark!;469;1017;1509
7752;Oblivion Song: Entre Dois Mundos;336;877;1003
7753;Oblivion Song: Entre Dois Mundos;380;1036;844
7754;A Guerra Pela Uber;394;875;1154
7755;Oblivion Song: Entre Dois Mundos;394;881;1101
7756;A Guerra Pela Uber;538;948;1459
7757;Não se humilha, não;333;880;854
7758;Os segredos que guardamos;374;968;806
7759;Não se humilha, não;353;770;1099
7760;Oblivion Song: Entre Dois Mundos;383;880;1675
7761;A Guerra Pela Uber;388;915;851
7762;M, o Filho do Século;368;821;863
7763;Recursão;396;877;1017
7764;Os segredos que guardamos;388;884;1010
7765;Baby Shark!;398;1060;1031
7766;Minha Sombria Vanessa;358;926;1039
7767;Recursão;390;973;926
7768;Oblivion Song: Entre Dois Mundos;357;892;1223
7769;A Guerra Pela Uber;367;909;1276
7770;Baby Shark!;414;960;1282
7771;Minha Sombria Vanessa;370;978;1323
7772;Minha Sombria Vanessa;344;901;1311
7773;Recursão;374;963;1272
7774;Orçamento sem falhas;396;913;1291
7775;Orçamento sem falhas;360;910;1270
7776;Baby Shark!;359;952;1315
7777;Oblivion Song: Entre Dois Mundos;345;912;1291
7778;O poder da Amizade;641;1006;1396
7779;Minha Sombria Vanessa;550;956;1296
7780;Minha Sombria Vanessa;352;803;1274
7781;Cidade nas Trevas;393;890;1372
7782;A Guerra Pela Uber;621;852;1288
7783;Cidade nas Trevas;376;916;1270
7784;Super-Humanos;604;1013;1378
7785;Baby Shark!;392;764;1281
7786;Baby Shark!;354;915;1272
7787;SCRUM: guia prático;442;770;1230
7788;Orçamento sem falhas;356;1008;1322
7789;História da Filosofia Medieval;460;944;993
7790;Cidade nas Trevas;353;959;885
7791;Não se humilha, não;356;1157;1101
7792;Minha Sombria Vanessa;341;1088;1287
7793;Os segredos que guardamos;305;806;860
7794;Orçamento sem falhas;354;1011;1128
7795;O velho e os lobos;432;1246;1083
7796;Recursão;356;1008;932
7797;Não se humilha, não;346;991;963
7798;Oblivion Song: Entre Dois Mundos;352;935;915
7799;Minha Sombria Vanessa;357;1342;2119
7800;Recursão;367;1295;988
7801;Oblivion Song: Entre Dois Mundos;356;1658;946
7802;Recursão;403;934;1025
7803;A Guerra Pela Uber;394;1041;2066
7804;Não se humilha, não;401;955;1055
7805;Não se humilha, não;337;951;839
7806;A Guerra Pela Uber;330;971;881
7807;Indesejadas;359;1663;1218
7808;M, o Filho do Século;366;972;1188
7809;A Guerra Pela Uber;315;980;1301
7810;M, o Filho do Século;356;960;1148
7811;Os segredos que guardamos;394;897;1300
7812;Os segredos que guardamos;375;813;1197
7813;A Viagem do Tigre;456;843;1078
7814;Recursão;392;974;912
7815;O Amor é um Pássaro Vermelho;432;991;871
7816;Orçamento sem falhas;369;987;967
7817;Ponti;489;1083;1109
7818;Baby Shark!;378;682;1023
7819;Baby Shark!;402;752;1135
7820;O Livro dos Monstros;411;981;1032
7821;Os segredos que guardamos;330;911;809
7822;Minha Sombria Vanessa;344;716;1184
7823;M, o Filho do Século;332;741;987
7824;Dexter - A mão esquerda de Deus;431;733;1183
7825;A Guerra Pela Uber;367;621;1048
7826;Orçamento sem falhas;375;612;959
7827;Recursão;375;725;1082
7828;Baby Shark!;341;833;930
7829;A Guerra Pela Uber;337;914;1201
7830;Os segredos que guardamos;379;747;1266
7831;M, o Filho do Século;339;561;1279
7832;Cidade nas Trevas;417;754;1287
7833;A Guerra Pela Uber;240;947;1287
7834;A Guerra Pela Uber;325;948;1276
7835;Baby Shark!;300;1009;1289
7836;Orçamento sem falhas;318;964;1270
7837;Pimentas;478;1111;1447
7838;Cidade nas Trevas;366;962;1356
7839;Harry Potter e a Pedra Filosofal;1739;986;1387
7840;Minha Sombria Vanessa;350;971;1281
7841;Cidade nas Trevas;370;964;1270
7842;M, o Filho do Século;349;814;1964
7843;Oblivion Song: Entre Dois Mundos;359;905;1293
7844;Orçamento sem falhas;397;899;1267
7845;Os segredos que guardamos;388;901;1277
7846;A Guerra Pela Uber;372;1033;2270
7847;Oblivion Song: Entre Dois Mundos;390;1018;1271
7848;Não se humilha, não;322;974;1280
7849;Oblivion Song: Entre Dois Mundos;369;919;1274
7850;As bençãos do outro lado;422;1255;1365
7851;Uma Breve História do Tempo;512;1270;1279
7852;50 clássicos de auto-ajuda;528;1866;1926
7853;Oblivion Song: Entre Dois Mundos;549;910;846
7854;Cidade nas Trevas;421;884;1071
7855;Cidade nas Trevas;381;940;1107
7856;Não se humilha, não;378;982;887
7857;Cidade nas Trevas;337;876;1305
7858;Como Mentir com Estatistica;458;1009;1485
7859;Orçamento sem falhas;378;913;1180
7860;M, o Filho do Século;371;894;1279
7861;Baby Shark!;410;932;1291
7862;Mãe, me conta sua história?;511;1077;1062
7863;Você;534;1153;1229
7864;Oblivion Song: Entre Dois Mundos;332;941;940
7865;Cidade nas Trevas;390;1023;955
7866;Orçamento sem falhas;386;1891;1057
7867;Minha Sombria Vanessa;357;1061;1249
7868;M, o Filho do Século;363;901;947
7869;Cidade nas Trevas;375;985;809
7870;A Guerra Pela Uber;353;968;1171
7871;Os segredos que guardamos;474;839;922
7872;Recursão;371;2094;955
7873;Assassinato no expresso oriente;471;1110;1091
7874;Tudo O Que Restou;464;1058;1427
7875;Os segredos que guardamos;361;1053;945
7876;99 Dias: 1 Complicado Amor de Verão;1040;1847;1744
7877;Cidade nas Trevas;418;966;1155
7878;Cidade nas Trevas;364;1019;1314
7879;Rádio Shangri-lá;456;944;1048
7880;Recursão;386;897;947
7881;As Infernais Máquinas de Desejo do Dr. Hoffman;463;1176;1089
7882;A Guerra Pela Uber;375;848;1036
7883;Hotelles;542;1181;1221
7884;Oblivion Song: Entre Dois Mundos;328;791;1430
7885;Recursão;395;913;1019
7886;A Guerra Pela Uber;332;875;852
7887;Baby Shark!;398;1012;973
7888;Minha Sombria Vanessa;391;1011;1758
7889;Mister Jesus;487;1091;1427
7890;Orçamento sem falhas;415;1076;1021
7891;A melhor história está por vir;557;1066;1326
7892;À Primeira Vista;584;6104;7630
7893;Os segredos que guardamos;594;1154;1118
7894;O Lar da Srta. Peregrine Para Crianças Peculiares;452;1003;1272
7895;Baby Shark!;413;1027;1276
7896;A Guerra Pela Uber;395;949;1278
7897;Orçamento sem falhas;371;942;1175
7898;Entre a Prosa e a Poesia;559;978;1250
7899;M, o Filho do Século;348;859;849
7900;A praça do diamente;477;1040;872
7901;Cidade nas Trevas;341;898;897
7902;Recursão;365;906;801
7903;Solucione Seus Problemas Criativamente - Em Uma Semana;490;1037;1154
7904;Cidade nas Trevas;402;933;850
7905;A Nova Ordem;455;1015;997
7906;Recursão;424;960;816
7907;A Turma de Rockaway;554;1080;1102
7908;Orçamento sem falhas;377;994;1098
7909;Minha Sombria Vanessa;390;896;878
7910;Baby Shark!;382;894;922
7911;Orçamento sem falhas;362;929;887
7912;Oblivion Song: Entre Dois Mundos;365;875;964
7913;Não se humilha, não;353;1168;993
7914;Casamento Quase Perfeito;402;1053;1069
7915;O Alquimista;454;1040;1644
7916;Cidade nas Trevas;351;861;1186
7917;Os segredos que guardamos;358;948;1269
7918;Orçamento sem falhas;351;839;994
7919;Os segredos que guardamos;369;908;754
7920;M, o Filho do Século;355;891;38162
7921;Recursão;376;877;2036
7922;Orçamento sem falhas;367;982;1249
7923;Não se humilha, não;365;914;1232
7924;Oblivion Song: Entre Dois Mundos;358;910;1103
7925;Minha Sombria Vanessa;336;925;1109
7926;Brasil em movimento;417;925;1007
7927;Os segredos que guardamos;388;861;4013
7928;M, o Filho do Século;443;871;1378
7929;M, o Filho do Século;1248;865;908
7930;A Guerra Pela Uber;430;2412;889
7931;Os segredos que guardamos;400;1000;2293
7932;Os amantes iluminados;436;926;984
7933;M, o Filho do Século;360;926;793
7934;Minha Sombria Vanessa;378;978;1108
7935;Orçamento sem falhas;359;960;1322
7936;Os segredos que guardamos;362;1655;991
7937;Recursão;338;932;1225
7938;Boêmios;485;1016;1452
7939;O fator Churchill;448;944;1626
7940;Não se humilha, não;393;1033;821
7941;Os Piores Pirralhos do Mundo;398;1043;944
7942;Oblivion Song: Entre Dois Mundos;362;1024;1026
7943;Os segredos que guardamos;354;859;977
7944;Não se humilha, não;374;872;1329
7945;Orçamento sem falhas;345;977;1230
7946;A Guerra Pela Uber;333;992;967
7947;A Guerra Pela Uber;377;1074;1197
7948;M, o Filho do Século;1225;942;1274
7949;A Guerra Pela Uber;452;823;1308
7950;Minha Sombria Vanessa;379;668;1189
7951;A Guerra Pela Uber;424;832;962
7952;M, o Filho do Século;381;810;1259
7953;M, o Filho do Século;355;913;838
7954;Minha Sombria Vanessa;353;918;1199
7955;M, o Filho do Século;343;977;1003
7956;M, o Filho do Século;364;1042;953
7957;Minha Sombria Vanessa;429;1013;1027
7958;Os segredos que guardamos;384;1036;819
7959;Orçamento sem falhas;367;1126;1005
7960;Pare de Ganhar Mal;529;991;1254
7961;Minha Sombria Vanessa;377;952;977
7962;Não se humilha, não;377;1255;1457
7963;Cidade nas Trevas;401;933;1333
7964;Orçamento sem falhas;354;933;1117
7965;Orçamento sem falhas;360;929;1027
7966;Recursão;372;946;1037
7967;Oblivion Song: Entre Dois Mundos;349;926;1091
7968;Orçamento sem falhas;364;968;1016
7969;Oblivion Song: Entre Dois Mundos;391;915;1301
7970;M, o Filho do Século;358;902;2216
7971;Cidade nas Trevas;361;919;1314
7972;M, o Filho do Século;360;859;1375
7973;Baby Shark!;369;962;1219
7974;Cidade nas Trevas;355;895;1976
7975;Orçamento sem falhas;368;914;1249
7976;Os segredos que guardamos;366;1053;1274
7977;Orçamento sem falhas;390;1000;1251
7978;Não se humilha, não;363;935;901
7979;A Carteira de Meu Tio;428;1090;1638
7980;A Iniciação;441;1066;1384
7981;Baby Shark!;384;1341;1296
7982;Oblivion Song: Entre Dois Mundos;376;945;1409
7983;Baby Shark!;394;962;1318
7984;A Guerra Pela Uber;368;950;1324
7985;Baby Shark!;431;1159;1304
7986;Oblivion Song: Entre Dois Mundos;378;930;1298
7987;Os segredos que guardamos;377;937;1281
7988;Cidade nas Trevas;385;928;1328
7989;Runner;480;1057;1470
7990;Minha Sombria Vanessa;373;937;1440
7991;Recursão;398;1008;1270
7992;A Guerra Pela Uber;386;917;967
7993;Cidade nas Trevas;382;900;1146
7994;O Livro das Meninas Fabulosas;477;1867;1202
7995;A Guerra Pela Uber;342;908;1117
7996;Baby Shark!;373;968;1182
7997;A Guerra Pela Uber;377;943;1186
7998;M, o Filho do Século;399;1005;928
7999;Rosto de Caveira, Os Filhos da Noite e Outros Contos;449;1058;1177
8000;Garota Tempestade;461;2206;1214
8001;A Vida é Um Bilhete Premiado;439;988;1307
8002;Eu sou Charlotte Simmons;79411;1074;1439
8003;M, o Filho do Século;955;942;1270
8004;Orçamento sem falhas;684;989;1270
8005;Baby Shark!;627;940;1305
8006;Não se humilha, não;569;1003;1286
8007;Cidade nas Trevas;588;859;1291
8008;Não se humilha, não;619;1115;1301
8009;M, o Filho do Século;537;1000;1300
8010;Recursão;625;996;1335
8011;M, o Filho do Século;479;928;1266
8012;Não se humilha, não;468;961;1284
8013;Baby Shark!;434;924;2262
8014;Orçamento sem falhas;539;884;1282
8015;Baby Shark!;410;907;1323
8016;Harry Potter e o Enigma do Príncipe;567;933;1421
8017;Não se humilha, não;406;901;2212
8018;Minha Sombria Vanessa;332;1353;1287
8019;Não se humilha, não;383;1000;1275
8020;Cidade nas Trevas;383;1056;1292
8021;Os segredos que guardamos;363;1117;1258
8022;Orçamento sem falhas;368;883;1311
8023;Um pássaro em vôo;478;1053;1367
8024;Como Dizer Adeus em Robô;675;958;1298
8025;A Compacta História do Mundo (Vol. 1);503;1023;1352
8026;Orçamento sem falhas;393;1003;1322
8027;Orçamento sem falhas;349;1078;1305
8028;Cidade nas Trevas;378;919;1305
8029;M, o Filho do Século;354;1060;1290
8030;Cidade nas Trevas;355;896;1341
8031;M, o Filho do Século;352;845;858
8032;O Estaleiro;485;887;1107
8033;O Inverno de Frankie Machine;431;878;1334
8034;Bella Toscana;570;1033;1318
8035;Baby Shark!;403;989;1292
8036;Baby Shark!;529;1000;1167
8037;Minha Sombria Vanessa;382;945;1347
8038;M, o Filho do Século;358;829;978
8039;Baby Shark!;368;954;1187
8040;Julie, Confissões de Uma Drogada de 15 anos;858;1007;1372
8041;Cidade nas Trevas;373;916;1000
8042;A Guerra Pela Uber;373;1015;1157
8043;Não se humilha, não;363;923;1127
8044;Recursão;410;926;1188
8045;Orçamento sem falhas;368;954;1394
8046;Minha Sombria Vanessa;355;967;1392
8047;Os segredos que guardamos;330;875;1502
8048;M, o Filho do Século;354;1071;1260
8049;Os segredos que guardamos;382;982;1123
8050;A Guerra Pela Uber;384;912;1193
8051;Minha Sombria Vanessa;342;1015;1334
8052;A Guerra Pela Uber;388;993;1230
8053;Oblivion Song: Entre Dois Mundos;388;1165;1036
8054;Orçamento sem falhas;353;809;921
8055;Não se humilha, não;377;967;1437
8056;Minha Sombria Vanessa;388;936;1099
8057;Orçamento sem falhas;333;914;1279
8058;Oblivion Song: Entre Dois Mundos;376;1659;988
8059;Um Ganso em Toulouse;613;1127;1552
8060;Cidade nas Trevas;354;968;1111
8061;Minha Sombria Vanessa;354;1755;1164
8062;Baby Shark!;382;980;1235
8063;M, o Filho do Século;360;864;1192
8064;A Guerra Pela Uber;366;1825;1261
8065;Minha Essência;453;1071;1214
8066;Os segredos que guardamos;370;963;889
8067;Orçamento sem falhas;370;908;1224
8068;Baby Shark!;363;1016;1192
8069;Baby Shark!;408;978;1476
8070;Cidade nas Trevas;372;881;1497
8071;Minha Sombria Vanessa;359;927;1285
8072;Baby Shark!;384;969;913
8073;Os segredos que guardamos;378;922;1085
8074;Orçamento sem falhas;431;1021;1201
8075;Dexter Design de um Assassino;476;1187;1340
8076;Orçamento sem falhas;423;950;1187
8077;Recursão;424;1046;1397
8078;Orçamento sem falhas;389;896;1250
8079;Minha Sombria Vanessa;398;990;1242
8080;Encontro na montanha vermelha;496;1081;1467
8081;Cidade nas Trevas;371;822;1166
8082;Os segredos que guardamos;375;760;1292
8083;Os sete pecados da memória;436;1119;1391
8084;Orçamento sem falhas;375;895;1298
8085;Orçamento sem falhas;386;1939;1196
8086;Baby Shark!;394;1253;1112
8087;A caixa de granadilho;427;1202;1242
8088;Cidade nas Trevas;369;1004;1139
8089;M, o Filho do Século;384;819;1009
8090;M, o Filho do Século;362;1027;1091
8091;Emocionário: Diga o que você sente;448;1131;2041
8092;Baby Shark!;396;982;1287
8093;Recursão;413;970;1087
8094;O Abandono da Fé;453;1184;1102
8095;Cidade nas Trevas;380;925;858
8096;Os segredos que guardamos;383;953;835
8097;M, o Filho do Século;367;817;852
8098;Oblivion Song: Entre Dois Mundos;383;892;1649
8099;Minha Sombria Vanessa;332;936;946
8100;Minha Sombria Vanessa;331;1191;1303
8101;Orçamento sem falhas;374;925;1023
8102;Baby Shark!;414;876;2469
8103;Minha Sombria Vanessa;361;830;1122
8104;Os segredos que guardamos;392;982;1238
8105;Oblivion Song: Entre Dois Mundos;358;938;1270
8106;Os segredos que guardamos;366;1113;1112
8107;Minha Sombria Vanessa;400;969;1025
8108;Cinquenta Tons de Liberdade;437;959;1238
8109;Os segredos que guardamos;378;1046;1412
8110;M, o Filho do Século;382;1018;1303
8111;A Guerra Pela Uber;380;1069;1165
8112;Desculpa, Quero Me Casar Contigo;416;1144;1111
8113;Não se humilha, não;408;933;1085
8114;Baby Shark!;403;1008;837
8115;M, o Filho do Século;376;963;971
8116;Os devoradores de giz;477;949;1201
8117;A Guerra Pela Uber;386;962;1146
8118;Baby Shark!;375;1010;1249
8119;Os segredos que guardamos;374;946;1194
8120;Recursão;374;936;1272
8121;Oblivion Song: Entre Dois Mundos;394;993;1242
8122;Cidade nas Trevas;365;1557;1119
8123;Cidade nas Trevas;387;1570;1216
8124;Orçamento sem falhas;375;918;1224
8125;Transtorno do Déficit de Atenção;491;979;1541
8126;Não se humilha, não;377;955;1170
8127;E Viveram Felizes Para Sempre;561;1041;1591
8128;Não se humilha, não;376;1609;12179
8129;Recursão;417;750;5492
8130;Não se humilha, não;382;817;415
8131;Os segredos que guardamos;413;886;250
8132;Orçamento sem falhas;357;894;228
8133;Cidade nas Trevas;361;961;216
8134;Os segredos que guardamos;2668;1081;212
8135;Minha Sombria Vanessa;428;960;202
8136;Os segredos que guardamos;436;983;210
8137;O carrasco do amor;473;1093;307
8138;Caderno Podrão do Bolinha e do Bolão;440;1239;335
8139;Oblivion Song: Entre Dois Mundos;383;817;190
8140;Cidade nas Trevas;390;977;224
8141;M, o Filho do Século;401;904;203
8142;Os segredos que guardamos;385;912;200
8143;Não se humilha, não;412;930;212
8144;Os segredos que guardamos;433;940;199
8145;A Maldição do Titã;448;1055;377
8146;Não se humilha, não;380;949;248
8147;Super Heróis Prontos Para Rockear;553;895;296
8148;Orçamento sem falhas;391;786;243
8149;Orçamento sem falhas;367;945;208
8150;Os segredos que guardamos;375;848;209
8151;Os segredos que guardamos;371;835;212
8152;Oblivion Song: Entre Dois Mundos;349;845;206
8153;Recursão;1578;997;202
8154;Recursão;462;923;210
8155;Baby Shark!;428;949;203
8156;Orçamento sem falhas;371;766;200
8157;Cidade nas Trevas;410;759;198
8158;Orçamento sem falhas;371;866;204
8159;Orçamento sem falhas;403;862;217
8160;MENINA, DESLIGA O CELULAR!;451;1017;307
8161;A Guerra Pela Uber;358;794;232
8162;Oblivion Song: Entre Dois Mundos;378;850;212
8163;A coragem de ser imperfeito;553;928;310
8164;O Alquimista;498;1002;500
8165;O Diário de Suzana Para Nicolas;449;956;369
8166;O Teorema Katherine;468;1090;295
8167;Os segredos que guardamos;365;920;215
8168;Não se humilha, não;363;810;212
8169;O Ataque dos Macacos;444;973;219
8170;Recursão;394;849;221
8171;Aprenda a Se Motivar Para Triunfar em Uma Semana;462;960;224
8172;No Limiar das Colinas Sombrias;438;1060;202
8173;A Guerra Pela Uber;420;1145;199
8174;Cidade nas Trevas;373;899;209
8175;Os segredos que guardamos;390;1019;209
8176;M, o Filho do Século;368;936;211
8177;Baby Shark!;410;947;205
8178;Minha Sombria Vanessa;401;994;209
8179;G.;623;1216;235
8180;M, o Filho do Século;527;942;207
8181;O Caminho de Casa;487;1113;315
8182;Recursão;406;971;268
8183;Recursão;387;942;214
8184;Oblivion Song: Entre Dois Mundos;344;789;253
8185;Recursão;413;954;196
8186;Minha Sombria Vanessa;350;1533;216
8187;Cidade nas Trevas;364;891;213
8188;Recursão;392;923;198
8189;Cidade nas Trevas;376;969;200
8190;Baby Shark!;406;1129;202
8191;Cidade nas Trevas;380;888;191
8192;Oblivion Song: Entre Dois Mundos;416;2148;348
8193;Os segredos que guardamos;368;938;218
8194;Os segredos que guardamos;356;880;199
8195;A Guerra Pela Uber;372;1002;210
8196;Os segredos que guardamos;346;925;219
8197;Baby Shark!;388;852;205
8198;Os segredos que guardamos;385;911;212
8199;Dançando Pelada;468;1060;357
8200;A Caixa de Midas;447;1154;353
8201;Oblivion Song: Entre Dois Mundos;362;961;213
8202;Baby Shark!;397;944;212
8203;Orçamento sem falhas;397;953;200
8204;Orçamento sem falhas;370;1169;208
8205;Não se humilha, não;391;969;238
8206;Trabalhar com você está me matando;565;1041;214
8207;A economia das crises;491;995;217
8208;Baby Shark!;396;1021;208
8209;Baby Shark!;373;928;215
8210;A Ceia Secreta;459;1073;400
8211;Minha Sombria Vanessa;378;1009;207
8212;Não se humilha, não;390;974;204
8213;Não se humilha, não;358;964;211
8214;Minha Sombria Vanessa;359;982;206
8215;Veronika Decide Morrer;489;1183;216
8216;Cidade nas Trevas;365;946;217
8217;Os segredos que guardamos;322;924;193
8218;M, o Filho do Século;322;941;213
8219;M, o Filho do Século;315;901;199
8220;Recursão;340;1033;197
8221;Bandoleiros;474;1028;214
8222;A Guerra Pela Uber;356;871;198
8223;A Princesa de Gelo;447;1035;587
8224;Recursão;410;988;211
8225;O Oitavo Dia;483;1059;593
8226;Cidade nas Trevas;380;878;216
8227;Cidade nas Trevas;386;909;238
8228;Baby Shark!;385;976;189
8229;Oblivion Song: Entre Dois Mundos;393;985;227
8230;M, o Filho do Século;373;968;203
8231;A Guerra Pela Uber;377;953;212
8232;Baby Shark!;346;1034;277
8233;Orçamento sem falhas;383;998;205
8234;Oblivion Song: Entre Dois Mundos;361;995;230
8235;1001 Discos Para Ouvir Antes de Morrer;775;4221;1580
8236;Os segredos que guardamos;656;918;292
8237;As surpresas do Pequeno Nicolau;500;1116;377
8238;Cidade nas Trevas;394;904;222
8239;Minha Sombria Vanessa;366;887;242
8240;Orçamento sem falhas;385;899;196
8241;No Mundo Da Luna;512;1013;307
8242;A Guerra Pela Uber;414;907;222
8243;A Guerra Pela Uber;431;922;216
8244;M, o Filho do Século;317;1000;225
8245;O Feminino e O Sagrado;505;1101;364
8246;Orçamento sem falhas;377;724;207
8247;Cidade nas Trevas;382;829;220
8248;Começar de Novo;461;1055;442
8249;Não se humilha, não;414;991;217
8250;Não se humilha, não;379;1920;230
8251;Cidade nas Trevas;405;945;206
8252;M, o Filho do Século;362;901;198
8253;Minha Sombria Vanessa;324;917;210
8254;Orçamento sem falhas;338;869;209
8255;Cidade nas Trevas;319;881;212
8256;M, o Filho do Século;389;1717;214
8257;Orçamento sem falhas;343;1021;207
8258;Uma Herdeira Apaixonada;450;1026;389
8259;Recursão;370;1063;266
8260;A Guerra Pela Uber;372;985;220
8261;Não se humilha, não;401;948;217
8262;Minha Sombria Vanessa;369;973;205
8263;Os segredos que guardamos;413;955;218
8264;Tasty. As Melhores Receitas;459;957;213
8265;Baby Shark!;385;1083;227
8266;Baby Shark!;376;919;212
8267;Oblivion Song: Entre Dois Mundos;392;934;198
8268;M, o Filho do Século;402;951;192
8269;Baby Shark!;378;973;213
8270;Orçamento sem falhas;344;953;201
8271;Recursão;323;852;210
8272;A Guerra Pela Uber;272;872;204
8273;M, o Filho do Século;367;823;211
8274;Baby Shark!;387;928;216
8275;Orçamento sem falhas;370;873;200
8276;Não se humilha, não;333;954;209
8277;Contos de humor;563;1239;510
8278;Marketing e Marketeam;442;1063;264
8279;Recursão;385;892;224
8280;Herdeira do Fogo;596;1003;222
8281;A Guerra Pela Uber;348;943;213
8282;Ponti;529;1095;226
8283;Os segredos que guardamos;377;885;211
8284;M, o Filho do Século;366;914;202
8285;Não se humilha, não;412;811;217
8286;Cidade nas Trevas;363;918;194
8287;A Guerra Pela Uber;344;995;305
8288;Baby Shark!;356;963;218
8289;Cidade nas Trevas;352;935;204
8290;Oblivion Song: Entre Dois Mundos;375;723;194
8291;Os segredos que guardamos;353;850;187
8292;Cidade nas Trevas;358;996;207
8293;Garça;519;998;345
8294;Minha Sombria Vanessa;344;1000;252
8295;Orçamento sem falhas;311;993;195
8296;A Guerra Pela Uber;351;901;209
8297;Orçamento sem falhas;337;902;202
8298;Minha Sombria Vanessa;375;992;187
8299;M, o Filho do Século;369;1101;203
8300;A Guerra Pela Uber;436;816;201
8301;Cidade nas Trevas;334;942;196
8302;Cidade nas Trevas;335;974;207
8303;Orçamento sem falhas;415;907;202
8304;Cidade nas Trevas;330;913;209
8305;A Ladeira da Memória;439;1000;211
8306;Os segredos que guardamos;374;1013;206
8307;Minha Sombria Vanessa;327;934;222
8308;Os segredos que guardamos;352;853;196
8309;MARIDOS E MULHERES;431;1148;224
8310;Baby Shark!;355;933;214
8311;Crimes de Guerra;389;1053;232
8312;Orçamento sem falhas;340;936;205
8313;Recursão;413;853;199
8314;Não se humilha, não;327;1626;213
8315;Recursão;359;1015;199
8316;Cidade nas Trevas;361;936;214
8317;Não se humilha, não;355;1107;211
8318;A Bela e a Fera (Pocket);521;950;276
8319;M, o Filho do Século;428;911;209
8320;Recursão;383;1979;195
8321;Recursão;383;905;202
8322;M, o Filho do Século;364;1065;200
8323;A Hospedeira;497;1023;212
8324;M, o Filho do Século;347;960;208
8325;Mago, Mestre;511;1028;204
8326;Não se humilha, não;374;875;219
8327;O balão amarelo;467;1035;207
8328;Baby Shark!;317;934;201
8329;Baby Shark!;387;1054;206
8330;Oblivion Song: Entre Dois Mundos;289;936;217
8331;Oblivion Song: Entre Dois Mundos;243;903;208
8332;Oblivion Song: Entre Dois Mundos;254;951;204
8333;Cidade nas Trevas;304;925;200
8334;Recursão;368;911;213
8335;M, o Filho do Século;294;886;214
8336;Washington D. C.;359;1003;212
8337;Orçamento sem falhas;259;847;206
8338;História das invenções;971;972;216
8339;Não se humilha, não;280;875;193
8340;Gog Magog;425;967;209
8341;Minha Sombria Vanessa;331;899;210
8342;Baby Shark!;287;855;193
8343;Não se humilha, não;254;850;193
8344;Orçamento sem falhas;251;850;200
8345;Baby Shark!;311;922;197
8346;A Guerra Pela Uber;247;951;245
8347;A Guerra Pela Uber;294;871;214
8348;Minha Sombria Vanessa;270;856;226
8349;Baby Shark!;352;1118;201
8350;Harry Potter e a Câmara Secreta;571;954;222
8351;Recursão;342;837;209
8352;Os segredos que guardamos;365;907;204
8353;O Caminho Para Woodbury;523;999;281
8354;M, o Filho do Século;270;855;215
8355;Os segredos que guardamos;256;817;204
8356;Minha Sombria Vanessa;291;817;218
8357;Oblivion Song: Entre Dois Mundos;1149;817;206
8358;Os segredos que guardamos;449;714;209
8359;Baby Shark!;396;705;200
8360;Inspeção;530;834;222
8361;A Guerra Pela Uber;341;751;195
8362;Os segredos que guardamos;335;831;206
8363;A Guerra Pela Uber;346;864;209
8364;Como fazer o amor dar certo;390;724;206
8365;Cidade nas Trevas;247;620;195
8366;Orçamento sem falhas;323;771;207
8367;M, o Filho do Século;244;817;205
8368;M, o Filho do Século;233;902;215
8369;Recursão;268;828;205
8370;O Ônibus Mágico;388;760;214
8371;Minha Sombria Vanessa;237;651;206
8372;A Burrice do Demônio;395;871;341
8373;Cidade nas Trevas;259;747;198
8374;Não se humilha, não;263;801;213
8375;Os segredos que guardamos;265;823;221
8376;Recursão;268;944;214
8377;Cidade nas Trevas;268;787;209
8378;Os segredos que guardamos;282;1615;185
8379;Orçamento sem falhas;244;922;207
8380;O Inocente;478;922;352
8381;Baby Shark!;263;901;196
8382;M, o Filho do Século;281;981;208
8383;Minha Sombria Vanessa;263;878;200
8384;O horror bate à porta;363;1875;233
8385;O Sonho de Talitha;314;1179;308
8386;A Guerra Pela Uber;224;866;219
8387;Inocência;405;1029;205
8388;A Guerra Pela Uber;256;962;210
8389;Os segredos que guardamos;323;853;218
8390;M, o Filho do Século;313;898;221
8391;Tempo de Luz;367;1238;211
8392;Os segredos que guardamos;272;1000;228
8393;Aula do Além;490;1164;451
8394;Lição de Morte;398;1049;226
8395;Os segredos que guardamos;268;979;240
8396;O Monge Que Vendeu Sua Ferrari;359;914;365
8397;Não se humilha, não;256;957;203
8398;Cress;495;1124;288
8399;Baby Shark!;400;906;220
8400;Baby Shark!;367;867;202
8401;A Guerra Pela Uber;329;913;208
8402;M, o Filho do Século;282;959;206
8403;M, o Filho do Século;363;988;190
8404;M, o Filho do Século;359;939;219
8405;Recursão;413;1008;204
8406;Orçamento sem falhas;366;867;202
8407;Cidade nas Trevas;364;985;200
8408;Box Saga Crepúsculo;514;1016;328
8409;Desenvolva a Sua Capacidade de Liderança;459;1040;295
8410;Baby Shark!;331;1040;205
8411;M, o Filho do Século;302;885;207
8412;Cidade nas Trevas;256;885;212
8413;Oblivion Song: Entre Dois Mundos;269;999;209
8414;Orçamento sem falhas;322;998;205
8415;Histórias da Bíblia Que Se Desdobram à Sua Frente;409;938;428
8416;Oblivion Song: Entre Dois Mundos;312;953;209
8417;Oblivion Song: Entre Dois Mundos;250;1001;211
8418;Orçamento sem falhas;304;914;208
8419;Orçamento sem falhas;299;932;207
8420;A Guerra Pela Uber;352;927;210
8421;Recursão;326;960;204
8422;Oblivion Song: Entre Dois Mundos;232;924;195
8423;Não se humilha, não;267;903;205
8424;M, o Filho do Século;378;907;206
8425;Recursão;270;963;209
8426;Os segredos que guardamos;311;916;198
8427;Orçamento sem falhas;305;921;201
8428;Minha Sombria Vanessa;248;916;207
8429;Recursão;271;853;302
8430;Orçamento sem falhas;275;841;198
8431;Não se humilha, não;311;896;203
8432;Oblivion Song: Entre Dois Mundos;327;896;212
8433;Dupla cilada para Cross;403;1015;288
8434;Como Escrever Diálogos;392;932;228
8435;Orçamento sem falhas;470;914;223
8436;A Guerra Pela Uber;257;906;207
8437;Os segredos que guardamos;302;897;210
8438;M, o Filho do Século;294;856;206
8439;A Guerra Pela Uber;308;923;213
8440;A Guerra Pela Uber;305;888;213
8441;Livro Perdido;393;1073;226
8442;Prova de fogo;416;2058;216
8443;Orçamento sem falhas;268;910;212
8444;Cidade nas Trevas;338;865;206
8445;Este livro não vai te deixar rico;409;961;206
8446;M, o Filho do Século;314;845;191
8447;A Guerra Pela Uber;280;948;200
8448;Não se humilha, não;231;1643;203
8449;Maximum Bob;413;1081;348
8450;A Guerra Pela Uber;276;927;212
8451;Baby Shark!;299;966;208
8452;Oblivion Song: Entre Dois Mundos;313;1007;203
8453;Cidade nas Trevas;286;991;212
8454;Beijos Infernais (Kisses from hell);463;929;226
8455;A Guerra Pela Uber;326;940;193
8456;A Guerra Pela Uber;352;978;204
8457;Recursão;406;1102;217
8458;Orçamento sem falhas;351;1000;198
8459;Minha Sombria Vanessa;367;1042;205
8460;O perfume da folha de limão;428;1021;295
8461;Não se humilha, não;347;1040;217
8462;Orçamento sem falhas;362;919;210
8463;Minha Sombria Vanessa;344;871;201
8464;A Guerra Pela Uber;378;934;204
8465;Oblivion Song: Entre Dois Mundos;381;904;202
8466;A guardiã do portal;451;969;299
8467;Recursão;393;922;199
8468;Recursão;358;890;210
8469;Olha para o céu, Frederico!;444;997;223
8470;Orçamento sem falhas;364;922;204
8471;A Idade Decisiva;491;973;228
8472;Fãs do impossível;466;959;213
8473;Orçamento sem falhas;326;910;214
8474;Baby Shark!;337;1129;208
8475;M, o Filho do Século;332;895;220
8476;M, o Filho do Século;348;873;210
8477;Cidade nas Trevas;351;937;223
8478;Recursão;360;892;209
8479;Não se humilha, não;373;897;202
8480;As Aventuras de Pinóquio;475;949;212
8481;A Guerra Pela Uber;325;920;202
8482;Recursão;338;968;206
8483;A Princesa de Gelo;358;882;223
8484;Numa grande enrascada;443;1031;208
8485;Baby Shark!;417;955;207
8486;M, o Filho do Século;309;912;209
8487;M, o Filho do Século;325;894;206
8488;Os segredos que guardamos;355;967;202
8489;Não se humilha, não;353;914;202
8490;Cidade nas Trevas;315;957;206
8491;A Guerra Pela Uber;337;1105;203
8492;Baby Shark!;343;1009;198
8493;Oblivion Song: Entre Dois Mundos;353;959;196
8494;M, o Filho do Século;308;1047;217
8495;Sonhos em Flor;440;1086;202
8496;Recursão;405;986;208
8497;Os segredos que guardamos;381;992;203
8498;Minha Sombria Vanessa;363;953;204
8499;Recursão;354;967;197
8500;Os segredos que guardamos;326;980;227
8501;Para Que o Amor Aconteça - Deixe As Ilusões de Lado e Transforme a Sua Vida Afetiva;519;1533;301
8502;Minha Sombria Vanessa;339;971;202
8503;Os segredos que guardamos;328;921;203
8504;Os segredos que guardamos;352;895;192
8505;Minha Sombria Vanessa;323;900;200
8506;Uma voz vinda de outro lugar;444;1837;210
8507;Não se humilha, não;321;964;207
8508;Recursão;397;912;224
8509;O Príncipe da Neblina;502;1043;208
8510;O Seu Primeiro Milhão;448;1092;298
8511;M, o Filho do Século;396;910;218
8512;Baby Shark!;384;1942;215
8513;Baby Shark!;348;905;204
8514;Os segredos que guardamos;336;917;216
8515;Não se humilha, não;326;1010;197
8516;Não se humilha, não;359;846;215
8517;Recursão;360;962;197
8518;M, o Filho do Século;374;987;218
8519;Os segredos que guardamos;316;985;206
8520;Cidade nas Trevas;363;943;206
8521;Os segredos que guardamos;388;857;213
8522;Os segredos que guardamos;403;908;201
8523;O falcão-peregrino;354;887;224
8524;M, o Filho do Século;297;898;209
8525;Não se humilha, não;326;1019;199
8526;Cidade nas Trevas;367;853;214
8527;Minha Sombria Vanessa;372;978;205
8528;A Guerra Pela Uber;343;927;204
8529;O Sucesso é Mais Simples do que Você Pensa;330;967;434
8530;Oblivion Song: Entre Dois Mundos;341;922;231
8531;Minha Sombria Vanessa;360;861;207
8532;Não se humilha, não;362;936;211
8533;Oblivion Song: Entre Dois Mundos;357;930;225
8534;Não se humilha, não;379;992;206
8535;Os segredos que guardamos;356;877;210
8536;Além da Magia;483;1081;204
8537;M, o Filho do Século;351;980;231
8538;Orçamento sem falhas;326;961;212
8539;A Breve Segunda Vida de Bree Tanner;396;1067;305
8540;Logia;512;1062;220
8541;Não se humilha, não;373;826;207
8542;Orçamento sem falhas;334;1090;201
8543;Cidade nas Trevas;1009;889;207
8544;Baby Shark!;339;948;214
8545;O despertar do Buda interior;425;1017;317
8546;M, o Filho do Século;360;931;207
8547;Apenas seis números;451;1058;199
8548;Não se humilha, não;374;732;199
8549;Os segredos que guardamos;372;905;202
8550;A Auto-Estima;473;1166;226
8551;O Processo;474;1229;213
8552;O assassino cego;471;1027;361
8553;Orçamento sem falhas;334;879;210
8554;Minha Sombria Vanessa;395;940;205
8555;A Guerra Pela Uber;335;940;201
8556;A Guerra Pela Uber;490;946;196
8557;Recursão;407;902;208
8558;Cidade nas Trevas;376;889;204
8559;Vivienne Westwood;445;991;365
8560;Baby Shark!;700;901;215
8561;Orçamento sem falhas;363;1315;208
8562;Recursão;1073;951;207
8563;M, o Filho do Século;326;860;221
8564;Os segredos que guardamos;332;968;207
8565;A Vida Sexual das Gêmeas Siamesas;569;1014;227
8566;Minha Sombria Vanessa;361;915;208
8567;M, o Filho do Século;369;1040;211
8568;Os segredos que guardamos;390;953;203
8569;Cidade nas Trevas;392;1251;208
8570;Mentira Perfeita;514;1790;216
8571;Orçamento sem falhas;378;1605;205
8572;Cidade nas Trevas;382;1108;210
8573;Same Soul, Many Bodies;476;1529;256
8574;Um planeta em seu giro veloz;429;993;304
8575;Cidade nas Trevas;369;971;213
8576;Rin Tin Tin;517;2279;251
8577;Os segredos que guardamos;380;1092;210
8578;A Guerra Pela Uber;371;1015;199
8579;Minha Sombria Vanessa;411;807;199
8580;Minha Sombria Vanessa;363;1034;206
8581;Não se humilha, não;376;1001;201
8582;A Guerra Pela Uber;358;933;200
8583;Cidade nas Trevas;372;787;219
8584;A Guerra Pela Uber;373;840;220
8585;Orçamento sem falhas;354;869;212
8586;Oblivion Song: Entre Dois Mundos;370;1219;211
8587;Recursão;388;997;204
8588;Termine Este Livro;473;1014;389
8589;Baby Shark!;414;856;206
8590;Love me do;451;1089;221
8591;M, o Filho do Século;337;864;306
8592;Matéria Escura;557;1093;222
8593;M, o Filho do Século;360;960;208
8594;M, o Filho do Século;422;851;212
8595;Cidade nas Trevas;351;963;194
8596;Recursão;378;941;214
8597;Baby Shark!;411;1136;213
8598;Cidade nas Trevas;406;1037;238
8599;Minha Sombria Vanessa;408;1024;201
8600;A Guerra Pela Uber;396;987;238
8601;Oblivion Song: Entre Dois Mundos;357;876;241
8602;Cidade nas Trevas;344;983;225
8603;Minha Sombria Vanessa;391;1010;195
8604;Cidade nas Trevas;398;977;270
8605;Oblivion Song: Entre Dois Mundos;366;885;220
8606;Baby Shark!;437;920;204
8607;A Guerra Pela Uber;364;782;218
8608;Cidade nas Trevas;392;897;207
8609;M, o Filho do Século;339;957;206
8610;O Segredo de Brokeback Mountain;456;1078;220
8611;O homem ideal;546;1048;247
8612;Os segredos que guardamos;355;991;212
8613;A Guerra Pela Uber;410;972;221
8614;M, o Filho do Século;317;866;220
8615;Baby Shark!;343;881;205
8616;Lago dos Sonhos;482;1016;336
8617;Recursão;354;964;205
8618;A Guerra Pela Uber;350;887;366
8619;Não se humilha, não;271;898;209
8620;Não se humilha, não;353;935;204
8621;M, o Filho do Século;510;904;197
8622;Oblivion Song: Entre Dois Mundos;387;964;214
8623;Os segredos que guardamos;380;950;198
8624;Não se humilha, não;323;941;201
8625;Recursão;357;996;217
8626;Recursão;358;941;208
8627;Oblivion Song: Entre Dois Mundos;404;779;222
8628;Minha Sombria Vanessa;359;816;223
8629;Baby Shark!;411;948;215
8630;Cidade nas Trevas;331;942;217
8631;O Guia do Mochileiro das Galáxias;424;1179;289
8632;Orçamento sem falhas;376;799;199
8633;Animais Fantásticos e Onde Habitam - Personagens e Lugares Mágicos;461;1022;352
8634;Cidade nas Trevas;385;1729;218
8635;M, o Filho do Século;281;882;213
8636;Sangue e Ouro;486;1024;202
8637;Maldito Karma;485;1036;227
8638;Minha Sombria Vanessa;401;1043;208
8639;Oblivion Song: Entre Dois Mundos;289;1003;207
8640;Os segredos que guardamos;340;1733;200
8641;A Guerra Pela Uber;346;926;212
8642;Oblivion Song: Entre Dois Mundos;362;905;234
8643;M, o Filho do Século;359;899;293
8644;M, o Filho do Século;406;864;225
8645;Oblivion Song: Entre Dois Mundos;365;811;225
8646;Os segredos que guardamos;403;885;213
8647;Buick 8;568;1139;211
8648;Não se humilha, não;374;877;213
8649;Orçamento sem falhas;458;837;221
8650;A Guerra Pela Uber;394;902;214
8651;Oblivion Song: Entre Dois Mundos;393;868;209
8652;O Falso Mentiroso;471;1098;214
8653;Orçamento sem falhas;420;893;224
8654;Amor Para Sempre;453;984;223
8655;Os segredos que guardamos;314;975;218
8656;Os segredos que guardamos;410;965;216
8657;Não se humilha, não;399;853;200
8658;Pecar e Perdoar;470;1178;394
8659;Baby Shark!;412;1013;203
8660;GAROTAPOP.COM;505;1191;202
8661;A Guerra Pela Uber;391;872;218
8662;Oblivion Song: Entre Dois Mundos;426;1092;209
8663;Recursão;375;1006;210
8664;Recursão;444;831;201
8665;Orçamento sem falhas;437;963;210
8666;Os segredos que guardamos;359;762;203
8667;Recursão;406;1026;204
8668;O Melhor Amigo do Inimigo;524;1034;200
8669;Minha Sombria Vanessa;398;831;196
8670;Minha Sombria Vanessa;300;995;218
8671;A Guerra Pela Uber;424;906;208
8672;Baby Shark!;399;946;190
8673;Orçamento sem falhas;404;23565;210
8674;Um drink no inferno;489;2056;210
8675;Recursão;334;1109;197
8676;Cidade nas Trevas;380;1043;215
8677;Cidade nas Trevas;318;999;204
8678;Cidade nas Trevas;366;971;218
8679;Os segredos que guardamos;389;937;202
8680;Minha Sombria Vanessa;368;890;199
8681;Minha Sombria Vanessa;418;895;209
8682;Orçamento sem falhas;374;865;200
8683;A Guerra Pela Uber;441;886;201
8684;Os segredos que guardamos;458;872;186
8685;O coração às vezes para de bater;427;1025;228
8686;Mundo Sem Fim;472;1072;222
8687;Não se humilha, não;362;938;212
8688;Não se humilha, não;367;878;206
8689;M, o Filho do Século;334;884;200
8690;Cidade nas Trevas;409;872;223
8691;M, o Filho do Século;429;901;216
8692;M, o Filho do Século;356;907;209
8693;M, o Filho do Século;394;860;209
8694;Não se humilha, não;292;827;211
8695;Não se humilha, não;361;876;195
8696;Os segredos que guardamos;430;865;204
8697;Baby Shark!;400;1029;193
8698;Eu Posso Fazer Você Feliz;447;3208;306
8699;Não se humilha, não;379;1020;211
8700;Recursão;408;1026;206
8701;Não se humilha, não;330;993;217
8702;Cidade nas Trevas;404;924;222
8703;Não se humilha, não;383;950;223
8704;A Geração da Utopia;575;2110;222
8705;Minha Sombria Vanessa;360;1082;193
8706;Crônicas do Grande Bordel;524;1276;242
8707;Oblivion Song: Entre Dois Mundos;370;972;212
8708;Não se humilha, não;353;924;202
8709;Não se humilha, não;302;941;199
8710;Cidade nas Trevas;377;1023;212
8711;Baby Shark!;416;951;203
8712;Minha Sombria Vanessa;408;889;203
8713;Baby Shark!;358;909;210
8714;Orçamento sem falhas;490;900;202
8715;A Guerra Pela Uber;371;1101;189
8716;Não se humilha, não;351;943;208
8717;A Guerra Pela Uber;1317;853;204
8718;Não se humilha, não;352;901;215
8719;Recursão;339;1008;203
8720;Recursão;374;918;208
8721;Orçamento sem falhas;308;924;195
8722;A Menina que Roubava Livros;388;1023;223
8723;Oblivion Song: Entre Dois Mundos;353;835;300
8724;Cidade nas Trevas;356;875;200
8725;Recursão;365;1314;216
8726;Baby Shark!;409;958;218
8727;Oblivion Song: Entre Dois Mundos;362;967;219
8728;Oblivion Song: Entre Dois Mundos;387;910;195
8729;M, o Filho do Século;382;988;220
8730;Não se humilha, não;374;930;202
8731;Não se humilha, não;373;934;208
8732;Oblivion Song: Entre Dois Mundos;354;979;201
8733;Não se humilha, não;296;960;197
8734;O Experimento da Intenção;455;1009;220
8735;Minha Sombria Vanessa;381;913;201
8736;M, o Filho do Século;371;899;208
8737;M, o Filho do Século;397;995;211
8738;Senhor das Sombras;507;1012;226
8739;Oblivion Song: Entre Dois Mundos;393;979;215
8740;Orçamento sem falhas;374;918;213
8741;Recursão;340;859;196
8742;Baby Shark!;288;580;198
8743;A Guerra Pela Uber;366;647;225
8744;O Círculo Matarese;581;819;406
8745;Orçamento sem falhas;431;764;202
8746;Os segredos que guardamos;311;794;204
8747;A Guerra Pela Uber;1020;638;210
8748;Cidade nas Trevas;397;875;209
8749;Cidade nas Trevas;382;953;214
8750;A Guerra Pela Uber;353;914;221
8751;Mar de Rosas;484;1035;237
8752;Longa e Sombria Hora do Chá da Alma;451;993;305
8753;Prata, Terra & Lua Cheia;415;928;223
8754;Não se humilha, não;351;926;207
8755;Não se humilha, não;390;910;205
8756;A Guerra Pela Uber;348;997;218
8757;Os segredos que guardamos;364;969;211
8758;Oblivion Song: Entre Dois Mundos;383;912;201
8759;M, o Filho do Século;349;886;208
8760;Não se humilha, não;332;848;201
8761;Harry Potter e as Relíquias da Morte;459;1006;211
8762;Minha Sombria Vanessa;393;1489;217
8763;Não se humilha, não;361;883;198
8764;Orçamento sem falhas;324;996;207
8765;Dúvida Cruel;414;997;212
8766;Os Ratos;454;993;212
8767;Cidade nas Trevas;1331;894;212
8768;Cidade nas Trevas;318;1896;205
8769;Halloween... Que medo;416;1092;215
8770;Uma Tocha na Escuridão;466;942;208
8771;Cidade nas Trevas;329;863;206
8772;M, o Filho do Século;325;867;210
8773;Os segredos que guardamos;338;878;278
8774;Minha Sombria Vanessa;355;924;196
8775;Minha Sombria Vanessa;358;904;226
8776;Orçamento sem falhas;376;1009;204
8777;A Guerra Pela Uber;380;994;183
8778;Amsterdam;426;1303;198
8779;Cidade nas Trevas;354;915;263
8780;Cidade nas Trevas;361;953;176
8781;A Guerra Pela Uber;336;991;183
8782;Cidade nas Trevas;362;1746571;226
8783;A Guerra Pela Uber;375;7257;177
8784;Os segredos que guardamos;368;1211;152
8785;Não se humilha, não;401;1037;145
8786;Os segredos que guardamos;395;991;143
8787;Oblivion Song: Entre Dois Mundos;419;1128;182
8788;Minha Sombria Vanessa;330;1016;170
8789;A Parte do Fogo;415;980;158
8790;A Guerra Pela Uber;379;991;184
8791;Consiga o que você quer;466;1088;256
8792;Baby Shark!;381;1309;183
8793;A Guerra Pela Uber;338;970;174
8794;M, o Filho do Século;385;1028;167
8795;Oblivion Song: Entre Dois Mundos;369;914;166
8796;M, o Filho do Século;385;943;190
8797;Orçamento sem falhas;359;1212;160
8798;Vida de Amy;381;1219;142
8799;A Dieta de Wall Street;477;1005;138
8800;Não se humilha, não;372;976;140
8801;Baby Shark!;363;932;156
8802;A Guerra Pela Uber;366;997;140
8803;50 noites em tons de cinza;802;8892;441
8804;Baby Shark!;569;999;206
8805;Os segredos que guardamos;364;932;201
8806;Recursão;342;990;292
8807;A Guerra Pela Uber;387;986;244
8808;Pescados Vivos;392;1106;344
8809;Os Arquivos Perdidos 5: Os últimos dias de Lorien (Os Legados de Lorien);413;1044;317
8810;Orçamento sem falhas;294;946;186
8811;A Guerra Pela Uber;308;904;184
8812;A Guerra Pela Uber;358;911;231
8813;Cidade nas Trevas;360;996;297
8814;Baby Shark!;344;1059;289
8815;Baby Shark!;349;950;204
8816;Recursão;351;1004;176
8817;M, o Filho do Século;313;1034;153
8818;A Arte da Sedução;563;1077;282
8819;M, o Filho do Século;318;978;204
8820;Como mentir com estatística;415;1021;207
8821;M, o Filho do Século;333;959;199
8822;Orçamento sem falhas;326;955;192
8823;Não se humilha, não;372;941;142
8824;Minha Sombria Vanessa;369;954;145
8825;Cidade nas Trevas;365;886;156
8826;Oblivion Song: Entre Dois Mundos;320;10563;245
8827;Orçamento sem falhas;334;925;283
8828;Os segredos que guardamos;341;938;265
8829;História de Um Pequeno Astronauta;483;1038;314
8830;A Guerra Pela Uber;366;912;201
8831;Domado;509;1284;268
8832;Baby Shark!;388;3711;207
8833;M, o Filho do Século;383;977;217
8834;Baby Shark!;392;938;204
8835;Cidade nas Trevas;267;889;215
8836;M, o Filho do Século;389;922;212
8837;O homem que falava de Otávia de Cádiz;488;998;152
8838;Minha Sombria Vanessa;348;1004;159
8839;Os segredos que guardamos;396;1005;164
8840;Os segredos que guardamos;387;974;204
8841;Não se humilha, não;390;933;174
8842;M, o Filho do Século;367;994;136
8843;Recursão;388;1019;148
8844;A Hora das Bruxas;497;1051;244
8845;Cidade nas Trevas;505;971;218
8846;A Guerra Pela Uber;379;996;211
8847;Os segredos que guardamos;337;908;176
8848;Recursão;346;924;161
8849;Minha Sombria Vanessa;400;927;154
8850;Cidade nas Trevas;338;922;155
8851;Os segredos que guardamos;401;917;174
8852;Minha Sombria Vanessa;382;924;305
8853;A Travessia;486;1036;293
8854;Todo o Dinheiro do Mundo;424;991;154
8855;Recursão;371;989;166
8856;Minha Sombria Vanessa;419;936;148
8857;Orçamento sem falhas;300;928;160
8858;Minha Sombria Vanessa;292;950;219
8859;Os segredos que guardamos;370;922;170
8860;Recursão;323;945;144
8861;Minha Sombria Vanessa;304;938;191
8862;A menina de nome enfeitado;474;996;317
8863;M, o Filho do Século;293;923;324
8864;Puros;498;1185;287
8865;Cidade nas Trevas;348;895;196
8866;A Guerra Pela Uber;376;895;213
8867;Orçamento sem falhas;496;954;204
8868;Oblivion Song: Entre Dois Mundos;340;897;188
8869;Cidade nas Trevas;431;919;203
8870;Os segredos que guardamos;358;877;193
8871;Não se humilha, não;340;968;202
8872;Pingos de sangue no play;639;1114;320
8873;Orçamento sem falhas;351;963;194
8874;Orçamento sem falhas;289;882;195
8875;A Guerra Pela Uber;383;895;201
8876;Minha Sombria Vanessa;261;923;205
8877;Não se humilha, não;324;986;203
8878;Minha Sombria Vanessa;364;955;203
8879;Não se humilha, não;381;926;196
8880;Orçamento sem falhas;425;947;190
8881;Observe-me;525;1032;186
8882;Os segredos que guardamos;379;915;203
8883;Não se humilha, não;377;911;203
8884;Cidade nas Trevas;409;924;214
8885;Recursão;369;993;213
8886;Não se humilha, não;396;931;201
8887;Recursão;397;1027;197
8888;Recursão;401;966;208
8889;Oblivion Song: Entre Dois Mundos;428;892;192
8890;Minha Sombria Vanessa;465;1549;193
8891;Cidade nas Trevas;358;920;193
8892;Não se humilha, não;424;895;199
8893;Minha Sombria Vanessa;393;885;206
8894;A Intérprete;573;1020;193
8895;Recursão;393;908;207
8896;Querido John;483;1954;188
8897;Minha Sombria Vanessa;395;917;166
8898;Baby Shark!;401;1020;148
8899;Baby Shark!;363;929;155
8900;Os segredos que guardamos;400;919;156
8901;Minha Sombria Vanessa;330;912;193
8902;M, o Filho do Século;379;968;190
8903;A Guerra Pela Uber;341;906;202
8904;Cidade nas Trevas;351;914;149
8905;Baby Shark!;397;974;227
8906;Beleza do Corpo na Dinâmica do Envelhecer;599;1023;390
8907;A Guerra Pela Uber;371;1039;272
8908;M, o Filho do Século;372;915;205
8909;Baby Shark!;361;955;186
8910;Baby Shark!;385;939;170
8911;Os segredos que guardamos;368;944;169
8912;Minha Sombria Vanessa;345;915;183
8913;M, o Filho do Século;353;914;167
8914;M, o Filho do Século;356;889;175
8915;Minha Sombria Vanessa;313;910;188
8916;M, o Filho do Século;314;1001;209
8917;Oblivion Song: Entre Dois Mundos;314;897;242
8918;Cidade nas Trevas;360;907;264
8919;Baby Shark!;358;970;261
8920;Orçamento sem falhas;324;1011;277
8921;Você é feliz no seu trabalho?;394;1104;248
8922;M, o Filho do Século;333;979;168
8923;Oblivion Song: Entre Dois Mundos;335;831;191
8924;M, o Filho do Século;355;920;255
8925;Cidade nas Trevas;591;935;285
8926;Não se humilha, não;333;908;260
8927;O Ataque dos Macacos;430;1049;321
8928;Orçamento sem falhas;326;895;269
8929;Baby Shark!;341;1006;269
8930;Recursão;315;1006;267
8931;O Jogador;460;1052;384
8932;Os segredos que guardamos;370;969;166
8933;Nos Seus Olhos / Perdoa;455;1032;283
8934;Cidade nas Trevas;348;893;162
8935;Não se humilha, não;349;913;166
8936;Cidade nas Trevas;328;998;212
8937;Não Chore, Minha Bela;430;987;297
8938;Não se humilha, não;324;913;259
8939;Baby Shark!;332;948;311
8940;Baby Shark!;373;881;252
8941;Minha Sombria Vanessa;318;885;156
8942;Não se esqueça de mim!;456;1059;273
8943;Diários de Stefan - Sede de sangue;608;1025;155
8944;M, o Filho do Século;354;930;144
8945;Orçamento sem falhas;353;963;154
8946;Recursão;377;945;221
8947;Oblivion Song: Entre Dois Mundos;307;913;183
8948;Oblivion Song: Entre Dois Mundos;247;876;153
8949;Ouro Sujo;401;1017;181
8950;O Conquistador;403;1044;198
8951;Não se humilha, não;1508;907;177
8952;Minha Sombria Vanessa;324;998;170
8953;Orçamento sem falhas;281;981;175
8954;Oblivion Song: Entre Dois Mundos;299;1670;174
8955;Recursão;354;907;169
8956;Baby Shark!;301;968;179
8957;Pesadelo em 3-D;447;1061;338
8958;Cidade nas Trevas;301;991;216
8959;Não se humilha, não;278;911;198
8960;Orçamento sem falhas;320;1851;197
8961;Minha Sombria Vanessa;301;928;173
8962;Sangue nas veias;397;1007;180
8963;97 maneiras de fazer seu Cachorro Sorrir;1185;1793;513
8964;Recursão;568;981;223
8965;M, o Filho do Século;413;967;201
8966;Não se humilha, não;422;860;182
8967;Não se humilha, não;384;911;203
8968;Como Eu Era Antes de Você;435;1028;219
8969;Hotelles;486;1139;166
8970;Cidade nas Trevas;1425;846;136
8971;Os segredos que guardamos;375;862;166
8972;A Guerra Pela Uber;380;851;146
8973;Acerto De Contas;438;905;152
8974;Recursão;425;839;163
8975;Baby Shark!;419;932;188
8976;M, o Filho do Século;380;896;144
8977;Os segredos que guardamos;350;951;173
8978;A Guerra Pela Uber;341;954;173
8979;Observe-me;418;947;170
8980;Cidade nas Trevas;382;937;211
8981;Não se humilha, não;400;1012;207
8982;Harry Potter e o Cálice de Fogo;415;1043;176
8983;Oblivion Song: Entre Dois Mundos;397;910;198
8984;Baby Shark!;423;892;155
8985;Não se humilha, não;383;922;141
8986;Não se humilha, não;413;902;203
8987;Os segredos que guardamos;460;875;206
8988;A Guerra Pela Uber;357;962;195
8989;Minha Sombria Vanessa;369;926;180
8990;Baby Shark!;382;948;184
8991;Trinta e Três e 1/3;450;1001;287
8992;Baby Shark!;411;936;170
8993;Não se humilha, não;402;915;139
8994;Oblivion Song: Entre Dois Mundos;385;1033;142
8995;A Guerra Pela Uber;332;871;157
8996;M, o Filho do Século;379;965;147
8997;Corpos em Movimento;525;1166;165
8998;Minha Sombria Vanessa;383;786;280
8999;Baby Shark!;395;962;278
9000;Minha Sombria Vanessa;358;934;274
9001;Degrau por Degrau;629;980;244
9002;A Persuasão Feminina;485;885;215
9003;A Guerra Pela Uber;401;895;205
9004;Orçamento sem falhas;363;913;210
9005;Minha Sombria Vanessa;396;937;215
9006;Espíritos Entre Nós;463;994;208
9007;Cidade nas Trevas;410;920;219
9008;Baby Shark!;376;1014;203
9009;Canto dos malditos;537;1114;279
9010;Orçamento sem falhas;372;912;197
9011;M, o Filho do Século;406;890;218
9012;Minha Sombria Vanessa;384;901;199
9013;Orçamento sem falhas;411;936;197
9014;Não se humilha, não;342;936;203
9015;Não é errado ser feliz;355;1013;298
9016;Minha Sombria Vanessa;325;970;227
9017;Recursão;299;964;272
9018;Rainha de Copas;431;1673;232
9019;A Guerra Pela Uber;340;940;158
9020;Recursão;386;966;202
9021;A Guerra Pela Uber;328;930;226
9022;Os Filhos do Graal;326;995;219
9023;Invictus;422;1097;393
9024;Não se humilha, não;280;2021;163
9025;A Festa de Lorena Queiroz;378;1034;218
9026;Cidade nas Trevas;987;928;155
9027;O Grito Silencioso;472;1084;151
9028;Baby Shark!;402;981;235
9029;Minha Sombria Vanessa;391;868;166
9030;A Guerra Pela Uber;336;1094;155
9031;Cidade nas Trevas;339;1070;143
9032;Não se humilha, não;339;960;161
9033;Orçamento sem falhas;297;1186;255
9034;Oblivion Song: Entre Dois Mundos;337;935;222
9035;Os segredos que guardamos;404;897;168
9036;Não se humilha, não;436;968;164
9037;A Guerra Pela Uber;414;951;153
9038;Trocando os Pés Pelas Mãos;584;1134;234
9039;Orçamento sem falhas;388;854;149
9040;Oblivion Song: Entre Dois Mundos;339;919;200
9041;Os segredos que guardamos;368;848;216
9042;Recursão;432;958;194
9043;M, o Filho do Século;391;944;166
9044;Minha Sombria Vanessa;428;861;156
9045;Orçamento sem falhas;396;1002;410
9046;Private - Suspeito Nº 1;452;1035;509
9047;M, o Filho do Século;390;946;407
9048;A Prisioneira;488;1065;553
9049;Minha Sombria Vanessa;366;1001;445
9050;Não se humilha, não;451;984;495
9051;Não se humilha, não;416;968;148
9052;Minha Sombria Vanessa;392;964;137
9053;Orçamento sem falhas;352;903;160
9054;Pecado Sombrio;414;2357;229
9055;Baby Shark!;419;1168;147
9056;Não se humilha, não;352;890;144
9057;Não se humilha, não;386;963;165
9058;Recursão;410;979;154
9059;Recursão;324;1010;144
9060;M, o Filho do Século;376;964;149
9061;Os segredos que guardamos;384;934;162
9062;Orçamento sem falhas;416;972;180
9063;Oblivion Song: Entre Dois Mundos;395;945;165
9064;M, o Filho do Século;307;856;150
9065;Cidade nas Trevas;361;951;152
9066;A Guerra Pela Uber;355;903;158
9067;Os segredos que guardamos;392;927;156
9068;Os segredos que guardamos;316;920;156
9069;Artemis Fowl: O menino prodígio do crime;492;1150;261
9070;A onda;498;1319;260
9071;Os segredos que guardamos;379;950;204
9072;Recursão;404;933;161
9073;Baby Shark!;386;994;159
9074;A Guerra Pela Uber;326;891;162
9075;Cidade nas Trevas;369;966;165
9076;Baby Shark!;386;1006;140
9077;Para você não se perder no bairro;454;998;157
9078;Recursão;380;833;164
9079;A Guerra Pela Uber;334;876;254
9080;O amuleto de ouro;444;977;169
9081;Baby Shark!;383;907;143
9082;M, o Filho do Século;397;2881;150
9083;Não - Medo Na Empresa E Na Vida;579;1131;144
9084;De Volta a Blackbrick;470;982;152
9085;Meninas Selvagens;478;2387;195
9086;Não se humilha, não;387;1048;150
9087;Recursão;388;1010;145
9088;M, o Filho do Século;376;1974;142
9089;Dias Bárbaros;481;1128;295
9090;Cidade nas Trevas;397;933;151
9091;Cidade nas Trevas;409;915;170
9092;M, o Filho do Século;392;936;308
9093;Não se humilha, não;380;843;233
9094;M, o Filho do Século;386;886;205
9095;Minha Sombria Vanessa;397;876;158
9096;Baby Shark!;385;954;266
9097;O que é Zen ?;523;1029;393
9098;M, o Filho do Século;364;918;162
9099;Cidade nas Trevas;339;934;194
9100;Cidade nas Trevas;300;996;221
9101;A Guerra Pela Uber;348;926;174
9102;Recursão;370;945;178
9103;A Guerra Pela Uber;389;891;173
9104;Baby Shark!;383;915;163
9105;Recursão;401;1053;201
9106;Baby Shark!;397;912;220
9107;Como Controlar as Dores no Corpo;620;983;313
9108;Cavalo de Tróia 5;518;1154;450
9109;Orçamento sem falhas;369;975;163
9110;Não se humilha, não;333;959;173
9111;Não se humilha, não;369;922;178
9112;Cidade nas Trevas;330;928;233
9113;Cidade nas Trevas;357;942;210
9114;Recursão;396;935;173
9115;A Guerra Pela Uber;370;974;173
9116;Oblivion Song: Entre Dois Mundos;350;928;197
9117;Oblivion Song: Entre Dois Mundos;375;899;205
9118;Recursão;418;960;205
9119;Orçamento sem falhas;396;1018;285
9120;Orçamento sem falhas;366;968;174
9121;M, o Filho do Século;397;912;164
9122;Baby Shark!;364;992;217
9123;Orçamento sem falhas;373;914;207
9124;Baby Shark!;372;954;213
9125;M, o Filho do Século;386;930;175
9126;Ordem Vermelha: Filhos da Degradação;489;1033;329
9127;A Guerra Pela Uber;390;954;202
9128;Não se humilha, não;383;942;179
9129;Orçamento sem falhas;384;927;180
9130;Shadows;517;1221;345
9131;Noite Sem Fim;497;1093;307
9132;Rato;482;1042;300
9133;Orçamento sem falhas;365;952;208
9134;M, o Filho do Século;374;813;206
9135;Oblivion Song: Entre Dois Mundos;366;833;221
9136;Minha Sombria Vanessa;377;777;176
9137;Cidade nas Trevas;377;899;186
9138;M, o Filho do Século;372;827;219
9139;Os segredos que guardamos;396;836;202
9140;Oblivion Song: Entre Dois Mundos;398;871;185
9141;Minha Sombria Vanessa;373;853;206
9142;Orçamento sem falhas;386;906;220
9143;Oblivion Song: Entre Dois Mundos;327;883;213
9144;Os segredos que guardamos;345;900;200
9145;M, o Filho do Século;367;978;216
9146;Orçamento sem falhas;310;1494;205
9147;Oblivion Song: Entre Dois Mundos;299;940;220
9148;Oblivion Song: Entre Dois Mundos;287;869;211
9149;A Guerra Pela Uber;267;881;203
9150;Oblivion Song: Entre Dois Mundos;332;898;201
9151;Queimada Viva;478;1084;305
9152;O Brado de Halidon;381;1857;287
9153;M, o Filho do Século;305;981;241
9154;A Arte de Viajar;378;1041;260
9155;Oblivion Song: Entre Dois Mundos;953;881;162
9156;Os segredos que guardamos;364;843;172
9157;Baby Shark!;303;909;177
9158;Oblivion Song: Entre Dois Mundos;238;822;166
9159;Não se humilha, não;238;853;153
9160;M, o Filho do Século;450;862;154
9161;Recursão;263;1011;142
9162;Escola do Medo;394;977;298
9163;A Guerra Pela Uber;255;893;146
9164;Para Sempre;369;989;253
9165;Taylor Swift;412;1060;246
9166;Não se humilha, não;247;998;145
9167;Orçamento sem falhas;234;850;139
9168;Orçamento sem falhas;229;1000;144
9169;Hipnose para Iniciantes;446;1073;250
9170;Baby Shark!;309;923;190
9171;Cidade nas Trevas;388;897;152
9172;Minha Sombria Vanessa;359;978;164
9173;M, o Filho do Século;249;897;161
9174;M, o Filho do Século;226;954;148
9175;Observe-me;1138;940;148
9176;101 dicas práticas de liderança;429;3172;653
9177;Os segredos que guardamos;451;947;159
9178;Cidade nas Trevas;293;917;159
9179;A Guerra Pela Uber;332;904;155
9180;Recursão;386;881;142
9181;Recursão;321;905;148
9182;Minha Sombria Vanessa;273;834;142
9183;Não se humilha, não;236;799;317
9184;Minha Sombria Vanessa;317;966;212
9185;M, o Filho do Século;279;927;331
9186;Os segredos que guardamos;253;1063;364
9187;Baby Shark!;424;961;169
9188;Cidade nas Trevas;356;918;150
9189;Cidade nas Trevas;320;969;149
9190;Os segredos que guardamos;257;888;152
9191;Baby Shark!;276;934;149
9192;Oblivion Song: Entre Dois Mundos;243;913;142
9193;Os segredos que guardamos;274;911;136
9194;Cidade nas Trevas;241;895;142
9195;Orçamento sem falhas;267;906;144
9196;Orçamento sem falhas;315;869;142
9197;As Horas Distantes;403;1035;294
9198;Pássaro de fogo;358;907;278
9199;Recursão;245;899;243
9200;A Guerra Pela Uber;229;896;308
9201;Trevayne;349;1082;302
9202;Baby Shark!;304;931;171
9203;Cidade nas Trevas;317;915;229
9204;Minha Sombria Vanessa;275;868;240
9205;Oblivion Song: Entre Dois Mundos;303;897;200
9206;Oblivion Song: Entre Dois Mundos;380;929;331
9207;Recursão;237;832;334
9208;Não se humilha, não;230;924;173
9209;Não se humilha, não;227;865;181
9210;Orçamento sem falhas;252;1632;156
9211;Baby Shark!;409;981;144
9212;Baby Shark!;519;863;154
9213;A Guerra Pela Uber;226;915;162
9214;Oblivion Song: Entre Dois Mundos;235;969;220
9215;Resiliência;391;1085;387
9216;Baby Shark!;443;2530;249
9217;A Guerra Pela Uber;346;989;157
9218;Não se humilha, não;301;959;162
9219;Recursão;262;978;169
9220;Baby Shark!;255;976;150
9221;Cidade nas Trevas;297;909;151
9222;Os segredos que guardamos;275;972;141
9223;Não se humilha, não;321;949;165
9224;Os segredos que guardamos;322;914;167
9225;Minha Sombria Vanessa;285;951;170
9226;Oblivion Song: Entre Dois Mundos;266;890;138
9227;O Dom Supremo;447;947;242
9228;Victoria e o Patife;374;1000;346
9229;Os Saqueadores;391;936;302
9230;Não se humilha, não;282;864;150
9231;O Relógio do Longo Agora;503;1129;300
9232;Minha Sombria Vanessa;335;873;170
9233;Oblivion Song: Entre Dois Mundos;284;984;150
9234;Mensagem oculta dos sonhos;395;1169;285
9235;Minha Sombria Vanessa;279;950;184
9236;Doce Tensão;407;1077;237
9237;Recursão;314;935;141
9238;Contos de Fadas em Quadrinhos;361;997;421
9239;Oblivion Song: Entre Dois Mundos;285;825;164
9240;Os segredos que guardamos;273;948;149
9241;Teto Para Dois;412;1022;242
9242;Oblivion Song: Entre Dois Mundos;329;895;140
9243;Recursão;311;907;134
9244;Kama Sutra;460;1023;162
9245;O Vendedor de Sonhos e a revolução dos Anônimos;484;922;152
9246;Baby Shark!;388;890;154
9247;A Guerra Pela Uber;300;880;143
9248;Recursão;395;878;149
9249;Os segredos que guardamos;341;909;149
9250;M, o Filho do Século;336;964;151
9251;A Guerra Pela Uber;358;913;155
9252;Não se humilha, não;329;906;143
9253;M, o Filho do Século;336;858;146
9254;M, o Filho do Século;295;897;165
9255;Uma noite em 67;422;923;162
9256;Os segredos que guardamos;333;922;177
9257;Recursão;366;949;170
9258;Orçamento sem falhas;378;948;167
9259;Orçamento sem falhas;385;913;151
9260;Orçamento sem falhas;393;902;163
9261;Sou péssimo em matemática;569;947;147
9262;Cidade nas Trevas;689;922;139
9263;A Ilha do Guardião da Tempestade;380;1005;157
9264;Baby Shark!;366;899;160
9265;Domado;405;1089;147
9266;Orçamento sem falhas;345;1220;162
9267;Aprendendo a Silenciar a Mente;444;1009;154
9268;Minha Sombria Vanessa;323;948;144
9269;M, o Filho do Século;351;966;152
9270;Recursão;333;975;168
9271;Cidade nas Trevas;265;875;149
9272;Orçamento sem falhas;241;858;144
9273;Oblivion Song: Entre Dois Mundos;263;876;143
9274;M, o Filho do Século;367;1790;145
9275;O Corcel Negro;349;1025;165
9276;Minha Sombria Vanessa;381;977;145
9277;Cidade nas Trevas;277;921;147
9278;Recursão;256;1033;144
9279;A Guerra Pela Uber;274;903;161
9280;Oblivion Song: Entre Dois Mundos;262;1692;153
9281;M, o Filho do Século;321;880;148
9282;Recursão;262;902;144
9283;Cidade nas Trevas;254;814;157
9284;A Guerra Pela Uber;252;773;144
9285;M, o Filho do Século;238;889;141
9286;Oblivion Song: Entre Dois Mundos;372;847;256
9287;Os segredos que guardamos;339;835;174
9288;Terças à Noite em 1980;350;921;151
9289;Baby Shark!;339;905;156
9290;Recursão;338;965;201
9291;Jack e Alice: Uma novela;578;991;231
9292;A Guerra Pela Uber;314;913;185
9293;A Guerra Pela Uber;297;905;149
9294;Irresistível Paixão;493;1042;218
9295;Não se humilha, não;549;929;148
9296;Oblivion Song: Entre Dois Mundos;533;932;147
9297;Recursão;542;956;145
9298;História bizarra da matemática;346;1079;443
9299;Recursão;271;926;196
9300;Os segredos que guardamos;275;932;160
9301;Cidade nas Trevas;298;925;150
9302;Cidade nas Trevas;320;936;180
9303;A Intérprete;262;1058;148
9304;M, o Filho do Século;260;952;142
9305;Oblivion Song: Entre Dois Mundos;306;964;143
9306;Baby Shark!;250;925;165
9307;O Segredo dos Goblins;405;939;267
9308;Como Falar em Público;407;962;241
9309;Cidade nas Trevas;276;895;157
9310;Cidade nas Trevas;320;888;155
9311;Recursão;289;994;155
9312;Beijos;402;1133;160
9313;Dança Macabra;337;1056;161
9314;Minha Sombria Vanessa;269;931;153
9315;A Guerra Pela Uber;360;880;157
9316;Minha Sombria Vanessa;348;981;158
9317;Excesso de Luz;496;1149;158
9318;Cidade nas Trevas;330;927;156
9319;Eu que Amo Tanto;404;1119;152
9320;Oblivion Song: Entre Dois Mundos;314;1146;151
9321;Os Sete Poderes;372;1115;359
9322;M, o Filho do Século;270;885;160
9323;A Bola de Neve;240;995;145
9324;Oblivion Song: Entre Dois Mundos;248;852;144
9325;Baby Shark!;294;900;165
9326;Não se humilha, não;269;876;173
9327;Não se humilha, não;271;901;159
9328;Os segredos que guardamos;241;915;169
9329;M, o Filho do Século;229;847;143
9330;Recursão;252;887;158
9331;Oblivion Song: Entre Dois Mundos;312;945;173
9332;Cidade nas Trevas;292;915;186
9333;Baby Shark!;293;947;176
9334;M, o Filho do Século;258;887;145
9335;Orçamento sem falhas;333;913;148
9336;Recursão;279;898;154
9337;Recursão;330;840;150
9338;M, o Filho do Século;241;1572;160
9339;A Visualização Criativa Pode Mudar Sua Vida;418;1031;168
9340;A Guerra Pela Uber;256;977;162
9341;Cidade nas Trevas;313;954;155
9342;Recursão;323;938;150
9343;Orçamento sem falhas;265;957;157
9344;Oblivion Song: Entre Dois Mundos;328;1751;147
9345;Oblivion Song: Entre Dois Mundos;279;888;142
9346;Os segredos que guardamos;294;967;149
9347;M, o Filho do Século;231;649;155
9348;Recursão;274;664;153
9349;Orçamento sem falhas;249;728;136
9350;Orçamento sem falhas;302;745;142
9351;Recursão;356;818;171
9352;Minha Sombria Vanessa;247;723;147
9353;M, o Filho do Século;233;634;259
9354;Cidade nas Trevas;270;677;303
9355;Não se humilha, não;284;532;166
9356;Água Viva;1123;6382;3700
9357;Oblivion Song: Entre Dois Mundos;626;722;200
9358;Não se humilha, não;315;628;152
9359;Quando Ela Se Foi;993;782;292
9360;Baby Shark!;301;790;175
9361;Baby Shark!;303;629;209
9362;Minha Sombria Vanessa;334;627;148
9363;Baby Shark!;249;782;162
9364;Baby Shark!;280;798;168
9365;Recursão;287;886;174
9366;Orçamento sem falhas;308;854;169
9367;Baby Shark!;294;962;161
9368;Baby Shark!;275;947;338
9369;M, o Filho do Século;343;887;158
9370;Minha Sombria Vanessa;241;905;188
9371;Cidade nas Trevas;261;859;197
9372;Baby Shark!;266;884;253
9373;Minha Sombria Vanessa;298;886;268
9374;Minha Sombria Vanessa;275;893;220
9375;Recursão;294;913;361
9376;Não se humilha, não;252;855;266
9377;Oblivion Song: Entre Dois Mundos;253;891;382
9378;Não se humilha, não;932;879;232
9379;Baby Shark!;324;941;349
9380;Minha Sombria Vanessa;306;1089;176
9381;Minha Sombria Vanessa;331;982;166
9382;Oblivion Song: Entre Dois Mundos;246;956;214
9383;Mude Seus Pensamentos e Transforme a Sua Vida Para Melhor;325;994;677
9384;Minha Sombria Vanessa;230;901;293
9385;Cidade nas Trevas;242;927;305
9386;Os segredos que guardamos;249;1001;234
9387;Baby Shark!;310;955;274
9388;Recursão;279;933;245
9389;Orçamento sem falhas;238;897;249
9390;A Guerra Pela Uber;253;932;226
9391;Cidade nas Trevas;264;889;243
9392;Os segredos que guardamos;306;918;308
9393;Baby Shark!;268;937;290
9394;Minha Sombria Vanessa;238;959;318
9395;A Guerra Pela Uber;249;890;252
9396;Orçamento sem falhas;289;802;214
9397;Oblivion Song: Entre Dois Mundos;282;867;163
9398;Os segredos que guardamos;287;894;182
9399;Oblivion Song: Entre Dois Mundos;233;879;349
9400;Baby Shark!;259;971;447
9401;Orçamento sem falhas;272;969;178
9402;Baby Shark!;363;1727;161
9403;Oblivion Song: Entre Dois Mundos;238;896;155
9404;M, o Filho do Século;268;943;169
9405;Orçamento sem falhas;336;919;145
9406;Cidade nas Trevas;267;971;252
9407;Os segredos que guardamos;254;888;151
9408;Baby Shark!;282;1631;152
9409;A Guerra Pela Uber;250;982;152
9410;Cidade nas Trevas;299;959;177
9411;A Guerra Pela Uber;272;953;178
9412;Cidade nas Trevas;244;912;151
9413;Os segredos que guardamos;275;956;154
9414;Orçamento sem falhas;295;892;143
9415;Baby Shark!;290;979;144
9416;Você quer ser um MILIONÁRIO?;485;1042;283
9417;O amor é como um pássaro vermelho;437;970;252
9418;M, o Filho do Século;379;966;154
9419;Oblivion Song: Entre Dois Mundos;343;953;149
9420;Minha Sombria Vanessa;378;934;155
9421;Cidade nas Trevas;298;988;152
9422;A Guerra Pela Uber;655;905;153
9423;Cidade nas Trevas;445;877;143
9424;A Garota do Calendário - Dezembro;479;1212;245
9425;Oblivion Song: Entre Dois Mundos;265;940;146
9426;Oblivion Song: Entre Dois Mundos;234;944;201
9427;M, o Filho do Século;294;1083;230
9428;Volta Para Mim;377;1092;470
9429;A dança da água;354;1008;290
9430;Sussurro;491;1086;296
9431;Cidade nas Trevas;292;928;252
9432;Gog Magog;311;1059;262
9433;Os 100 Segredos das Pessoas de Sucesso;404;966;349
9434;Orçamento sem falhas;247;966;238
9435;Oblivion Song: Entre Dois Mundos;243;841;218
9436;Orçamento sem falhas;323;905;218
9437;Recursão;247;938;233
9438;M, o Filho do Século;238;908;165
9439;Baby Shark!;279;904;164
9440;Filhos Selvagens;413;964;338
9441;Gritos no silêncio;370;961;251
9442;M, o Filho do Século;304;893;142
9443;Baby Shark!;301;956;154
9444;M, o Filho do Século;420;991;235
9445;Baby Shark!;393;883;171
9446;Orçamento sem falhas;348;933;171
9447;A Guerra Pela Uber;327;882;222
9448;Orçamento sem falhas;331;949;163
9449;Não se humilha, não;257;883;145
9450;A Guerra Pela Uber;354;952;147
9451;Procurando Gobi;462;995;400
9452;Baby Shark!;277;901;162
9453;M, o Filho do Século;290;899;146
9454;Orçamento sem falhas;249;959;216
9455;Os segredos que guardamos;366;834;239
9456;Baby Shark!;394;935;217
9457;Os segredos que guardamos;324;951;265
9458;A Guerra Pela Uber;274;982;322
9459;Minha Sombria Vanessa;397;962;246
9460;Deixa eu te contar uma história...;398;1032;498
9461;Cidade nas Trevas;301;913;254
9462;Não se humilha, não;261;928;289
9463;Feitiço da Sombra;329;1097;349
9464;Cidade nas Trevas;241;938;268
9465;Os segredos que guardamos;247;908;365
9466;M, o Filho do Século;241;1681;237
9467;Orçamento sem falhas;252;947;306
9468;Oblivion Song: Entre Dois Mundos;247;938;216
9469;Baby Shark!;256;966;314
9470;Orçamento sem falhas;268;925;254
9471;Baby Shark!;259;1001;346
9472;Uma Dor Tão Doce;247;2289;417
9473;Oblivion Song: Entre Dois Mundos;253;906;293
9474;How Innovation Works;249;1056;317
9475;Cidade nas Trevas;250;943;229
9476;Os segredos que guardamos;251;943;287
9477;Não se humilha, não;246;903;290
9478;Os segredos que guardamos;256;953;269
9479;Cidade nas Trevas;259;926;290
9480;Orçamento sem falhas;241;930;206
9481;Baby Shark!;261;967;302
9482;Os segredos que guardamos;251;978;421
9483;O império da necessidade;241;1042;419
9484;Os segredos que guardamos;241;997;302
9485;Orçamento sem falhas;253;933;285
9486;Coco Chanel;256;1092;360
9487;O Arco-Íris de Feynman;333;1113;418
9488;Os segredos que guardamos;247;837;376
9489;Recursão;254;974;400
9490;Recursão;249;924;262
9491;Recursão;247;948;350
9492;O último suspiro;249;1004;350
9493;Os segredos que guardamos;239;933;355
9494;Cidade nas Trevas;254;967;217
9495;O nariz do morto;361;1051;352
9496;Recursão;260;1017;215
9497;Batman: Criaturas da Noite;271;979;445
9498;Os segredos que guardamos;256;959;235
9499;Recursão;360;1013;236
9500;A Guerra Pela Uber;252;891;350
9501;Baby Shark!;259;982;362
9502;Orçamento sem falhas;242;916;199
9503;Os segredos que guardamos;241;979;175
9504;O Associado;358;1031;274
9505;Minha Sombria Vanessa;252;934;147
9506;Não se humilha, não;246;915;144
9507;Oblivion Song: Entre Dois Mundos;248;954;154
9508;Recursão;255;962;168
9509;Oblivion Song: Entre Dois Mundos;253;912;186
9510;Cidade nas Trevas;243;945;176
9511;Recursão;259;982;170
9512;Não se humilha, não;255;889;187
9513;Este é meu Credo;256;1117;304
9514;Minha Sombria Vanessa;329;1034;161
9515;Recursão;266;889;166
9516;M, o Filho do Século;246;786;164
9517;Os segredos que guardamos;254;918;177
9518;Minha Sombria Vanessa;252;980;165
9519;Os segredos que guardamos;249;955;199
9520;Minha Sombria Vanessa;250;956;175
9521;Minha Sombria Vanessa;244;1079;255
9522;Cidade nas Trevas;243;921;220
9523;Recursão;260;998;329
9524;Oblivion Song: Entre Dois Mundos;244;794;400
9525;Minha Sombria Vanessa;249;880;159
9526;Cidade nas Trevas;248;918;169
9527;A Guerra Pela Uber;251;882;168
9528;Cidade nas Trevas;245;959;174
9529;Recursão;256;879;167
9530;Minha Sombria Vanessa;253;1472;205
9531;Minha Sombria Vanessa;250;995;161
9532;Baby Shark!;249;1049;159
9533;Unidade;272;1080;288
9534;Não se humilha, não;245;825;193
9535;A Guerra Pela Uber;246;947;208
9536;Recursão;260;1779;207
9537;Cidade nas Trevas;242;919;203
9538;Os segredos que guardamos;246;922;207
9539;Minha Sombria Vanessa;250;943;202
9540;O Sobrinho de Wittgenstein;482;1036;384
9541;A Guerra Pela Uber;245;924;164
9542;Os segredos que guardamos;240;914;169
9543;Orçamento sem falhas;246;919;159
9544;M, o Filho do Século;248;921;145
9545;Estilhaça-me;268;1020;286
9546;Cidade nas Trevas;257;924;212
9547;Os segredos que guardamos;244;970;205
9548;Oblivion Song: Entre Dois Mundos;248;923;227
9549;Orçamento sem falhas;246;983;205
9550;Vamos Lidar Com a Raiva;354;1035;281
9551;Antologia do Retrato;363;992;314
9552;Oblivion Song: Entre Dois Mundos;251;895;204
9553;Não se humilha, não;244;895;211
9554;M, o Filho do Século;247;876;247
9555;Não se humilha, não;247;1016;148
9556;A Guerra Pela Uber;250;904;174
9557;A Guerra Pela Uber;255;854;161
9558;Recursão;257;805;172
9559;Os Irmãos Tapper Detonam Nova York;269;996;291
9560;Livro Zero;259;997;271
9561;M, o Filho do Século;247;881;267
9562;ARCO DE TRIUNFO;246;946;182
9563;Os segredos que guardamos;245;817;169
9564;Baby Shark!;730;911;149
9565;M, o Filho do Século;247;862;163
9566;A Guerra Pela Uber;253;1001;159
9567;Cidade nas Trevas;254;844;191
9568;Os segredos que guardamos;251;990;222
9569;Baby Shark!;255;896;215
9570;Gravity Falls : Aventuras em Dobro;251;1042;193
9571;Minha Sombria Vanessa;247;940;159
9572;Cidade nas Trevas;248;814;191
9573;Baby Shark!;250;927;203
9574;Não se humilha, não;242;809;196
9575;Cidade nas Trevas;252;1068;201
9576;Orçamento sem falhas;247;889;202
9577;Baby Shark!;250;1266;196
9578;Baby Shark!;257;991;233
9579;M, o Filho do Século;248;867;230
9580;Oblivion Song: Entre Dois Mundos;250;975;196
9581;Orçamento sem falhas;244;943;214
9582;Cidade nas Trevas;248;923;203
9583;Baby Shark!;1097;912;206
9584;Se Você Gostou da Escola, Vai Adorar Trabalhar;727;1096;314
9585;Lado Profundo Da Vida, O - Como Enfrentar E Superar As Crises Pessoais;340;1022;326
9586;Recursão;260;980;232
9587;A Guerra Pela Uber;255;899;248
9588;Cidade nas Trevas;247;854;226
9589;A Arte do Jogo;354;1033;221
9590;Felicidade;397;980;364
9591;M, o Filho do Século;255;918;207
9592;Princesa Sob os Refletores;242;1011;267
9593;emoção para valer;339;1069;212
9594;Oblivion Song: Entre Dois Mundos;240;1543;219
9595;Orçamento sem falhas;245;1469;195
9596;A Guerra Pela Uber;259;875;214
9597;M, o Filho do Século;252;1538;208
9598;M, o Filho do Século;252;847;200
9599;Razões para bater num sujeito de óculos;353;1101;209
9600;Orçamento sem falhas;252;1620;201
9601;Não se humilha, não;254;957;197
9602;Minha Sombria Vanessa;247;876;224
9603;Minha Sombria Vanessa;245;927;209
9604;Recursão;279;1036;199
9605;Baby Shark!;263;1103;221
9606;Não se humilha, não;269;921;225
9607;Não se humilha, não;256;994;197
9608;A Guerra Pela Uber;248;1006;206
9609;Em caso de felicidade;257;1304;196
9610;Os segredos que guardamos;252;846;193
9611;A Casa em Chamas;342;1213;283
9612;A Guerra Pela Uber;248;834;195
9613;Os segredos que guardamos;254;896;194
9614;M, o Filho do Século;269;955;199
9615;Serpente encantadora;368;1076;217
9616;Recursão;288;956;195
9617;O Livro do Perdão;280;1190;217
9618;Novo Kama Sutra Ilustrado;514;1089;204
9619;Baby Shark!;263;1094;218
9620;A Guerra Pela Uber;259;921;202
9621;Os Radley;250;1076;211
9622;A Guerra Pela Uber;265;907;219
9623;Recursão;276;914;203
9624;Sob as Cinzas de Stalingrado;280;990;210
9625;Orçamento sem falhas;262;948;203
9626;Mundos roubados;252;1235;213
9627;Café da Manhã com Sócrates;265;827;217
9628;M, o Filho do Século;249;857;214
9629;Oblivion Song: Entre Dois Mundos;260;1008;159
9630;Desastre Iminente;330;1138;250
9631;Não se humilha, não;259;1049;143
9632;Oblivion Song: Entre Dois Mundos;250;853;142
9633;Recursão;258;931;142
9634;A Guerra Pela Uber;250;858;170
9635;A Guerra Pela Uber;254;947;160
9636;M, o Filho do Século;255;982;146
9637;Baby Shark!;268;1181;152
9638;Cidade nas Trevas;250;855;144
9639;Oblivion Song: Entre Dois Mundos;247;829;147
9640;Não se humilha, não;248;959;147
9641;Minha Sombria Vanessa;253;865;203
9642;Filhos do Universo;255;1143;196
9643;Os segredos que guardamos;426;961;157
9644;Não se humilha, não;244;895;198
9645;Não se humilha, não;254;963;168
9646;A Guerra Pela Uber;244;915;140
9647;Os segredos que guardamos;253;987;149
9648;Os segredos que guardamos;257;944;144
9649;Orçamento sem falhas;250;802;137
9650;Oblivion Song: Entre Dois Mundos;243;1006;139
9651;Ao seu lado;255;985;256
9652;Não se humilha, não;251;861;145
9653;M, o Filho do Século;250;1094;141
9654;A Guerra Pela Uber;246;888;153
9655;Orçamento sem falhas;249;1019;134
9656;Baby Shark!;266;1220;159
9657;Orçamento sem falhas;256;948;155
9658;Orçamento sem falhas;257;1496;156
9659;Minha Sombria Vanessa;243;953;149
9660;Baby Shark!;268;1024;158
9661;Tatuagem;259;985;223
9662;Minha Sombria Vanessa;247;874;163
9663;Os segredos que guardamos;245;936;143
9664;Orçamento sem falhas;247;1788;151
9665;As Aventuras de Abdi;410;939;369
9666;A Guerra Pela Uber;248;903;175
9667;A Guerra Pela Uber;254;890;327
9668;Recursão;263;909;145
9669;Orçamento sem falhas;247;885;154
9670;Minha Sombria Vanessa;249;896;159
9671;Oblivion Song: Entre Dois Mundos;247;894;151
9672;Baby Shark!;256;917;158
9673;Baby Shark!;249;977;164
9674;Baby Shark!;254;938;145
9675;M, o Filho do Século;240;873;143
9676;Recursão;264;905;147
9677;Cidade nas Trevas;250;959;146
9678;Não se humilha, não;248;928;138
9679;Cidade nas Trevas;252;902;158
9680;Orçamento sem falhas;259;905;142
9681;Recursão;266;890;154
9682;Não se humilha, não;248;911;145
9683;Minha Sombria Vanessa;246;978;140
9684;Não se humilha, não;247;933;171
9685;Não se humilha, não;245;960;143
9686;Cidade nas Trevas;253;923;169
9687;M, o Filho do Século;269;867;176
9688;Orçamento sem falhas;255;1265;210
9689;Orçamento sem falhas;249;837;182
9690;M, o Filho do Século;245;881;146
9691;Orçamento sem falhas;248;890;147
9692;Baby Shark!;259;893;162
9693;Cidade nas Trevas;251;890;158
9694;Não se humilha, não;244;907;146
9695;SEGREDOS DE AMOR, NAMORO E PAIXÃO (VOL. 3);388;1002;259
9696;Os segredos que guardamos;249;875;162
9697;Recursão;260;927;147
9698;Minha Sombria Vanessa;248;882;158
9699;A Guerra Pela Uber;249;879;175
9700;Oblivion Song: Entre Dois Mundos;246;916;149
9701;Assassin's Creed: Barba Negra - O Diário Perdido;350;993;248
9702;Baby Shark!;262;950;150
9703;Minha Sombria Vanessa;240;895;150
9704;Recursão;256;939;140
9705;Cidade nas Trevas;247;881;182
9706;Orçamento sem falhas;242;893;291
9707;M, o Filho do Século;256;834;223
9708;Oblivion Song: Entre Dois Mundos;251;855;154
9709;Sem Fôlego;257;971;355
9710;M, o Filho do Século;242;900;227
9711;Baby Shark!;263;883;253
9712;A Guerra Pela Uber;251;906;227
9713;Baby Shark!;255;890;250
9714;Não se humilha, não;241;839;241
9715;Recursão;276;888;227
9716;Não se humilha, não;247;890;224
9717;Cidade nas Trevas;257;941;233
9718;Minha Sombria Vanessa;245;893;200
9719;Orçamento sem falhas;250;892;228
9720;o português do dia-a-dia;479;4092;511
9721;Oblivion Song: Entre Dois Mundos;326;1166;228
9722;Minha Sombria Vanessa;258;1751;240
9723;Não se humilha, não;246;930;227
9724;Baby Shark!;265;959;211
9725;Os segredos que guardamos;257;918;219
9726;Orçamento sem falhas;245;877;226
9727;Os segredos que guardamos;249;902;236
9728;A Guerra Pela Uber;256;1627;209
9729;Os segredos que guardamos;242;896;227
9730;Baby Shark!;255;921;223
9731;5O ideias de ética que você precisa conhecer;359;5389;741
9732;Orçamento sem falhas;377;955;270
9733;Não se humilha, não;258;905;228
9734;Recursão;250;929;244
9735;Não se humilha, não;251;903;223
9736;Não se humilha, não;249;918;231
9737;Google - A História do Negócio de Mídia de Maior Sucesso dos Nossos Tempos;350;1027;295
9738;A Vingança Está Na Moda;250;976;305
9739;Oblivion Song: Entre Dois Mundos;255;941;217
9740;Os segredos que guardamos;257;912;197
9741;Minha Sombria Vanessa;245;896;233
9742;Orçamento sem falhas;252;877;206
9743;Os segredos que guardamos;248;916;235
9744;A Guerra Pela Uber;242;911;212
9745;Baby Shark!;256;966;192
9746;M, o Filho do Século;251;949;210
9747;Recursão;266;927;212
9748;Os segredos que guardamos;250;912;212
9749;M, o Filho do Século;251;861;225
9750;Orçamento sem falhas;251;898;222
9751;Cidade nas Trevas;250;917;240
9752;Trevas;276;1121;297
9753;Baby Shark!;251;938;214
9754;Recursão;249;1218;195
9755;Baby Shark!;247;950;220
9756;Lisbela e o Prisioneiro;538;985;439
9757;Não se humilha, não;252;924;214
9758;Orçamento sem falhas;247;905;204
9759;Baby Shark!;250;882;206
9760;Orçamento sem falhas;250;873;219
9761;Oblivion Song: Entre Dois Mundos;246;818;215
9762;Os segredos que guardamos;246;904;230
9763;Os segredos que guardamos;243;1002;222
9764;Como se tornar mais organizado e produtivo;244;1102;321
9765;Cidade nas Trevas;251;1009;209
9766;Baby Shark!;274;1067;204
9767;Devoradores de Mortos;762;1094;317
9768;Cidade nas Trevas;267;849;237
9769;Baby Shark!;274;877;216
9770;Brincando de Folclore;242;1036;293
9771;Meninos, Eu Conto;254;805;342
9772;Gostos adquiridos;343;711;349
9773;M, o Filho do Século;248;608;210
9774;Os segredos que guardamos;242;627;227
9775;Oblivion Song: Entre Dois Mundos;446;614;220
9776;Não se humilha, não;336;621;230
9777;Minha Sombria Vanessa;251;711;227
9778;Minha Sombria Vanessa;254;617;226
9779;Recursão;270;629;228
9780;Oblivion Song: Entre Dois Mundos;255;609;208
9781;Não se humilha, não;247;624;198
9782;Recursão;247;631;199
9783;O Ladrão de Raios;249;705;312
9784;Recursão;259;616;214
9785;Recursão;258;610;219
9786;Minha Sombria Vanessa;791;1195;307
9787;Xógum;297;981;312
9788;A Guerra Pela Uber;267;870;213
9789;A Guerra Pela Uber;255;737;219
9790;A Guerra Pela Uber;251;670;227
9791;Oblivion Song: Entre Dois Mundos;261;564;220
9792;Recursão;333;1402;207
9793;Baby Shark!;351;884;218
9794;Não se humilha, não;256;775;214
9795;A Guerra Pela Uber;257;812;217
9796;Oblivion Song: Entre Dois Mundos;380;717;212
9797;Oblivion Song: Entre Dois Mundos;375;677;208
9798;Recursão;320;969;218
9799;M, o Filho do Século;530;859;203
9800;Orçamento sem falhas;242;863;205
9801;Orçamento sem falhas;341;939;254
9802;Oblivion Song: Entre Dois Mundos;341;887;232
9803;Não se humilha, não;406;819;240
9804;O Processo;363;959;220
9805;Os segredos que guardamos;316;857;223
9806;Os segredos que guardamos;458;905;226
9807;Oblivion Song: Entre Dois Mundos;332;939;217
9808;Orçamento sem falhas;351;875;218
9809;Recursão;373;868;221
9810;A Verdade É uma Caverna nas Montanhas Negras;541;928;332
9811;Sr. Holmes;538;984;302
9812;Recursão;387;899;227
9813;Os segredos que guardamos;379;888;211
9814;M, o Filho do Século;381;874;214
9815;O Amor Companheiro;502;949;281
9816;Baby Shark!;395;874;246
9817;Vejo Vocês em Breve;461;970;285
9818;Ser feliz;507;971;305
9819;A coragem de ser você mesmo;453;1351;317
9820;Baby Shark!;385;876;209
9821;A Guerra Pela Uber;391;870;218
9822;A Guerra Pela Uber;379;858;222
9823;Recursão;380;909;214
9824;Beauvoir apaixonada;526;975;306
9825;M, o Filho do Século;365;917;218
9826;Não se humilha, não;382;849;208
9827;Recursão;400;903;203
9828;Star Wars e a Filosofia;570;939;307
9829;Cidade nas Trevas;385;817;224
9830;International Guy: Madri;465;1005;314
9831;Minha Sombria Vanessa;373;911;228
9832;Cidade nas Trevas;353;868;236
9833;Oblivion Song: Entre Dois Mundos;368;913;219
9834;Oblivion Song: Entre Dois Mundos;353;882;217
9835;Recursão;387;947;231
9836;Muitas Vidas, Muitos Mestres;475;991;338
9837;Orçamento sem falhas;377;888;245
9838;Não se humilha, não;336;915;230
9839;A Guerra Pela Uber;366;763;228
9840;Não se humilha, não;402;892;219
9841;Cidade nas Trevas;395;874;227
9842;Trabalhar No Paraíso Pode Ser Um Inferno;461;1044;322
9843;Os segredos que guardamos;386;964;220
9844;Lead;555;1085;408
9845;Recursão;286;1047;221
9846;Recursão;457;895;211
9847;A Guerra Pela Uber;268;945;227
9848;A flor do Taiti;545;992;290
9849;De Bem com a Vida;426;1003;318
9850;Oblivion Song: Entre Dois Mundos;347;1997;220
9851;Oblivion Song: Entre Dois Mundos;368;883;216
9852;A Guerra Pela Uber;386;878;219
9853;Cidade nas Trevas;328;790;210
9854;A Guerra Pela Uber;377;815;220
9855;Oblivion Song: Entre Dois Mundos;412;824;216
9856;Planeta/Livros;441;1971;305
9857;Todos os Santos Malditos;389;1251;301
9858;Orçamento sem falhas;315;870;227
9859;Minha Sombria Vanessa;308;1008;222
9860;Oblivion Song: Entre Dois Mundos;383;994;212
9861;Recursão;372;895;237
9862;Minha Sombria Vanessa;375;935;226
9863;Oblivion Song: Entre Dois Mundos;376;909;231
9864;Oblivion Song: Entre Dois Mundos;376;884;226
9865;M, o Filho do Século;319;919;238
9866;Os segredos que guardamos;385;936;240
9867;Orçamento sem falhas;345;964;201
9868;Recursão;671;1319;223
9869;Como combater a fúria de um dragão;634;914;300
9870;M, o Filho do Século;264;944;224
9871;Oblivion Song: Entre Dois Mundos;368;875;218
9872;Minha Sombria Vanessa;1277;857;225
9873;Recursão;430;982;199
9874;Orçamento sem falhas;501;923;218
9875;Oblivion Song: Entre Dois Mundos;399;874;208
9876;Orçamento sem falhas;435;930;215
9877;Cidade nas Trevas;312;1013;195
9878;Orçamento sem falhas;482;886;240
9879;Principe da Pérsia;539;943;364
9880;Recursão;373;844;223
9881;Minha Vida Agora;570;932;338
9882;Baby Shark!;327;916;228
9883;A Guerra Pela Uber;503;824;187
9884;M, o Filho do Século;313;1050;173
9885;AS 35 REGRAS PARA CONQUISTAR O HOMEM PERFEITO;429;1022;397
9886;Oblivion Song: Entre Dois Mundos;311;875;243
9887;Cidade nas Trevas;350;797;200
9888;Oblivion Song: Entre Dois Mundos;360;938;222
9889;Oblivion Song: Entre Dois Mundos;372;1022;209
9890;Orçamento sem falhas;384;868;215
9891;M, o Filho do Século;366;810;170
9892;Oblivion Song: Entre Dois Mundos;380;841;196
9893;Os segredos que guardamos;330;977;215
9894;M, o Filho do Século;376;955;181
9895;Não se humilha, não;373;941;195
9896;Baby Shark!;330;966;236
9897;Não se humilha, não;305;1004;197
9898;As Suplicantes, Os Persas, Os Sete Contra Tebas;485;1064;321
9899;Não se humilha, não;367;791;192
9900;Minha Sombria Vanessa;380;927;208
9901;M, o Filho do Século;408;936;186
9902;Baby Shark!;397;1019;173
9903;Minha Sombria Vanessa;419;964;212
9904;Como lidar com clientes difíceis;477;987;332
9905;A Guerra Pela Uber;284;950;203
9906;Oblivion Song: Entre Dois Mundos;393;909;175
9907;ABC do Amor;444;1057;281
9908;O Dia em que Nate Entrou Para a História;449;1032;293
9909;Recursão;405;959;234
9910;Orçamento sem falhas;351;941;249
9911;Orçamento sem falhas;377;1013;184
9912;Cidade nas Trevas;397;1070;179
9913;Baby Shark!;425;979;201
9914;M, o Filho do Século;410;1784;209
9915;Não se humilha, não;322;1105;184
9916;Os segredos que guardamos;397;858;186
9917;Os segredos que guardamos;393;854;190
9918;Minha Sombria Vanessa;432;865;203
9919;Não se humilha, não;440;895;231
9920;M, o Filho do Século;397;1776;204
9921;Orçamento sem falhas;378;985;188
9922;Orçamento sem falhas;386;711;180
9923;M, o Filho do Século;327;895;936
9924;Gossip Girl : Eu Não Mentiria Pra Você;493;1036;459
9925;Baby Shark!;382;936;200
9926;Orçamento sem falhas;351;892;261
9927;A Guerra Pela Uber;380;857;232
9928;Baby Shark!;411;936;270
9929;Cidade nas Trevas;371;936;229
9930;Cinquenta Tons de Liberdade - O Capítulo Final;516;1052;267
9931;Cidade nas Trevas;438;892;199
9932;Torquato Neto - Torquatalia 2, Geleia Geral;489;971;360
9933;Recursão;314;851;189
9934;Cidade nas Trevas;429;916;195
9935;O Soldado;388;1013;249
9936;Músicas & Musas;620;940;258
9937;Os segredos que guardamos;395;821;166
9938;A Guerra Pela Uber;355;851;181
9939;Jesus, o Maior Psicólogo Que Já Existiu;476;1049;371
9940;Orçamento sem falhas;351;914;221
9941;Cidade nas Trevas;389;1097;211
9942;Orçamento sem falhas;354;836;29685
9943;Egitomania: o fascinante mundo do antigo Egito, vol. 30;431;964;1457
9944;Não se humilha, não;429;818;332
9945;A Guerra Pela Uber;356;1149;300
9946;Minha Sombria Vanessa;405;859;267
9947;Baby Shark!;313;900;684
9948;Um cartão;473;945;295
9949;Não se humilha, não;386;858;215
9950;A Relíquia;478;1071;352
9951;Cidade nas Trevas;348;900;250
9952;Não se humilha, não;383;887;204
9953;Os segredos que guardamos;274;1050;224
9954;Não se humilha, não;339;916;172
9955;A Guerra Pela Uber;341;932;209
9956;Minha mãe tem um filho hiperativo;500;935;281
9957;Não se humilha, não;289;906;171
9958;Oblivion Song: Entre Dois Mundos;350;874;161
9959;A Guerra Pela Uber;354;926;191
9960;Orçamento sem falhas;379;872;162
9961;A Guerra Pela Uber;299;848;220
9962;Os segredos que guardamos;322;826;218
9963;Não se humilha, não;319;910;204
9964;Baby Shark!;405;906;238
9965;Não se humilha, não;312;916;247
9966;Oblivion Song: Entre Dois Mundos;384;903;237
9967;Minha Sombria Vanessa;530;898;260
9968;Os Filhos da Tempestade;547;922;316
9969;Orçamento sem falhas;415;873;243
9970;Oblivion Song: Entre Dois Mundos;360;868;244
9971;A Maldição de Malévola;426;964;290
9972;Como cuidar do seu dinheiro;1224;1002;284
9973;Orçamento sem falhas;405;857;179
9974;Os segredos que guardamos;381;853;300
9975;A vida secreta do Sena;442;981;180
9976;Os segredos que guardamos;370;910;251
9977;M, o Filho do Século;361;876;215
9978;Oblivion Song: Entre Dois Mundos;363;1376;320
9979;Minha Sentença é Você;484;1067;198
9980;Orçamento sem falhas;367;904;217
9981;Os segredos que guardamos;387;886;214
9982;Os segredos que guardamos;615;869;251
9983;Minha Sombria Vanessa;382;865;195
9984;A Guerra Pela Uber;374;1724;200
9985;A Caixa de Midas;470;1024;284
9986;Faça do coaching um hábito;545;1001;209
9987;Recursão;409;897;240
9988;O Homem de São Petersburgo;497;958;207
9989;Baby Shark!;485;916;215
9990;Cidade nas Trevas;392;820;260
9991;Tarso de Castro;1661;978;218
9992;Baby Shark!;431;894;226
9993;Por Mais Um Dia;560;986;230
9994;Orçamento sem falhas;367;892;228
9995;Cidade nas Trevas;396;821;205
9996;Cidade nas Trevas;398;898;193
9997;Baby Shark!;340;899;190
9998;Cidade nas Trevas;309;869;207
9999;Os segredos que guardamos;356;898;240
10000;A Guerra Pela Uber;374;891;198
